walltime(s),cputime(s),systime(s),usertime(s),memory(GB)
2261.135668992996,2261.1568479999996,15.11111,2246.045738,1.6079330444335938
