walltime(s),cputime(s),systime(s),usertime(s),memory(GB)
1728.473147392273,1728.495565,6.698151,1721.797414,1.4288253784179688
1706.4205691814423,1706.4427940000003,3.1919150000000007,1703.2508790000002,1.4290084838867188
