walltime(s),cputime(s),systime(s),usertime(s),memory(GB)
490.0614936351776,490.05000500000006,1.851037,488.19896800000004,0.5853385925292969
472.62225437164307,472.612166,0.7437889999999996,471.868377,0.5853385925292969
483.597708940506,483.58702500000004,0.46388300000000005,483.12314200000003,0.5853385925292969
483.95070123672485,483.9399880000001,0.23193300000000017,483.70805500000006,0.5853385925292969
483.53482246398926,483.5242960000003,0.11594900000000008,483.4083470000003,0.5853385925292969
484.3074231147766,484.296172,0.0919629999999998,484.204209,0.5853385925292969
483.1640110015869,483.1534279999998,0.09197500000000058,483.0614529999998,0.5853385925292969
