walltime(s),cputime(s),systime(s),usertime(s),memory(GB)
1276.3968460559845,1276.122188,26.609987,1249.512201,21.784473419189453
1315.079053401947,1314.7072900000003,13.911293,1300.7959970000002,21.982357025146484
