walltime(s),cputime(s),systime(s),usertime(s),memory(GB)
225.07245659828186,225.06681600000002,3.2415990000000003,221.825217,4.151226043701172
235.82515811920166,235.82151000000002,1.2034369999999992,234.618073,4.183574676513672
236.66565322875977,236.662097,1.1837920000000004,235.47830499999998,4.1840667724609375
237.0228054523468,237.01922899999997,1.2239209999999998,235.79530799999998,4.1840667724609375
237.18189787864685,237.17840600000002,1.1639109999999997,236.014495,4.1840667724609375
237.8572645187378,237.85373900000008,1.1799549999999996,236.67378400000007,4.1840667724609375
237.85294246673584,237.84941600000008,1.135961,236.71345500000007,4.185035705566406
237.89812302589417,237.89464700000005,1.1799689999999998,236.71467800000005,4.185352325439453
238.04556274414062,238.0420719999999,1.1759500000000003,236.8661219999999,4.185352325439453
238.11731219291687,238.1137619999997,1.315957000000001,236.7978049999997,4.185386657714844
236.17627239227295,236.17280400000007,1.2199730000000013,234.95283100000006,4.185428619384766
239.31846284866333,239.31493599999982,1.1959879999999998,238.11894799999982,4.185428619384766
237.87741327285767,237.87391800000026,1.243981999999999,236.62993600000027,4.185428619384766
236.61094570159912,236.60746999999986,1.2119679999999988,235.39550199999985,4.185428619384766
239.6067759990692,239.60313400000024,1.1599660000000007,238.44316800000024,4.185428619384766
