walltime(s),cputime(s),systime(s),usertime(s),memory(GB)
472.3043177127838,472.240372,10.707526000000001,461.532846,8.430950164794922
476.986900806427,476.85226500000005,3.227824,473.62444100000005,8.503612518310547
476.72139167785645,476.5870189999999,3.132192999999999,473.4548259999999,8.504531860351562
482.88843846321106,482.751649,3.0599539999999976,479.691695,8.504531860351562
482.2981035709381,482.16342800000007,3.1358630000000005,479.0275650000001,8.504753112792969
483.2671413421631,483.131394,3.167586,479.963808,8.504753112792969
483.6323516368866,483.49578900000034,3.131921000000002,480.36386800000037,8.504753112792969
