walltime(s),cputime(s),systime(s),usertime(s),memory(GB)
1596.3026008605957,1595.956781,52.849842,1543.106939,25.61007308959961
1633.6967651844025,1633.696622,22.817477999999994,1610.879144,25.84334945678711
