walltime(s),cputime(s),systime(s),usertime(s),memory(GB)
3457.2056555747986,3457.2090839999996,7.742279999999999,3449.4668039999997,2.4413604736328125
