walltime(s),cputime(s),systime(s),usertime(s),memory(GB)
971.5730202198029,971.572761,1.92647,969.646291,1.0027885437011719
956.6127293109894,956.6148820000001,0.9199260000000002,955.694956,1.0027885437011719
957.9310624599457,957.9332589999999,0.46795600000000004,957.465303,1.0027885437011719
