walltime(s),cputime(s),systime(s),usertime(s),memory(GB)
3469.358241558075,3469.362983,4.680153,3464.68283,2.4023208618164062
