walltime(s),cputime(s),systime(s),usertime(s),memory(GB)
1326.2011609077454,1326.06126,29.286999,1296.774261,21.643695831298828
1362.7031316757202,1362.691109,15.727017,1346.9640920000002,21.840465545654297
