walltime(s),cputime(s),systime(s),usertime(s),memory(GB)
1540.9813358783722,1540.735064,6.173631,1534.561433,1.1996994018554688
1536.7145149707794,1536.4625919999999,4.988010999999999,1531.474581,1.1998176574707031
