walltime(s),cputime(s),systime(s),usertime(s),memory(GB)
730.7265079021454,730.646947,16.438971000000002,714.2079759999999,12.808586120605469
731.3836359977722,731.373069,6.424304999999997,724.948764,12.922107696533203
738.6336553096771,738.6233279999999,6.195997000000002,732.4273309999999,12.9227294921875
738.5987784862518,738.5883700000004,6.331951999999998,732.2564180000004,12.922771453857422
