walltime(s),cputime(s),systime(s),usertime(s),memory(GB)
1871.2335302829742,1871.233733,2.5103530000000003,1868.7233800000001,1.5119819641113281
