walltime(s),cputime(s),systime(s),usertime(s),memory(GB)
273.90839743614197,273.890315,6.8339620000000005,267.056353,5.036491394042969
278.1543996334076,278.15015600000004,1.839872999999999,276.310283,5.077033996582031
277.27176332473755,277.267772,1.7039160000000013,275.563856,5.0777130126953125
279.65878200531006,279.65477999999996,1.615945,278.03883499999995,5.0777130126953125
281.42746114730835,281.42345600000016,1.743983,279.67947300000014,5.078342437744141
279.8410737514496,279.8370609999999,1.7159359999999992,278.1211249999999,5.078342437744141
278.1108546257019,278.106915,1.6599609999999991,276.446954,5.07843017578125
281.5854482650757,281.5814349999999,1.6239500000000007,279.9574849999999,5.078952789306641
280.3089327812195,280.3049640000001,1.647948000000003,278.6570160000001,5.0791168212890625
279.99176573753357,279.98781999999966,1.6879719999999985,278.29984799999966,5.0791168212890625
278.31226420402527,278.308261,1.627960999999999,276.6803,5.0791168212890625
280.0115692615509,280.0076040000001,1.5879720000000006,278.4196320000001,5.0791168212890625
