walltime(s),cputime(s),systime(s),usertime(s),memory(GB)
204.50603890419006,204.50296699999998,3.502262,201.00070499999998,3.7508087158203125
208.96141481399536,208.89885900000002,4.240060999999999,204.65879800000002,3.779560089111328
211.10012936592102,211.03523300000003,1.503406,209.53182700000002,3.7800369262695312
208.5717499256134,208.529973,1.527683999999999,207.00228900000002,3.7801551818847656
213.48077583312988,213.41767400000003,3.0001770000000008,210.41749700000003,3.7801551818847656
214.32208013534546,214.25664199999983,4.411874999999998,209.84476699999982,3.7801551818847656
216.7316234111786,216.72689800000012,2.0399369999999983,214.6869610000001,3.7801551818847656
212.93887972831726,212.93687700000004,1.1478949999999983,211.78898200000003,3.7801551818847656
215.39639520645142,215.39488600000016,1.0799219999999998,214.31496400000015,3.7801551818847656
215.96199893951416,215.95944400000025,1.0839079999999974,214.87553600000024,3.7810440063476562
215.2801492214203,215.27802599999956,1.0519469999999984,214.22607899999957,3.781147003173828
215.83842182159424,215.83699799999988,1.175930000000001,214.6610679999999,3.7811622619628906
215.80368494987488,215.80159100000006,1.3039590000000025,214.49763200000007,3.7811622619628906
213.24409818649292,213.24185000000006,1.2199489999999997,212.02190100000007,3.7811622619628906
215.67570805549622,215.67278500000006,1.1199469999999998,214.55283800000007,3.7811622619628906
215.78824877738953,215.78646099999997,1.1159750000000024,214.67048599999998,3.7811622619628906
