walltime(s),cputime(s),systime(s),usertime(s),memory(GB)
567.8949255943298,567.9019380000001,0.8235110000000001,567.078427,0.7113800048828125
559.5202581882477,559.527588,0.27199799999999996,559.25559,0.7113800048828125
559.7378599643707,559.7451120000001,0.13199699999999992,559.6131150000001,0.7113800048828125
560.8995213508606,560.9067420000001,0.10800299999999985,560.7987390000001,0.7113800048828125
559.2447793483734,559.2517959999997,0.11199800000000026,559.1397979999997,0.7113800048828125
559.4001650810242,559.40765,0.10800100000000024,559.299649,0.7113800048828125
