walltime(s),cputime(s),systime(s),usertime(s),memory(GB)
133.7267656326294,133.72602500000002,1.878049,131.84797600000002,2.6463546752929688
150.2805736064911,150.279901,4.2399819999999995,146.039919,2.6647682189941406
146.95723342895508,146.95717100000002,0.6279259999999995,146.32924500000001,2.6649932861328125
148.27063274383545,148.27077400000005,0.7519480000000005,147.51882600000005,2.6649932861328125
150.06810355186462,150.06824600000002,0.8119490000000003,149.25629700000002,2.6652183532714844
148.47068285942078,148.47090899999995,0.7359709999999993,147.73493799999994,2.6653060913085938
148.2230703830719,148.22326000000004,0.8839819999999996,147.33927800000004,2.6653480529785156
148.9696865081787,148.9698400000001,0.9120100000000004,148.05783000000008,2.6653480529785156
149.09101033210754,149.09127,0.7559919999999991,148.33527800000002,2.6653480529785156
149.25927114486694,149.25936099999984,0.759976,148.49938499999985,2.6653480529785156
147.72035717964172,147.72065500000008,0.832001,146.8886540000001,2.6653480529785156
148.72421264648438,148.72428900000017,0.8719650000000012,147.85232400000018,2.6653480529785156
148.63381481170654,148.63406399999994,0.8480139999999992,147.78604999999993,2.6653480529785156
148.9457528591156,148.94558500000002,0.8559850000000022,148.08960000000002,2.6653480529785156
150.00026965141296,150.00049799999996,0.6960000000000015,149.30449799999997,2.6662254333496094
149.1445586681366,149.14476100000013,0.7719730000000027,148.37278800000013,2.6665611267089844
148.72661876678467,148.72679999999988,0.7839890000000018,147.9428109999999,2.6665611267089844
148.59767937660217,148.59795300000005,0.7599829999999983,147.83797000000004,2.6665611267089844
148.4649612903595,148.46517899999998,0.7800070000000012,147.68517199999997,2.6665611267089844
148.77097272872925,148.7711339999999,0.747990999999999,148.0231429999999,2.6665611267089844
147.8773477077484,147.8775669999998,0.7719820000000013,147.1055849999998,2.6665611267089844
149.0903503894806,149.08988499999995,0.8480120000000007,148.24187299999994,2.6665611267089844
147.42205214500427,147.422341,0.7799979999999991,146.64234299999998,2.6665611267089844
149.22491693496704,149.22521200000008,0.7479869999999984,148.4772250000001,2.6665611267089844
