walltime(s),cputime(s),systime(s),usertime(s),memory(GB)
1240.7593052387238,1240.485209,2.868162,1237.617047,1.2018585205078125
1230.5643467903137,1230.2870979999998,1.184025,1229.1030729999998,1.2018585205078125
