walltime(s),cputime(s),systime(s),usertime(s),memory(GB)
408.53372287750244,408.49636799999996,10.070746999999999,398.425621,7.1805572509765625
410.0271739959717,409.90802299999996,4.062372,405.845651,7.239982604980469
407.8674123287201,407.74620400000003,2.6670990000000003,405.079105,7.240882873535156
414.1695740222931,414.04721,2.923748,411.123462,7.240894317626953
414.56710720062256,414.44660799999986,4.395265000000002,410.05134299999986,7.240894317626953
411.1749083995819,411.0561159999999,4.675463000000001,406.38065299999994,7.241058349609375
412.059264421463,412.0367310000001,2.820048,409.2166830000001,7.241058349609375
409.9109833240509,409.90495399999975,2.8598810000000014,407.0450729999998,7.241058349609375
