walltime(s),cputime(s),systime(s),usertime(s),memory(GB)
483.1315875053406,483.137101,0.227578,482.909523,0.6145133972167969
473.86415791511536,473.869789,0.0,473.869789,0.6145133972167969
477.8678529262543,477.87360199999995,0.03599399999999997,477.83760799999993,0.6145133972167969
475.7223289012909,475.72856399999984,0.01200000000000001,475.71656399999983,0.6145133972167969
477.1186270713806,477.1249969999997,0.01200000000000001,477.1129969999997,0.6145133972167969
473.99087047576904,473.9971639999999,0.0,473.9971639999999,0.6145133972167969
475.67757534980774,475.6839010000004,0.007998999999999978,475.6759020000004,0.6145133972167969
