walltime(s),cputime(s),systime(s),usertime(s),memory(GB)
1690.3939833641052,1690.02961,11.27482,1678.75479,1.2940597534179688
1680.2797377109528,1680.080858,7.131956999999998,1672.948901,1.2941207885742188
