walltime(s),cputime(s),systime(s),usertime(s),memory(GB)
804.1369321346283,804.132531,13.928417,790.204114,14.612995147705078
836.3034446239471,836.3042849999998,6.808192000000002,829.4960929999999,14.742511749267578
834.1282646656036,834.1293959999999,6.652082,827.477314,14.74319076538086
844.0633840560913,844.0662859999998,6.780053000000002,837.2862329999998,14.743305206298828
