walltime(s),cputime(s),systime(s),usertime(s),memory(GB)
1009.0154976844788,1009.028132,1.4404050000000002,1007.587727,1.064208984375
984.1650030612946,984.1787699999999,0.49207299999999954,983.6866969999999,1.064208984375
982.3924787044525,982.4061799999997,0.3200310000000002,982.0861489999998,1.064208984375
