walltime(s),cputime(s),systime(s),usertime(s),memory(GB)
2382.6758348941803,2382.650687,15.808635,2366.842052,1.7997207641601562
