walltime(s),cputime(s),systime(s),usertime(s),memory(GB)
1022.1079051494598,1022.1210899999999,0.888639,1021.2324509999999,1.0203056335449219
1001.8596968650818,1001.8729539999999,0.3199859999999999,1001.552968,1.0203056335449219
1002.6272263526917,1002.6403899999998,0.2919989999999999,1002.3483909999998,1.0203056335449219
