walltime(s),cputime(s),systime(s),usertime(s),memory(GB)
1757.034495830536,1757.056622,6.87142,1750.1852020000001,1.4532470703125
1733.0113289356232,1733.033912,2.2598589999999996,1730.774053,1.4532470703125
