walltime(s),cputime(s),systime(s),usertime(s),memory(GB)
1690.195526599884,1690.156921,28.584074,1661.572847,28.449691772460938
1708.7009844779968,1708.673801,16.887205,1691.786596,28.70903778076172
