walltime(s),cputime(s),systime(s),usertime(s),memory(GB)
613.1066818237305,613.04948,13.058345,599.991135,11.18172836303711
636.3898932933807,636.38058,4.9803239999999995,631.400256,11.28091049194336
637.6432189941406,637.634043,5.148021,632.486022,11.281795501708984
638.386519908905,638.3771809999997,5.0680070000000015,633.3091739999998,11.281795501708984
638.8532888889313,638.8439910000003,5.043968999999997,633.8000220000004,11.281795501708984
