walltime(s),cputime(s),systime(s),usertime(s),memory(GB)
2245.1249854564667,2245.1513569999997,5.029688,2240.1216689999997,1.6892662048339844
