walltime(s),cputime(s),systime(s),usertime(s),memory(GB)
3175.8111231327057,3175.845065,7.192453,3168.652612,2.174396514892578
