walltime(s),cputime(s),systime(s),usertime(s),memory(GB)
460.57298135757446,460.578482,0.9877009999999999,459.590781,0.6486434936523438
460.96186780929565,460.96774000000005,0.7558630000000002,460.2118770000001,0.6486434936523438
456.4065628051758,456.41221300000007,0.7639679999999998,455.6482450000001,0.6486434936523438
455.77928709983826,455.7850330000001,0.7519819999999999,455.0330510000001,0.6486434936523438
454.22863578796387,454.23439199999996,0.759995,453.47439699999995,0.6486434936523438
457.8483839035034,457.85420599999986,0.7599930000000006,457.09421299999985,0.6486434936523438
462.1934995651245,462.19928999999985,0.756005,461.44328499999983,0.6486434936523438
