walltime(s),cputime(s),systime(s),usertime(s),memory(GB)
3043.994238615036,3044.028717,5.4398919999999995,3038.5888250000003,2.208881378173828
