walltime(s),cputime(s),systime(s),usertime(s),memory(GB)
916.0397348403931,916.0056500000001,30.122027,885.8836230000001,15.509113311767578
943.7185270786285,943.7003609999999,11.416742999999997,932.2836179999999,15.647331237792969
943.5136933326721,943.497668,10.288126999999996,933.209541,15.647811889648438
