walltime(s),cputime(s),systime(s),usertime(s),memory(GB)
1562.7862272262573,1562.8274600000002,2.088756,1560.738704,1.3472366333007812
1544.5080997943878,1544.549219,0.7559819999999999,1543.793237,1.3472366333007812
