walltime(s),cputime(s),systime(s),usertime(s),memory(GB)
2581.8808178901672,2581.909772,22.390855000000002,2559.518917,1.9018135070800781
