walltime(s),cputime(s),systime(s),usertime(s),memory(GB)
564.4582135677338,564.4593800000001,0.24737399999999993,564.2120060000001,0.6991386413574219
556.1840877532959,556.185507,0.0,556.185507,0.6991386413574219
556.8584249019623,556.859833,0.0,556.859833,0.6991386413574219
557.6443123817444,557.6457309999998,0.0,557.6457309999998,0.6991386413574219
556.8091750144958,556.8102629999998,0.0,556.8102629999998,0.6991386413574219
555.7748477458954,555.776151,0.0,555.776151,0.6991386413574219
