walltime(s),cputime(s),systime(s),usertime(s),memory(GB)
769.3935406208038,769.2006210000001,13.126652,756.073969,13.735763549804688
787.6056325435638,787.3736630000001,8.359729,779.0139340000001,13.860958099365234
810.4645783901215,810.224705,6.463882999999999,803.760822,13.861507415771484
809.4236648082733,809.3632329999999,7.140052999999998,802.22318,13.861522674560547
