walltime(s),cputime(s),systime(s),usertime(s),memory(GB)
537.7233355045319,537.6489730000001,12.261645,525.387328,9.738719940185547
540.2406542301178,540.082121,4.2157160000000005,535.866405,9.824234008789062
546.4619717597961,546.30215,4.151741999999999,542.150408,9.825115203857422
545.5946109294891,545.4355170000001,4.543678,540.8918390000001,9.825260162353516
546.538094997406,546.3788790000002,4.535599999999999,541.8432790000002,9.82537841796875
546.9659910202026,546.8073359999999,4.491069999999997,542.3162659999998,9.82537841796875
