walltime(s),cputime(s),systime(s),usertime(s),memory(GB)
1084.7313640117645,1084.7440889999998,1.546823,1083.197266,1.084747314453125
1069.3843479156494,1069.3975959999998,0.5280009999999997,1068.869595,1.084930419921875
1068.622564315796,1068.636499,0.3480050000000001,1068.288494,1.084930419921875
