walltime(s),cputime(s),systime(s),usertime(s),memory(GB)
357.59406089782715,357.537684,8.605319999999999,348.932364,6.620914459228516
362.65125727653503,362.55127100000004,2.287552999999999,360.26371800000004,6.6752471923828125
365.6319706439972,365.5301459999999,2.3041929999999997,363.2259529999999,6.6753082275390625
371.93316435813904,371.82856499999997,2.388001000000001,369.440564,6.675884246826172
365.6771094799042,365.57575600000007,2.407638000000002,363.16811800000005,6.676055908203125
371.3473927974701,371.24620499999975,2.464134999999999,368.78206999999975,6.676055908203125
367.61810541152954,367.51473699999985,2.2759779999999985,365.23875899999985,6.676231384277344
365.92849040031433,365.82476400000013,2.4438250000000004,363.3809390000001,6.676231384277344
380.56069111824036,380.4516369999999,2.4236220000000017,378.02801499999987,6.676231384277344
