walltime(s),cputime(s),systime(s),usertime(s),memory(GB)
1073.5527412891388,1073.5546180000001,0.556245,1072.9983730000001,1.0635643005371094
1062.7819230556488,1062.784313,0.016015000000000112,1062.7682980000002,1.0635643005371094
1061.8842117786407,1061.8863980000003,5.999999999950489e-06,1061.8863920000003,1.0635643005371094
