walltime(s),cputime(s),systime(s),usertime(s),memory(GB)
1842.2314939498901,1841.807116,12.547022,1829.260094,1.5195198059082031
