walltime(s),cputime(s),systime(s),usertime(s),memory(GB)
1406.372815132141,1405.969644,27.523327,1378.446317,24.09735107421875
1442.367258310318,1441.919845,14.462966000000002,1427.4568789999998,24.317333221435547
