walltime(s),cputime(s),systime(s),usertime(s),memory(GB)
288.634108543396,288.627997,4.690644,283.937353,5.533016204833984
306.882297039032,306.87763099999995,2.635466,304.24216499999994,5.577648162841797
308.0516963005066,308.047076,2.60778,305.439296,5.578304290771484
308.21817684173584,308.21355100000005,2.635855000000001,305.57769600000006,5.5783538818359375
308.5081830024719,308.50349900000015,2.4679010000000012,306.03559800000016,5.5784454345703125
307.7737035751343,307.7691599999999,2.555902999999999,305.2132569999999,5.5784454345703125
307.0775623321533,307.0729950000002,2.6999180000000003,304.3730770000002,5.578464508056641
307.82743978500366,307.8228519999998,2.6799789999999994,305.1428729999998,5.578464508056641
308.67586636543274,308.67129199999994,2.627945999999998,306.04334599999993,5.578464508056641
308.8018088340759,308.7972580000003,2.7079319999999996,306.08932600000026,5.578464508056641
308.3670537471771,308.3624029999997,2.6479430000000015,305.7144599999997,5.5785064697265625
