walltime(s),cputime(s),systime(s),usertime(s),memory(GB)
466.6721382141113,466.682861,0.5114820000000001,466.171379,0.5747947692871094
453.21677446365356,453.228205,7.699999999988272e-05,453.228128,0.5749282836914062
453.14337253570557,453.154641,3.100000000011427e-05,453.15461000000005,0.5749282836914062
452.3550567626953,452.3666950000001,1.3000000000040757e-05,452.3666820000001,0.5749282836914062
451.61655855178833,451.6282279999998,8.000000000008e-06,451.6282199999998,0.5749282836914062
450.91940808296204,450.93108500000005,0.00800500000000004,450.92308,0.5749282836914062
466.50781059265137,466.519849,0.008004000000000122,466.511845,0.5749282836914062
