walltime(s),cputime(s),systime(s),usertime(s),memory(GB)
513.0804827213287,513.0875199999999,1.1173440000000001,511.970176,0.6924476623535156
509.04939007759094,509.05690100000004,0.48793700000000007,508.56896400000005,0.6926918029785156
508.91399335861206,508.92139799999995,0.24397599999999997,508.677422,0.6926918029785156
508.52516746520996,508.532718,0.12397899999999984,508.40873899999997,0.6926918029785156
509.18901801109314,509.19628300000005,0.09999000000000002,509.09629300000006,0.6926918029785156
507.69154143333435,507.6988789999998,0.09599400000000013,507.6028849999998,0.6926918029785156
510.4252870082855,510.43270499999994,0.09599399999999969,510.3367109999999,0.6926918029785156
