walltime(s),cputime(s),systime(s),usertime(s),memory(GB)
184.28303003311157,184.26522599999998,4.636831,179.62839499999998,3.3592300415039062
185.5188751220703,185.464993,0.8673500000000001,184.597643,3.3837852478027344
186.0856523513794,186.03202599999997,0.851763,185.18026299999997,3.3843307495117188
185.33062314987183,185.27736900000002,1.015848,184.26152100000002,3.3843421936035156
187.44495105743408,187.39108299999995,0.8717459999999999,186.51933699999995,3.3843421936035156
186.64054441452026,186.58650600000004,1.016007,185.57049900000004,3.3843421936035156
185.60751271247864,185.55407300000013,0.9957220000000007,184.55835100000013,3.384357452392578
186.66570234298706,186.66235799999993,0.9720420000000001,185.69031599999994,3.384357452392578
186.62111949920654,186.61833000000016,0.9599840000000004,185.65834600000017,3.384357452392578
186.6442699432373,186.64144799999997,0.9999520000000004,185.64149599999996,3.384357452392578
186.655113697052,186.6522730000001,0.975975,185.6762980000001,3.384357452392578
187.7731306552887,187.77023499999999,0.915989999999999,186.854245,3.384357452392578
185.78533411026,185.78248399999967,0.8959610000000016,184.88652299999967,3.384368896484375
187.89462327957153,187.89170600000023,0.9320009999999996,186.9597050000002,3.384368896484375
186.703204870224,186.70031099999986,0.8839749999999995,185.81633599999986,3.384368896484375
191.0064136981964,191.00349700000024,0.9439729999999997,190.05952400000024,3.384368896484375
185.91671466827393,185.91388000000006,0.9479870000000012,184.96589300000005,3.384368896484375
186.87951397895813,186.87669400000001,0.971978,185.904716,3.384368896484375
187.88603806495667,187.88307699999967,0.8679970000000026,187.01507999999967,3.384368896484375
