walltime(s),cputime(s),systime(s),usertime(s),memory(GB)
1205.0386793613434,1205.056475,4.371500999999999,1200.684974,1.1501617431640625
1188.7583673000336,1188.7761739999999,2.2120610000000003,1186.564113,1.1503677368164062
1186.8021726608276,1186.819826,1.1440379999999992,1185.675788,1.1503677368164062
