walltime(s),cputime(s),systime(s),usertime(s),memory(GB)
2588.619304895401,2588.3870239999997,5.797773,2582.589251,1.8851509094238281
