walltime(s),cputime(s),systime(s),usertime(s),memory(GB)
814.0236060619354,813.951235,17.206672,796.744563,14.561935424804688
830.6445782184601,830.6305289999999,7.46322,823.1673089999999,14.690956115722656
834.8151290416718,834.8019470000002,7.815685000000002,826.9862620000001,14.69186019897461
841.2116193771362,841.1982119999999,8.02778,833.1704319999999,14.691871643066406
