walltime(s),cputime(s),systime(s),usertime(s),memory(GB)
924.5965855121613,924.574826,1.1452740000000001,923.4295520000001,0.8644485473632812
910.6245267391205,910.6042900000001,0.24003400000000008,910.3642560000001,0.8644523620605469
908.8058433532715,908.785179,0.23600900000000014,908.54917,0.8644523620605469
