walltime(s),cputime(s),systime(s),usertime(s),memory(GB)
1942.7701969146729,1942.552281,64.524688,1878.027593,31.319862365722656
