walltime(s),cputime(s),systime(s),usertime(s),memory(GB)
3424.6421296596527,3424.692149,7.754895,3416.937254,2.430950164794922
