walltime(s),cputime(s),systime(s),usertime(s),memory(GB)
395.8147895336151,395.73679000000004,8.534327000000001,387.202463,7.200748443603516
407.6140766143799,407.495397,2.762105,404.733292,7.260902404785156
406.002304315567,405.884035,2.6558610000000016,403.22817399999997,7.2620086669921875
408.97388195991516,408.8541449999999,2.5315640000000013,406.3225809999999,7.262111663818359
409.32938838005066,409.2814109999999,2.5399579999999986,406.74145299999986,7.262111663818359
408.2576026916504,408.2519590000001,2.675954000000001,405.5760050000001,7.2621307373046875
409.9879837036133,409.98237500000005,2.6119459999999997,407.37042900000006,7.2621307373046875
412.8782203197479,412.872536,2.695934000000001,410.176602,7.2621307373046875
