walltime(s),cputime(s),systime(s),usertime(s),memory(GB)
1967.9001910686493,1967.694716,62.084723999999994,1905.609992,31.59758758544922
