walltime(s),cputime(s),systime(s),usertime(s),memory(GB)
3133.364109277725,3133.373327,4.439462,3128.933865,2.30999755859375
