walltime(s),cputime(s),systime(s),usertime(s),memory(GB)
1357.0737380981445,1357.05917,5.367999,1351.691171,1.2737998962402344
1341.09992313385,1341.0863769999999,4.719885,1336.3664919999999,1.2737998962402344
