walltime(s),cputime(s),systime(s),usertime(s),memory(GB)
2131.4852890968323,2131.4698190000004,8.217108999999999,2123.25271,1.7012176513671875
