walltime(s),cputime(s),systime(s),usertime(s),memory(GB)
502.5472939014435,502.465783,11.46272,491.003063,9.051490783691406
510.06446599960327,509.9209680000001,4.479505,505.44146300000006,9.13028335571289
523.3532545566559,523.2025060000001,3.9516530000000003,519.2508530000001,9.131278991699219
514.542840719223,514.3957360000002,3.4074000000000026,510.9883360000001,9.131290435791016
518.0863356590271,517.9374270000002,3.8477870000000003,514.0896400000001,9.131366729736328
516.8157503604889,516.6677060000001,3.6397009999999987,513.0280050000001,9.131366729736328
