walltime(s),cputime(s),systime(s),usertime(s),memory(GB)
594.0347709655762,593.9225250000001,11.730671,582.191854,10.476688385009766
610.9026834964752,610.733474,5.627134000000002,605.10634,10.569534301757812
612.2514712810516,612.080497,4.307964000000002,607.7725330000001,10.57016372680664
612.7064888477325,612.5358710000002,4.483478000000002,608.0523930000002,10.570266723632812
614.1648516654968,613.992723,5.020012999999999,608.97271,10.570266723632812
