walltime(s),cputime(s),systime(s),usertime(s),memory(GB)
442.57486605644226,442.578661,0.23127799999999998,442.34738300000004,0.6245384216308594
436.68007922172546,436.684533,0.0,436.684533,0.6245384216308594
437.2898921966553,437.2941219999999,0.0,437.2941219999999,0.6245384216308594
436.62474727630615,436.62877000000003,0.0,436.62877000000003,0.6245384216308594
437.1475145816803,437.1517839999999,0.0,437.1517839999999,0.6245384216308594
436.8990180492401,436.90335300000015,0.0,436.90335300000015,0.6245384216308594
438.87525701522827,438.87954100000024,0.0,438.87954100000024,0.6245384216308594
438.3345904350281,438.33905700000014,0.0,438.33905700000014,0.6245384216308594
