walltime(s),cputime(s),systime(s),usertime(s),memory(GB)
909.5359511375427,909.5466779999999,2.1142440000000002,907.432434,1.0237159729003906
901.3589141368866,901.3701069999998,1.711963,899.6581439999999,1.0237159729003906
899.0574185848236,899.068629,1.703995,897.364634,1.0237159729003906
