walltime(s),cputime(s),systime(s),usertime(s),memory(GB)
1593.0080592632294,1593.0498920000002,1.806649,1591.2432430000001,1.3715400695800781
1578.6477472782135,1578.6895019999997,0.6199859999999999,1578.0695159999998,1.3715400695800781
