walltime(s),cputime(s),systime(s),usertime(s),memory(GB)
1060.5303966999054,1060.516613,15.255908000000002,1045.260705,18.34526824951172
1096.9117386341095,1096.9037999999998,10.104232,1086.799568,18.510425567626953
1110.4377493858337,1110.42965,9.788018999999998,1100.641631,18.5111083984375
