walltime(s),cputime(s),systime(s),usertime(s),memory(GB)
2909.683319568634,2909.171914,17.721701,2891.450213,1.8171463012695312
