walltime(s),cputime(s),systime(s),usertime(s),memory(GB)
665.510258436203,665.5049300000001,0.9812970000000001,664.523633,0.7903404235839844
646.8772904872894,646.872526,0.3119759999999998,646.56055,0.7903404235839844
648.1540257930756,648.14901,0.1679940000000002,647.981016,0.7903404235839844
646.4801008701324,646.475241,0.1639929999999996,646.311248,0.7903404235839844
647.0370106697083,647.0320560000001,0.1679980000000003,646.8640580000001,0.7903404235839844
