walltime(s),cputime(s),systime(s),usertime(s),memory(GB)
817.2431378364563,817.2417479999999,1.15692,816.0848279999999,0.9001960754394531
816.0007827281952,816.0095160000001,0.4000290000000002,815.6094870000001,0.9001960754394531
809.8793566226959,809.8891920000001,0.21201199999999965,809.6771800000001,0.9001960754394531
809.6192338466644,809.6292500000003,0.21200699999999983,809.4172430000003,0.9001960754394531
