walltime(s),cputime(s),systime(s),usertime(s),memory(GB)
210.5011112689972,210.495783,5.799738,204.696045,3.741436004638672
204.29348707199097,204.236329,1.0809230000000003,203.155406,3.7700347900390625
205.33389592170715,205.27760300000006,0.9845050000000004,204.29309800000004,3.7705421447753906
205.9608290195465,205.90366200000003,0.9720680000000002,204.93159400000002,3.770610809326172
206.6905632019043,206.6328240000001,1.1199410000000007,205.5128830000001,3.770610809326172
206.27107048034668,206.21345700000012,0.984178,205.22927900000013,3.770610809326172
206.9922661781311,206.93416000000002,1.0559650000000005,205.878195,3.770610809326172
206.84657168388367,206.789588,1.0638199999999998,205.72576800000002,3.770610809326172
207.09383940696716,207.06085999999985,1.2240719999999996,205.83678799999984,3.770610809326172
205.80990052223206,205.75182399999994,1.0801559999999988,204.67166799999995,3.770610809326172
206.84257411956787,206.78412499999973,1.0120020000000025,205.77212299999974,3.770610809326172
207.32345271110535,207.26503800000006,1.015829,206.24920900000006,3.770610809326172
208.63526058197021,208.57622399999994,1.1400539999999992,207.43616999999995,3.770610809326172
205.99232578277588,205.9344100000002,1.1560380000000023,204.77837200000022,3.770610809326172
207.6344654560089,207.576167,1.0561279999999975,206.520039,3.770610809326172
207.7367775440216,207.67836699999987,0.9278140000000015,206.75055299999985,3.770610809326172
207.06281280517578,207.00490000000025,0.9759139999999995,206.02898600000026,3.770618438720703
