walltime(s),cputime(s),systime(s),usertime(s),memory(GB)
678.576828956604,678.4512589999999,14.088863,664.362396,11.973396301269531
683.8525412082672,683.8053900000001,5.407637000000001,678.3977530000001,12.079566955566406
680.769688129425,680.759559,5.603914999999997,675.1556439999999,12.080352783203125
685.6276752948761,685.6175450000001,5.527949000000003,680.089596,12.080352783203125
686.0664217472076,686.0563310000001,5.6878939999999965,680.3684370000001,12.080352783203125
