walltime(s),cputime(s),systime(s),usertime(s),memory(GB)
449.9026815891266,449.794057,7.601507,442.19255,8.394462585449219
468.8914544582367,468.80541900000003,3.079409,465.72601000000003,8.466320037841797
474.39539337158203,474.38861399999996,3.223884,471.16472999999996,8.467453002929688
472.77759742736816,472.770823,3.079902999999998,469.69092,8.467666625976562
477.78865456581116,477.78183500000006,3.179912999999999,474.60192200000006,8.467750549316406
474.5487468242645,474.541901,3.1919450000000005,471.349956,8.467769622802734
472.5208582878113,472.51404399999996,3.159915999999999,469.35412799999995,8.467826843261719
