walltime(s),cputime(s),systime(s),usertime(s),memory(GB)
593.3907201290131,593.3153759999999,17.923772,575.3916039999999,10.44882583618164
617.4357454776764,617.43654,4.771146000000002,612.665394,10.540958404541016
624.4303722381592,624.4314910000002,4.48367,619.9478210000002,10.541587829589844
624.2552225589752,624.256241,4.587804000000002,619.668437,10.541706085205078
624.9830942153931,624.9842890000001,4.7239080000000016,620.260381,10.541706085205078
