walltime(s),cputime(s),systime(s),usertime(s),memory(GB)
702.5026326179504,702.438613,13.934984,688.503629,12.014080047607422
704.4851732254028,704.4751169999998,5.515907,698.9592099999999,12.120929718017578
715.964209318161,715.954471,5.703908000000002,710.250563,12.12160873413086
706.4089903831482,706.3995570000002,5.611925999999997,700.7876310000001,12.121665954589844
713.2608859539032,713.2514260000002,5.823890000000002,707.4275360000001,12.121692657470703
