walltime(s),cputime(s),systime(s),usertime(s),memory(GB)
1393.590120792389,1393.2737189999998,28.433713,1364.840006,22.991649627685547
1447.4764366149902,1447.168577,15.804657000000002,1431.36392,23.199962615966797
