walltime(s),cputime(s),systime(s),usertime(s),memory(GB)
1636.5331094264984,1636.503416,6.57154,1629.931876,1.4347457885742188
1613.8420522212982,1613.8141030000004,3.0196490000000002,1610.7944540000003,1.4347457885742188
