walltime(s),cputime(s),systime(s),usertime(s),memory(GB)
2669.9073827266693,2669.859363,6.106757,2663.752606,2.0085487365722656
