walltime(s),cputime(s),systime(s),usertime(s),memory(GB)
2073.8918936252594,2073.922132,4.722861,2069.199271,1.626068115234375
