walltime(s),cputime(s),systime(s),usertime(s),memory(GB)
1313.4154794216156,1313.4223430000002,4.948444,1308.473899,1.1307144165039062
1285.8327870368958,1285.8499159999997,0.6801110000000001,1285.1698049999998,1.1307144165039062
