walltime(s),cputime(s),systime(s),usertime(s),memory(GB)
225.32326674461365,225.31940600000001,2.663091,222.656315,4.157741546630859
238.2333574295044,238.23037599999998,1.2599569999999995,236.970419,4.190097808837891
237.26130414009094,237.258435,1.1319730000000003,236.126462,4.190586090087891
238.95841336250305,238.955563,1.2039879999999998,237.751575,4.190586090087891
240.05475497245789,240.05186100000006,1.3119739999999993,238.73988700000007,4.191211700439453
239.24390745162964,239.2410429999999,1.2399719999999999,238.0010709999999,4.191413879394531
237.80683135986328,237.8039680000001,1.187977,236.61599100000012,4.191490173339844
240.6278829574585,240.6249730000001,1.315982,239.3089910000001,4.19158935546875
237.9492974281311,237.9464399999998,1.2759679999999989,236.6704719999998,4.19158935546875
240.53867030143738,240.5358120000002,1.275976,239.25983600000018,4.19158935546875
238.04973936080933,238.0469009999998,1.1639869999999988,236.8829139999998,4.19158935546875
239.67168188095093,239.66884000000002,1.2399959999999997,238.42884400000003,4.19158935546875
239.4014277458191,239.39857299999986,1.2959819999999986,238.10259099999985,4.19158935546875
241.0312922000885,241.0284080000004,1.2359700000000018,239.7924380000004,4.19158935546875
239.45411610603333,239.45128299999993,1.1639750000000006,238.28730799999994,4.19158935546875
