walltime(s),cputime(s),systime(s),usertime(s),memory(GB)
1334.1858530044556,1333.828912,27.321966,1306.506946,22.84326934814453
1383.2165758609772,1382.7915360000002,15.357864000000003,1367.4336720000001,23.051490783691406
