walltime(s),cputime(s),systime(s),usertime(s),memory(GB)
805.8927919864655,805.907661,0.413436,805.4942249999999,0.8489151000976562
789.0683355331421,789.0829560000001,5.100000000002325e-05,789.0829050000001,0.8489189147949219
795.2195110321045,795.2373639999998,1.4000000000180535e-05,795.2373499999999,0.8489189147949219
795.4156031608582,795.4364730000001,0.008008999999999933,795.4284640000001,0.8489189147949219
