walltime(s),cputime(s),systime(s),usertime(s),memory(GB)
3305.4242873191833,3305.472228,10.265202,3295.207026,2.3236656188964844
