walltime(s),cputime(s),systime(s),usertime(s),memory(GB)
1805.0749835968018,1805.000138,54.457501,1750.542637,30.059730529785156
