walltime(s),cputime(s),systime(s),usertime(s),memory(GB)
1570.4207181930542,1570.4028110000002,26.69803,1543.7047810000001,26.775569915771484
1591.4814593791962,1591.475701,15.784219,1575.6914820000002,27.019824981689453
