walltime(s),cputime(s),systime(s),usertime(s),memory(GB)
400.20354986190796,400.119001,0.8411070000000002,399.277894,0.6072349548339844
395.03372168540955,394.950185,0.3279099999999997,394.622275,0.6072349548339844
394.6316227912903,394.550617,0.347982,394.202635,0.6072349548339844
394.8033707141876,394.7240769999999,0.19197499999999978,394.5321019999999,0.6072349548339844
396.19591665267944,396.11416099999997,0.09200300000000006,396.022158,0.6072349548339844
394.7627983093262,394.685707,0.07596999999999987,394.609737,0.6072349548339844
393.8172252178192,393.7407579999998,0.07601499999999994,393.6647429999998,0.6072349548339844
395.1932806968689,395.11636300000004,0.07599200000000028,395.04037100000005,0.6072349548339844
395.1714255809784,395.0944019999999,0.07598599999999989,395.0184159999999,0.6072349548339844
