walltime(s),cputime(s),systime(s),usertime(s),memory(GB)
2228.3014373779297,2228.292235,3.3826590000000003,2224.909576,1.7187957763671875
