walltime(s),cputime(s),systime(s),usertime(s),memory(GB)
1193.769395828247,1193.7836939999997,2.0236240000000003,1191.7600699999998,1.1297492980957031
1167.7834451198578,1167.797944,0.9679850000000001,1166.829959,1.1299934387207031
1168.4168949127197,1168.431927,0.675996,1167.7559310000001,1.1299934387207031
