walltime(s),cputime(s),systime(s),usertime(s),memory(GB)
273.011513710022,273.00413599999996,3.2258699999999996,269.778266,4.595428466796875
284.97570514678955,284.91213700000003,7.743897999999999,277.168239,4.632129669189453
278.1846444606781,278.1062579999999,2.0756069999999998,276.0306509999999,4.632740020751953
277.58352494239807,277.5039959999999,1.6718259999999994,275.8321699999999,4.632740020751953
277.6938774585724,277.691556,1.5800579999999975,276.111498,4.632740020751953
278.2007040977478,278.19928600000014,1.615983,276.5833030000001,4.632740020751953
277.1729085445404,277.17175599999985,1.6319899999999983,275.5397659999999,4.632740020751953
276.4722492694855,276.4705950000001,1.7079780000000007,274.7626170000001,4.632740020751953
277.5056264400482,277.50355000000013,1.583988999999999,275.91956100000016,4.632740020751953
279.2049171924591,279.2030369999997,1.7599820000000008,277.44305499999973,4.632740020751953
277.47515058517456,277.47413900000026,1.700013000000002,275.77412600000025,4.632740020751953
275.97482228279114,275.97361099999966,1.8879699999999993,274.08564099999967,4.632740020751953
279.14612555503845,279.143981,1.6399699999999982,277.504011,4.633670806884766
