walltime(s),cputime(s),systime(s),usertime(s),memory(GB)
1487.8063790798187,1487.8215790000002,3.349983,1484.471596,1.3517608642578125
1465.5879402160645,1465.6055890000002,1.416111,1464.1894780000002,1.3517608642578125
