walltime(s),cputime(s),systime(s),usertime(s),memory(GB)
1208.2912006378174,1208.2426380000002,24.587498,1183.65514,20.621124267578125
1244.2690007686615,1244.2724279999998,13.047583,1231.2248449999997,20.807903289794922
