walltime(s),cputime(s),systime(s),usertime(s),memory(GB)
1128.3417892456055,1128.0299850000001,22.699921,1105.3300640000002,19.399852752685547
1154.9000823497772,1154.582637,12.030682999999996,1142.551954,19.575355529785156
1159.3599140644073,1159.0692219999999,12.043859999999995,1147.0253619999999,19.575828552246094
