walltime(s),cputime(s),systime(s),usertime(s),memory(GB)
879.6887729167938,879.700459,1.2425410000000001,878.4579180000001,0.9759902954101562
860.8663187026978,860.87808,0.22794899999999996,860.650131,0.9759902954101562
861.3319139480591,861.3436039999998,0.23198499999999989,861.1116189999998,0.9759902954101562
860.4270756244659,860.4387109999998,0.2279930000000001,860.2107179999998,0.9759902954101562
