walltime(s),cputime(s),systime(s),usertime(s),memory(GB)
2071.9753618240356,2071.507962,74.075424,1997.432538,32.891109466552734
