walltime(s),cputime(s),systime(s),usertime(s),memory(GB)
418.76998138427734,418.761762,7.378315000000001,411.383447,7.801296234130859
469.89459252357483,469.885574,14.623239,455.262335,7.8675384521484375
464.56117582321167,464.55522199999996,3.4683889999999984,461.08683299999996,7.868690490722656
464.99824237823486,464.9922150000001,3.556152000000001,461.4360630000001,7.868797302246094
464.412180185318,464.4062960000002,3.764083999999997,460.6422120000002,7.868797302246094
465.67756748199463,465.671646,3.9239980000000045,461.747648,7.868797302246094
466.01958537101746,466.01359400000024,3.832004999999995,462.18158900000026,7.868797302246094
