walltime(s),cputime(s),systime(s),usertime(s),memory(GB)
171.4797556400299,171.479467,2.912567,168.5669,3.3659133911132812
179.10199165344238,179.102836,1.3002799999999999,177.802556,3.3912582397460938
179.8016972541809,179.80250999999996,1.400049,178.40246099999996,3.3917617797851562
178.62774777412415,178.6286170000001,1.352042,177.2765750000001,3.3917617797851562
179.8863546848297,179.88719100000003,1.3640109999999996,178.52318000000002,3.3917617797851562
187.91033554077148,187.91044300000007,5.463872,182.44657100000006,3.3917922973632812
182.80045413970947,182.80125600000014,0.8960559999999997,181.90520000000015,3.392589569091797
182.08592748641968,182.08685500000004,0.9280150000000003,181.15884000000005,3.3928184509277344
182.05610418319702,182.05703099999997,1.0120320000000014,181.04499899999996,3.3928604125976562
181.6447455883026,181.64567800000015,0.8880350000000021,180.75764300000014,3.3928604125976562
183.12386274337769,183.124819,0.940020999999998,182.184798,3.3928604125976562
180.97002029418945,180.97093499999977,0.9800350000000009,179.99089999999978,3.3928604125976562
183.28786373138428,183.2887920000001,0.9320160000000008,182.35677600000008,3.3928604125976562
181.90498685836792,181.9059510000001,0.9159889999999997,180.9899620000001,3.3928604125976562
183.02060842514038,183.02151599999993,0.9080200000000005,182.11349599999994,3.3928604125976562
182.50558042526245,182.5065130000001,0.8120249999999984,181.6944880000001,3.3928604125976562
182.63183975219727,182.63275099999987,0.9360110000000006,181.69673999999986,3.3928604125976562
193.17256808280945,193.16586300000023,1.407983999999999,191.75787900000023,3.3928604125976562
190.87807869911194,190.87900799999994,1.027991,189.85101699999996,3.3928604125976562
