walltime(s),cputime(s),systime(s),usertime(s),memory(GB)
853.0483877658844,852.9087390000001,2.995883,849.912856,0.7948989868164062
836.5491087436676,836.4491619999999,1.2278019999999996,835.2213599999999,0.7948989868164062
821.5754117965698,821.436699,1.199872000000001,820.236827,0.7948989868164062
835.6445732116699,835.4816069999999,1.219977,834.26163,0.7948989868164062
