walltime(s),cputime(s),systime(s),usertime(s),memory(GB)
1896.5449471473694,1896.567223,4.275624,1892.291599,1.5380439758300781
