walltime(s),cputime(s),systime(s),usertime(s),memory(GB)
3533.3856213092804,3533.37196,4.940538,3528.431422,2.553730010986328
