walltime(s),cputime(s),systime(s),usertime(s),memory(GB)
274.0566198825836,274.055581,4.485539,269.570042,5.048938751220703
287.0416352748871,287.04230700000005,2.387448,284.65485900000004,5.089771270751953
285.98436522483826,285.985107,2.4838039999999992,283.501303,5.090450286865234
286.90549206733704,286.90628799999996,1.9758490000000002,284.930439,5.090450286865234
289.40559816360474,289.40628500000014,1.9159360000000003,287.49034900000015,5.090450286865234
285.4873867034912,285.4881700000001,1.807912,283.6802580000001,5.090450286865234
289.17297410964966,289.17376900000005,1.8759729999999983,287.29779600000006,5.090450286865234
287.3454132080078,287.34627099999983,1.9239640000000016,285.4223069999998,5.091411590576172
287.70676827430725,287.7076129999999,1.8639719999999969,285.84364099999993,5.091411590576172
287.9390461444855,287.9399019999999,1.9119810000000008,286.0279209999999,5.091552734375
287.4553544521332,287.45615,1.8959860000000006,285.560164,5.091648101806641
285.6088466644287,285.60955800000016,1.823997000000002,283.78556100000014,5.091648101806641
