walltime(s),cputime(s),systime(s),usertime(s),memory(GB)
368.6824321746826,368.662354,9.708817999999999,358.953536,6.637748718261719
369.8860237598419,369.78311,2.422416,367.360694,6.692649841308594
367.03678035736084,366.93465,2.4278519999999997,364.506798,6.693202972412109
373.0308315753937,372.927254,2.436030999999998,370.491223,6.693225860595703
370.452232837677,370.35056000000014,3.7076920000000015,366.64286800000013,6.693225860595703
374.5032546520233,374.3994160000001,2.4675340000000006,371.9318820000001,6.693229675292969
369.8294186592102,369.8192129999997,2.3119319999999988,367.5072809999997,6.693572998046875
370.6332061290741,370.63437099999976,2.491983000000001,368.14238799999976,6.693576812744141
367.7311725616455,367.73231700000014,2.3559680000000007,365.3763490000001,6.693576812744141
