walltime(s),cputime(s),systime(s),usertime(s),memory(GB)
747.1914954185486,747.1875019999999,13.47565,733.7118519999999,13.700897216796875
775.7515072822571,775.75274,7.3003160000000005,768.4524240000001,13.82229995727539
779.8929657936096,779.8943519999998,7.324128000000002,772.5702239999998,13.822883605957031
780.3462896347046,780.3475469999996,7.180043999999999,773.1675029999997,13.822883605957031
