walltime(s),cputime(s),systime(s),usertime(s),memory(GB)
1588.532815694809,1588.5259019999999,24.319648,1564.206254,26.984638214111328
1639.9766747951508,1639.953275,40.87213399999999,1599.0811410000001,27.23125457763672
