walltime(s),cputime(s),systime(s),usertime(s),memory(GB)
1292.7605168819427,1292.743567,18.165114,1274.578453,20.50829315185547
1327.738679409027,1327.7283139999997,14.667838999999997,1313.0604749999998,20.693851470947266
