walltime(s),cputime(s),systime(s),usertime(s),memory(GB)
1350.4113070964813,1350.4316950000002,0.9528640000000002,1349.4788310000001,1.2205467224121094
1314.839777469635,1314.859662,0.8840059999999998,1313.975656,1.2205467224121094
