walltime(s),cputime(s),systime(s),usertime(s),memory(GB)
929.0937776565552,928.885264,18.840962,910.044302,16.442230224609375
974.8545422554016,974.7775619999999,9.051337,965.7262249999999,16.58908462524414
989.8056662082672,989.8108199999998,9.176054999999998,980.6347649999998,16.589664459228516
