walltime(s),cputime(s),systime(s),usertime(s),memory(GB)
438.7568302154541,438.737385,12.121860999999999,426.615524,7.772678375244141
431.0869359970093,430.969408,5.154923999999999,425.814484,7.838783264160156
435.8643934726715,435.7408220000001,3.003591,432.73723100000007,7.839832305908203
436.8896861076355,436.76556800000003,3.2793029999999987,433.486265,7.839832305908203
439.513062953949,439.3891639999998,3.115862,436.27330199999983,7.840152740478516
434.5699210166931,434.4470920000001,3.175926999999998,431.2711650000001,7.8401641845703125
439.2216694355011,439.0982219999999,3.0398730000000036,436.0583489999999,7.8401641845703125
433.55659103393555,433.4344700000002,3.1640179999999987,430.2704520000002,7.8401641845703125
