walltime(s),cputime(s),systime(s),usertime(s),memory(GB)
1432.2324764728546,1432.153705,28.658177,1403.495528,24.26485824584961
1484.5452358722687,1484.5452530000002,15.30406,1469.2411930000003,24.48580551147461
