walltime(s),cputime(s),systime(s),usertime(s),memory(GB)
3240.220474720001,3240.207571,17.553478000000002,3222.654093,2.2847824096679688
