walltime(s),cputime(s),systime(s),usertime(s),memory(GB)
1431.6544060707092,1431.647758,3.213508,1428.43425,1.27203369140625
1410.0671305656433,1410.060975,1.3600560000000002,1408.700919,1.27203369140625
