walltime(s),cputime(s),systime(s),usertime(s),memory(GB)
1123.6511015892029,1123.648475,20.628623,1103.019852,19.508472442626953
1149.4321088790894,1149.435769,10.867640999999999,1138.568128,19.684856414794922
2052.6988332271576,1156.289205,10.975871999999999,1145.313333,19.685100555419922
