walltime(s),cputime(s),systime(s),usertime(s),memory(GB)
133.33298587799072,133.311584,3.205285,130.106299,2.6378707885742188
138.745263338089,138.70464799999996,0.7399959999999997,137.96465199999997,2.6555137634277344
138.91008281707764,138.86923299999998,0.7479190000000004,138.12131399999998,2.6556549072265625
139.24286890029907,139.20230499999997,0.6879489999999997,138.51435599999996,2.655681610107422
139.3628695011139,139.32185599999997,0.6998150000000001,138.62204099999997,2.6584091186523438
139.42988991737366,139.38917900000007,0.7601100000000001,138.62906900000007,2.658863067626953
138.68117761611938,138.64075499999996,0.7120180000000005,137.92873699999996,2.658863067626953
140.32672548294067,140.28559800000005,0.6238740000000007,139.66172400000005,2.658863067626953
139.5331666469574,139.49217400000015,0.7601089999999999,138.73206500000015,2.658863067626953
138.69658708572388,138.656131,0.699897,137.956234,2.658863067626953
139.57792043685913,139.53719199999992,0.6519390000000005,138.88525299999992,2.658863067626953
139.42661046981812,139.38574300000008,0.7920210000000001,138.59372200000007,2.658863067626953
139.51934266090393,139.47858600000012,0.7438580000000012,138.73472800000013,2.658863067626953
139.5686502456665,139.53032599999997,0.6559479999999986,138.87437799999998,2.658863067626953
139.55695581436157,139.54345300000006,0.7119689999999999,138.83148400000005,2.658863067626953
139.7744424343109,139.73376200000007,0.6798910000000014,139.05387100000007,2.658863067626953
139.53353691101074,139.492586,0.6999370000000003,138.79264899999998,2.658863067626953
140.2323226928711,140.19113600000014,0.763818999999998,139.42731700000013,2.658863067626953
139.7032186985016,139.66262700000004,0.7479249999999986,138.91470200000003,2.6608352661132812
139.62878036499023,139.58751400000023,0.6680750000000018,138.91943900000024,2.661907196044922
139.56562161445618,139.52476999999982,0.6678940000000004,138.85687599999983,2.661907196044922
138.88551592826843,138.84448099999972,0.7201360000000001,138.12434499999972,2.661907196044922
140.5138716697693,140.47262199999994,0.8200029999999998,139.65261899999996,2.661907196044922
138.84664058685303,138.8061370000001,0.7639309999999995,138.04220600000008,2.661907196044922
140.5082392692566,140.46664600000003,0.7079710000000006,139.75867500000004,2.661907196044922
