walltime(s),cputime(s),systime(s),usertime(s),memory(GB)
559.5972728729248,559.4865980000001,11.074235999999999,548.412362,9.773258209228516
573.217875957489,573.046025,6.051055999999999,566.994969,9.858776092529297
568.8196909427643,568.6463060000001,4.0311309999999985,564.6151750000001,9.859508514404297
568.3124532699585,568.1411539999999,4.803840000000001,563.3373139999999,9.859535217285156
