walltime(s),cputime(s),systime(s),usertime(s),memory(GB)
2053.995968103409,2053.9987210000004,7.923163000000001,2046.0755580000002,1.59930419921875
