walltime(s),cputime(s),systime(s),usertime(s),memory(GB)
2188.319289445877,2188.1915160000003,78.030587,2110.160929,33.18705749511719
