walltime(s),cputime(s),systime(s),usertime(s),memory(GB)
2151.2549986839294,2150.771131,80.519015,2070.252116,34.514408111572266
