walltime(s),cputime(s),systime(s),usertime(s),memory(GB)
644.4075033664703,644.4176130000001,1.498999,642.918614,0.7587242126464844
639.6339020729065,639.643314,0.6200000000000001,639.023314,0.7587242126464844
638.76358294487,638.773272,0.3080050000000001,638.465267,0.7587242126464844
641.739714384079,641.7494820000002,0.15600199999999997,641.5934800000002,0.7587242126464844
639.0940673351288,639.1037709999999,0.11999799999999983,638.9837729999999,0.7587242126464844
