walltime(s),cputime(s),systime(s),usertime(s),memory(GB)
2785.1097943782806,2784.6760120000004,8.776803000000001,2775.899209,1.7849159240722656
