walltime(s),cputime(s),systime(s),usertime(s),memory(GB)
622.3583781719208,622.286964,13.035976,609.250988,11.223636627197266
646.2761421203613,646.2644930000001,6.263784000000001,640.0007090000001,11.323570251464844
648.0252072811127,647.839821,9.651811000000002,638.1880100000001,11.32437515258789
638.8536629676819,638.6881490000001,5.084481999999998,633.6036670000001,11.32437515258789
645.7392709255219,645.7299260000001,5.407867000000003,640.3220590000001,11.32437515258789
