walltime(s),cputime(s),systime(s),usertime(s),memory(GB)
937.2399618625641,937.2055009999999,21.722686999999997,915.482814,16.39065170288086
31672.745409965515,951.2740419999999,9.164227999999998,942.1098139999999,16.536785125732422
958.892627954483,958.8783420000002,9.188022,949.6903200000002,16.537437438964844
