walltime(s),cputime(s),systime(s),usertime(s),memory(GB)
645.3537662029266,645.362288,0.9302220000000001,644.4320660000001,0.7466773986816406
638.4408190250397,638.449417,0.308125,638.141292,0.7466773986816406
639.5633025169373,639.5720880000001,0.15605400000000014,639.4160340000001,0.7466773986816406
639.3856468200684,639.3943770000001,0.12002800000000002,639.274349,0.7466773986816406
642.1257905960083,642.1341850000002,0.12401699999999982,642.0101680000002,0.7466773986816406
