walltime(s),cputime(s),systime(s),usertime(s),memory(GB)
738.6541683673859,738.5079320000001,24.938067,713.569865,12.84768295288086
767.3398768901825,767.325628,7.999667000000002,759.325961,12.964164733886719
772.3925137519836,772.2386439999999,21.806967999999998,750.4316759999999,12.96487808227539
738.4224646091461,738.4115339999998,7.679915999999999,730.7316179999998,12.96487808227539
