walltime(s),cputime(s),systime(s),usertime(s),memory(GB)
1049.9957158565521,1049.728445,19.771134,1029.957311,18.43541717529297
1083.9725914001465,1083.6545630000003,10.074176000000001,1073.5803870000002,18.601646423339844
2635.4704973697662,1098.984566,10.095576999999999,1088.888989,18.60211181640625
