walltime(s),cputime(s),systime(s),usertime(s),memory(GB)
892.1167674064636,891.9441740000001,18.726457999999997,873.2177160000001,15.459152221679688
898.28298163414,898.0330660000001,8.474432,889.5586340000001,15.597831726074219
898.1070475578308,897.8816049999999,8.615423999999997,889.266181,15.5986328125
25661.630190610886,896.0691770000002,8.927967000000002,887.1412100000002,15.5986328125
