walltime(s),cputime(s),systime(s),usertime(s),memory(GB)
997.4398646354675,997.4240309999999,14.004694,983.4193369999999,17.351078033447266
1033.298633813858,1033.287238,10.291679,1022.995559,17.50707244873047
1029.6370739936829,1029.6254059999999,10.367836999999998,1019.2575689999999,17.507678985595703
