walltime(s),cputime(s),systime(s),usertime(s),memory(GB)
831.6350386142731,831.6568729999999,0.38491300000000006,831.2719599999999,0.8097877502441406
808.9024395942688,808.9241870000001,4.000000000004e-06,808.9241830000001,0.8097877502441406
818.3271307945251,818.349096,1.0000000000287557e-06,818.349095,0.8097877502441406
806.9425599575043,806.9640180000004,2.0000000000575113e-06,806.9640160000004,0.8097877502441406
