walltime(s),cputime(s),systime(s),usertime(s),memory(GB)
296.7601501941681,296.695372,5.407444999999999,291.287927,5.519081115722656
308.1457803249359,308.060664,2.1113419999999996,305.949322,5.564067840576172
311.0992465019226,311.013651,1.8677390000000003,309.14591199999995,5.564815521240234
314.88077425956726,314.79276200000004,1.7641849999999994,313.02857700000004,5.565006256103516
312.53158950805664,312.444936,1.6237450000000013,310.821191,5.565006256103516
312.2243161201477,312.16178899999994,1.820044000000001,310.34174499999995,5.565006256103516
313.10067415237427,313.0124300000001,1.7038419999999999,311.3085880000001,5.565006256103516
312.071368932724,311.9827029999998,1.7318169999999995,310.2508859999998,5.565006256103516
312.9620237350464,312.873456,1.6717629999999986,311.201693,5.565006256103516
313.1604380607605,313.0713019999999,1.7437630000000013,311.3275389999999,5.565006256103516
316.3934073448181,316.30336000000005,1.8159410000000022,314.48741900000005,5.565032958984375
