walltime(s),cputime(s),systime(s),usertime(s),memory(GB)
2828.1711962223053,2828.205541,11.095757,2817.1097839999998,2.1005172729492188
