walltime(s),cputime(s),systime(s),usertime(s),memory(GB)
247.32789707183838,247.32617800000003,3.2451130000000004,244.08106500000002,4.579334259033203
258.47955894470215,258.422153,7.636227999999999,250.785925,4.615665435791016
249.83935403823853,249.77162099999995,1.6273579999999992,248.14426299999997,4.615932464599609
249.137704372406,249.06901800000003,1.5837589999999988,247.48525900000004,4.616050720214844
253.0789430141449,253.00883000000005,1.7396259999999977,251.26920400000006,4.616050720214844
251.59801936149597,251.5282289999999,1.760224000000001,249.7680049999999,4.616813659667969
249.72395730018616,249.65548099999995,1.7758730000000007,247.87960799999996,4.616840362548828
253.22722268104553,253.15769999999986,1.6160829999999997,251.54161699999986,4.617439270019531
249.72516465187073,249.65686300000004,1.735866999999999,247.92099600000006,4.617465972900391
252.89105486869812,252.82140099999992,1.7679629999999982,251.05343799999991,4.617465972900391
251.587158203125,251.51802499999985,1.751933000000001,249.76609199999984,4.617961883544922
249.6544418334961,249.58562599999982,1.6878189999999975,247.89780699999983,4.617984771728516
253.02853226661682,252.95875200000026,1.6159120000000016,251.34284000000025,4.6183624267578125
251.74065351486206,251.6713960000001,1.7637030000000031,249.9076930000001,4.618431091308594
