walltime(s),cputime(s),systime(s),usertime(s),memory(GB)
735.1786592006683,735.015896,2.970639,732.045257,0.8439598083496094
728.0311472415924,728.0240139999999,2.564007,725.4600069999999,0.8439598083496094
728.3337371349335,728.3264980000001,2.5639769999999995,725.7625210000001,0.8439598083496094
728.2758123874664,728.268635,2.563979999999999,725.704655,0.8439598083496094
