walltime(s),cputime(s),systime(s),usertime(s),memory(GB)
1416.3867223262787,1554.129252,419.80342,1134.325832,1.5772705078125
1416.7529509067535,1554.3384839999999,419.22423399999997,1135.1142499999999,1.5774002075195312
