walltime(s),cputime(s),systime(s),usertime(s),memory(GB)
438.36971068382263,481.233565,158.493666,322.739899,0.515472412109375
440.45765447616577,483.09308100000004,156.77217000000002,326.320911,0.5156593322753906
441.22057008743286,483.929095,158.05679500000002,325.8723,0.5156974792480469
441.2195963859558,484.01215000000013,158.364773,325.6473770000001,0.5156974792480469
441.1782763004303,484.29334500000004,158.4132400000001,325.88010499999996,0.5157051086425781
441.53745460510254,485.749289,159.97619700000007,325.7730919999999,0.5157089233398438
442.46843242645264,487.9577650000001,161.229464,326.7283010000001,0.5157127380371094
442.88483238220215,489.087436,162.0051860000001,327.08224999999993,0.515716552734375
