walltime(s),cputime(s),systime(s),usertime(s),memory(GB)
1247.9434261322021,1370.2146089999999,414.614089,955.60052,1.1615524291992188
1256.1594500541687,1379.685105,414.96723199999997,964.717873,1.1615524291992188
