walltime(s),cputime(s),systime(s),usertime(s),memory(GB)
245.85718941688538,271.86791,89.30152199999999,182.56638800000002,0.3676643371582031
247.5930449962616,273.699741,90.809954,182.889787,0.3686485290527344
247.53328037261963,273.601671,90.11228,183.489391,0.36875152587890625
247.5822446346283,273.630771,90.67687899999999,182.953892,0.3687553405761719
247.83549451828003,273.92644700000005,90.35294399999998,183.57350300000007,0.3687629699707031
247.419504404068,273.4325870000001,90.54536600000006,182.88722100000007,0.3687705993652344
247.56215715408325,273.62169500000005,90.6713299999999,182.95036500000015,0.3687744140625
244.0822012424469,269.6466090000001,89.82188900000006,179.82472000000007,0.3687782287597656
247.60570001602173,273.6115659999999,91.26194599999997,182.34961999999996,0.36881256103515625
247.13177466392517,273.3911059999999,91.89225999999996,181.49884599999996,0.36881256103515625
247.7795374393463,273.88744999999983,91.07310999999993,182.8143399999999,0.36881256103515625
240.26359152793884,265.670938,87.19124299999999,178.479695,0.36881256103515625
235.69661951065063,261.26925600000027,87.38300300000014,173.88625300000012,0.36881256103515625
241.27295589447021,267.19011600000044,88.84446700000012,178.34564900000032,0.36881256103515625
