walltime(s),cputime(s),systime(s),usertime(s),memory(GB)
1338.5442085266113,1419.980323,422.208129,997.772194,2.5377159118652344
1276.0727694034576,1362.705334,403.10086099999995,959.604473,2.5377159118652344
