walltime(s),cputime(s),systime(s),usertime(s),memory(GB)
492.01807618141174,521.520706,157.841796,363.67891000000003,0.9181861877441406
507.3312737941742,535.941858,163.089843,372.852015,0.9181861877441406
501.5233061313629,530.137812,161.227306,368.91050600000005,0.9181861877441406
489.1767761707306,518.89519,156.59414799999996,362.30104200000005,0.9181861877441406
481.98462557792664,513.5718629999999,153.22318199999995,360.34868099999994,0.9181861877441406
471.68544244766235,505.05428900000004,149.09769300000005,355.956596,0.9181861877441406
466.4809081554413,500.748145,147.15987300000006,353.58827199999996,0.9181861877441406
