walltime(s),cputime(s),systime(s),usertime(s),memory(GB)
198.38244128227234,210.746781,64.039358,146.707423,0.5131072998046875
198.76210832595825,211.318135,63.47191599999999,147.84621900000002,0.5131072998046875
198.2660310268402,210.865454,63.56561599999999,147.29983800000002,0.5131072998046875
199.24161434173584,211.685941,64.234599,147.451342,0.5131072998046875
199.46876001358032,211.95400800000004,64.377659,147.57634900000005,0.5131072998046875
196.95623445510864,209.7741640000001,62.37901400000004,147.39515000000006,0.5131072998046875
196.88012742996216,209.80604799999998,62.89707800000002,146.90896999999995,0.5131072998046875
196.34123468399048,209.1021879999999,61.046812999999986,148.0553749999999,0.5131072998046875
195.89991998672485,208.71876200000014,62.23651699999999,146.48224500000015,0.5131072998046875
194.877121925354,208.06192099999987,62.00570200000004,146.05621899999983,0.5131072998046875
194.0951111316681,207.38727400000005,62.198802,145.18847200000005,0.5131072998046875
191.14760160446167,204.43557599999997,61.10186699999997,143.333709,0.5131072998046875
188.7750403881073,202.14899800000023,60.64550100000008,141.50349700000015,0.5131072998046875
186.4089436531067,200.07533999999998,58.88607300000001,141.18926699999997,0.5131072998046875
189.97446417808533,204.1579640000001,59.154928999999925,145.00303500000018,0.5131072998046875
182.40061140060425,196.63157200000012,56.089331000000016,140.5422410000001,0.5131072998046875
180.82959461212158,195.31397300000037,55.168940000000134,140.14503300000024,0.5131072998046875
182.55438780784607,197.20774800000027,56.189256000000114,141.01849200000015,0.5131072998046875
