walltime(s),cputime(s),systime(s),usertime(s),memory(GB)
166.01270031929016,182.148477,48.596063,133.552414,0.3739166259765625
166.1721534729004,182.282773,48.74453199999999,133.538241,0.37395477294921875
165.89033818244934,181.99179800000005,48.35163700000001,133.64016100000003,0.37404632568359375
166.05389761924744,182.19628,48.49225200000001,133.704028,0.3740806579589844
166.0908546447754,182.22150900000003,47.50879500000002,134.712714,0.37408447265625
165.8471760749817,181.95919099999992,49.15156400000001,132.8076269999999,0.3740882873535156
166.25522708892822,182.44610999999998,48.82375300000001,133.62235699999997,0.3740959167480469
165.99216866493225,182.14298800000012,48.29649599999999,133.84649200000013,0.3740959167480469
165.7939910888672,181.89986599999986,47.894183,134.00568299999986,0.3740959167480469
165.8621425628662,181.96180400000003,47.862855999999965,134.09894800000006,0.3741035461425781
165.91038298606873,182.03134900000015,49.22286300000002,132.80848600000013,0.3741035461425781
166.0961651802063,182.25880000000006,48.909627,133.34917300000006,0.3741035461425781
166.12285041809082,182.271925,48.665359999999964,133.60656500000005,0.37410736083984375
165.91218757629395,182.05609000000004,48.56828900000005,133.487801,0.3741111755371094
166.14001178741455,182.28146500000003,48.177969000000076,134.10349599999995,0.3741111755371094
165.72641825675964,181.8613069999999,47.77777399999991,134.083533,0.3741111755371094
166.04358649253845,182.18899699999997,48.23892000000001,133.95007699999996,0.3741111755371094
165.67273712158203,181.793769,48.879602999999975,132.91416600000002,0.3741111755371094
166.18807411193848,182.33334800000034,48.521735000000035,133.8116130000003,0.3741111755371094
166.10847425460815,182.27185399999985,49.42775800000004,132.8440959999998,0.3741111755371094
165.2644543647766,181.29658600000005,48.897974999999974,132.39861100000007,0.3741111755371094
