walltime(s),cputime(s),systime(s),usertime(s),memory(GB)
318.35881447792053,337.365677,100.96343900000001,236.402238,0.7318382263183594
327.4476366043091,346.987841,101.58439,245.40345100000002,0.7326164245605469
326.43697118759155,346.19342900000004,101.67600999999999,244.51741900000002,0.7326164245605469
324.2385985851288,344.31937899999997,100.75300199999998,243.566377,0.7326164245605469
324.6997034549713,344.5074510000001,100.62550800000002,243.8819430000001,0.7326164245605469
316.3942005634308,337.20764800000006,98.54355299999997,238.6640950000001,0.7326164245605469
310.82658290863037,332.34556799999996,96.97916499999997,235.366403,0.7326164245605469
305.4594748020172,327.0379509999999,95.43991799999992,231.598033,0.7326164245605469
297.58324694633484,319.95076199999994,92.097757,227.85300499999994,0.7326164245605469
293.5033643245697,316.654351,89.33771899999999,227.31663200000003,0.7326164245605469
292.43990683555603,315.48963300000014,88.87649899999997,226.61313400000017,0.7326164245605469
