walltime(s),cputime(s),systime(s),usertime(s),memory(GB)
525.1667218208313,554.329196,168.737624,385.591572,0.9311408996582031
525.5445711612701,554.2175540000001,166.619604,387.59795,0.9311408996582031
505.82825756073,535.860265,160.36512400000004,375.495141,0.9311408996582031
495.6973178386688,527.1943260000003,156.480432,370.7138940000002,0.9311408996582031
482.3882489204407,514.844153,152.67369499999995,362.17045800000005,0.9311408996582031
455.6051082611084,490.39329900000007,143.264588,347.12871100000007,0.9311408996582031
447.3962550163269,482.74228500000027,138.31061899999986,344.4316660000004,0.9311408996582031
