walltime(s),cputime(s),systime(s),usertime(s),memory(GB)
177.28023886680603,193.111063,48.686622,144.424441,0.3547477722167969
165.54933500289917,180.98258400000003,45.440866,135.54171800000003,0.3567161560058594
163.03300094604492,178.39218499999998,45.43200999999999,132.960175,0.3567695617675781
171.13550567626953,186.68719199999995,46.414507999999984,140.27268399999997,0.3567771911621094
169.7738001346588,185.3439659999999,46.68912799999998,138.65483799999993,0.3567848205566406
174.02291297912598,189.74311500000002,48.707682000000005,141.035433,0.3567924499511719
177.0252194404602,192.87626100000006,48.59290900000002,144.28335200000004,0.35681915283203125
177.99676990509033,193.8712470000001,48.296178,145.5750690000001,0.3568229675292969
176.67721104621887,192.5285630000002,48.56619699999999,143.9623660000002,0.3568267822265625
175.86318445205688,191.50327599999991,48.73780899999997,142.76546699999994,0.356842041015625
166.873450756073,182.32968200000005,46.50828799999999,135.82139400000005,0.3568458557128906
165.63849592208862,181.046646,45.909366999999975,135.13727900000004,0.35684967041015625
168.1798393726349,183.62154500000008,46.21407099999999,137.4074740000001,0.3568534851074219
172.46944546699524,188.1434119999999,47.469186000000036,140.67422599999986,0.3568534851074219
172.68411660194397,188.3847820000001,47.177232000000004,141.20755000000008,0.3568572998046875
173.6115744113922,189.29631800000027,46.967850999999996,142.32846700000027,0.3568611145019531
165.3961250782013,180.77678300000002,45.43498599999998,135.34179700000004,0.35686492919921875
164.59230017662048,179.97660400000018,45.959063000000015,134.01754100000016,0.35686492919921875
175.34989261627197,190.9945429999999,47.44198199999994,143.55256099999997,0.35686492919921875
167.7734637260437,183.30904999999984,46.919660999999905,136.38938899999994,0.3568687438964844
178.68111634254456,194.53373699999986,48.97841600000004,145.55532099999982,0.35687255859375
