walltime(s),cputime(s),systime(s),usertime(s),memory(GB)
349.3795564174652,377.349062,105.879989,271.469073,0.7675552368164062
350.70353507995605,378.687498,106.17316,272.514338,0.7675552368164062
350.22166991233826,378.233218,105.71760499999999,272.51561300000003,0.7675552368164062
347.7232711315155,375.5530800000001,105.10628200000002,270.44679800000006,0.7676200866699219
347.7095322608948,375.57579699999997,105.57865700000002,269.99713999999994,0.7676200866699219
350.16686177253723,378.287512,105.41838399999995,272.86912800000005,0.7676239013671875
346.04495334625244,373.80226200000004,104.707405,269.09485700000005,0.7676239013671875
345.64249324798584,373.64969900000006,104.12297899999999,269.52672000000007,0.7676239013671875
343.5093138217926,371.20288700000003,104.35252000000003,266.850367,0.7676239013671875
294.4151210784912,318.36064799999997,87.08720000000005,231.27344799999992,0.7676239013671875
