walltime(s),cputime(s),systime(s),usertime(s),memory(GB)
1754.1969320774078,1864.0783339999998,548.716467,1315.3618669999998,2.506694793701172
1688.3385152816772,1799.8613289999998,520.702268,1279.1590609999998,2.506694793701172
