walltime(s),cputime(s),systime(s),usertime(s),memory(GB)
1595.7941298484802,1705.388105,514.63964,1190.7484650000001,2.4973793029785156
1552.474766254425,1673.956751,475.090698,1198.866053,2.4973793029785156
