walltime(s),cputime(s),systime(s),usertime(s),memory(GB)
1282.247010231018,1409.74683,443.369995,966.3768349999999,1.1126747131347656
1296.6045660972595,1424.3318330000002,438.69262100000003,985.639212,1.1128273010253906
