walltime(s),cputime(s),systime(s),usertime(s),memory(GB)
522.4449644088745,554.3846589999999,165.957976,388.42668299999997,0.9156150817871094
529.9807209968567,562.450124,167.353597,395.096527,0.9157218933105469
528.0098037719727,560.704265,167.29623000000004,393.4080349999999,0.9157218933105469
523.446043252945,557.2392609999999,166.56416999999993,390.67509100000007,0.9157218933105469
515.8393478393555,549.5286310000001,164.550796,384.97783500000014,0.9157218933105469
492.61486864089966,528.0444010000001,155.89906199999996,372.14533900000015,0.9157218933105469
480.74367237091064,517.504999,148.72138500000005,368.78361399999994,0.9157218933105469
