walltime(s),cputime(s),systime(s),usertime(s),memory(GB)
158.42830085754395,173.643461,46.130246,127.513215,0.3611412048339844
165.03376054763794,180.460906,47.430848,133.030058,0.3620033264160156
158.34851217269897,173.61084300000005,45.894767,127.71607600000004,0.3620719909667969
163.67039966583252,179.09216100000006,46.989227,132.10293400000006,0.3621025085449219
160.62151455879211,175.905468,46.59581299999999,129.30965500000002,0.36212158203125
165.23718762397766,180.67312899999996,46.92239000000001,133.75073899999995,0.36212158203125
166.13434982299805,181.601047,47.47532799999999,134.125719,0.36212921142578125
162.7660825252533,178.11005200000005,45.55825299999998,132.55179900000007,0.3621330261230469
163.6494858264923,178.95129700000007,45.381118000000015,133.57017900000005,0.3621406555175781
166.5778136253357,182.10147099999983,46.31547499999999,135.78599599999984,0.3621406555175781
162.54316234588623,177.74581799999999,46.69538799999998,131.05043,0.3621406555175781
160.77506160736084,176.14254000000005,46.56829399999992,129.57424600000013,0.36214447021484375
165.94873785972595,181.5009500000001,47.69575400000008,133.80519600000002,0.36214447021484375
166.35827207565308,181.93333100000018,47.218163000000004,134.71516800000018,0.3621482849121094
163.48013758659363,178.92814599999986,45.83542,133.09272599999986,0.362152099609375
161.97580432891846,177.39037099999985,46.78946099999996,130.60090999999989,0.362152099609375
166.39160084724426,181.9463249999999,46.28253700000005,135.66378799999984,0.36215972900390625
166.36767888069153,181.92567200000008,46.92068399999994,135.00498800000014,0.36215972900390625
163.1065239906311,178.53741600000023,46.601060000000075,131.93635600000016,0.3621635437011719
163.6434450149536,179.12964999999974,46.12073799999996,133.00891199999978,0.3621635437011719
160.7682433128357,176.25325799999985,46.37444100000005,129.8788169999998,0.3621673583984375
160.7803919315338,176.30048299999987,47.788679000000116,128.51180399999976,0.3621673583984375
