walltime(s),cputime(s),systime(s),usertime(s),memory(GB)
177.8382966518402,195.205727,52.957057,142.24867,0.355560302734375
172.2508864402771,189.604578,53.23625,136.368328,0.35558319091796875
181.67201590538025,199.345221,54.750845999999996,144.594375,0.3556632995605469
182.23237919807434,199.89813099999998,54.61521499999998,145.282916,0.3556785583496094
182.0741481781006,199.7559420000001,54.87164800000002,144.88429400000007,0.3556976318359375
181.44429397583008,199.16011099999997,55.534373000000016,143.62573799999996,0.35570526123046875
175.7721974849701,193.122226,53.25870900000001,139.863517,0.355712890625
169.47569942474365,186.69192299999997,52.728391999999985,133.963531,0.3557167053222656
170.9241259098053,188.15166399999993,51.507497,136.64416699999992,0.3557281494140625
177.98375964164734,195.407778,52.53169200000002,142.876086,0.3557281494140625
172.86959552764893,190.038136,53.54463199999998,136.49350400000003,0.3557281494140625
178.7062065601349,196.23659399999997,53.740365999999995,142.49622799999997,0.3557281494140625
168.94837999343872,186.14404000000002,51.84796300000005,134.29607699999997,0.3557281494140625
168.7218301296234,185.91124200000013,51.88173800000004,134.0295040000001,0.3557281494140625
179.24406027793884,196.67417299999977,53.235927999999944,143.43824499999982,0.3557281494140625
171.74872851371765,189.03862800000002,53.16233699999998,135.87629100000004,0.3557281494140625
182.06984043121338,199.68361100000016,54.719757999999956,144.9638530000002,0.3557281494140625
169.32156491279602,186.48974799999996,50.95521099999996,135.534537,0.3557281494140625
166.83939337730408,183.96599300000003,51.584712999999965,132.38128000000006,0.35573577880859375
178.33129000663757,195.735101,52.60248200000001,143.13261899999998,0.35573577880859375
