walltime(s),cputime(s),systime(s),usertime(s),memory(GB)
247.08351373672485,262.680967,80.179362,182.501605,0.5624122619628906
250.14140009880066,266.407956,80.53202100000001,185.875935,0.5624122619628906
252.2272698879242,267.819239,81.78230400000001,186.03693499999997,0.5624122619628906
250.10964393615723,266.462094,80.81786300000002,185.644231,0.5624122619628906
248.29450249671936,265.61196499999994,77.759999,187.85196599999995,0.5624122619628906
247.02989435195923,264.65519499999994,77.54475100000002,187.11044399999992,0.5624122619628906
244.1123661994934,261.79201700000016,77.18093500000003,184.61108200000012,0.5624122619628906
243.1023063659668,260.7566029999999,76.49925199999996,184.25735099999997,0.5624122619628906
241.30195212364197,259.1447420000003,76.60317100000009,182.5415710000002,0.5624122619628906
243.31186151504517,261.1776349999998,77.43048199999998,183.7471529999998,0.5624122619628906
245.93044447898865,264.081325,77.19021600000008,186.89110899999991,0.5624122619628906
248.8651478290558,267.3614020000001,77.03664900000001,190.3247530000001,0.5624122619628906
243.8057312965393,262.49291300000004,75.890488,186.60242500000004,0.5624122619628906
243.6659712791443,262.8437279999996,74.3984539999999,188.4452739999997,0.5624122619628906
