walltime(s),cputime(s),systime(s),usertime(s),memory(GB)
2344.2756996154785,2571.816405,690.196237,1881.620168,2.5884132385253906
