walltime(s),cputime(s),systime(s),usertime(s),memory(GB)
972.0451936721802,1026.340883,311.35920500000003,714.981678,1.5913429260253906
931.9807019233704,989.107067,295.572135,693.534932,1.5913429260253906
884.4930322170258,946.5320259999997,279.16374099999996,667.3682849999998,1.5913429260253906
828.098669052124,894.9304649999998,257.3650409999999,637.5654239999999,1.5913429260253906
