walltime(s),cputime(s),systime(s),usertime(s),memory(GB)
786.7328560352325,863.4496250000001,234.668714,628.7809110000001,0.9282798767089844
789.4136242866516,865.7678689999999,232.34357999999997,633.4242889999999,0.9285964965820312
787.6499907970428,863.680285,231.80892600000004,631.871359,0.9286041259765625
792.6419579982758,869.1452519999999,233.17652299999997,635.9687289999999,0.9286613464355469
