walltime(s),cputime(s),systime(s),usertime(s),memory(GB)
274.8046205043793,301.61744000000004,90.881555,210.73588500000002,0.4098358154296875
273.15125131607056,299.240988,89.012649,210.228339,0.4098358154296875
274.8257143497467,301.63924199999997,89.703386,211.93585599999994,0.4098358154296875
274.7564947605133,301.5654139999999,90.60513900000001,210.9602749999999,0.4098358154296875
275.02757239341736,301.86814899999996,91.579091,210.28905799999995,0.4098358154296875
271.72866225242615,298.11174000000005,89.26816200000007,208.84357799999998,0.4098358154296875
274.8645529747009,301.6873969999999,90.242706,211.44469099999992,0.4098358154296875
275.0500159263611,301.90202099999976,89.69765599999994,212.20436499999983,0.4098358154296875
274.7566466331482,301.5843870000001,90.599467,210.9849200000001,0.4098358154296875
274.9744915962219,301.798594,90.70520399999998,211.09339,0.4098358154296875
274.89268803596497,301.701826,91.52754800000002,210.17427799999996,0.4098358154296875
274.6352677345276,301.39375500000006,89.942364,211.45139100000006,0.4098358154296875
274.93163871765137,301.724207,89.92288299999996,211.80132400000002,0.4098358154296875
