walltime(s),cputime(s),systime(s),usertime(s),memory(GB)
591.4414715766907,649.184204,175.10365199999998,474.080552,0.7766189575195312
621.22709608078,680.3006650000001,181.25935400000003,499.04131100000006,0.7766456604003906
589.8151769638062,647.3981030000001,173.574929,473.8231740000001,0.7769203186035156
602.2513659000397,660.5423800000001,177.68851500000005,482.85386500000004,0.7769203186035156
590.6615493297577,648.3989429999997,172.018818,476.3801249999997,0.7769203186035156
593.1525325775146,651.1018489999997,174.59262799999988,476.5092209999998,0.7769203186035156
