walltime(s),cputime(s),systime(s),usertime(s),memory(GB)
170.49558424949646,185.834837,45.366172,140.468665,0.3554954528808594
177.19313621520996,192.723341,46.943436,145.779905,0.35753631591796875
172.57971858978271,187.882626,44.88331600000001,142.99930999999998,0.3575553894042969
167.77816939353943,182.96909000000002,44.837005000000005,138.13208500000002,0.3575592041015625
174.23491024971008,189.62536199999997,46.79888600000001,142.82647599999996,0.3575782775878906
171.04911732673645,186.20949200000004,45.11381100000003,141.095681,0.3575935363769531
178.52350687980652,194.11023699999993,48.88444799999996,145.22578899999996,0.3575935363769531
180.90258979797363,196.55539099999993,48.45331100000004,148.1020799999999,0.3575935363769531
180.86484932899475,196.48812300000003,48.635377000000005,147.85274600000002,0.3575935363769531
176.8540964126587,192.13982600000014,46.790189999999996,145.34963600000015,0.3575935363769531
181.77377557754517,197.46681800000005,48.65202500000004,148.814793,0.3575935363769531
169.95906257629395,185.21071599999993,44.90324399999997,140.30747199999996,0.3575935363769531
167.39432883262634,182.53969600000016,45.44264800000008,137.0970480000001,0.3576011657714844
174.77920031547546,190.12638700000002,45.887036999999964,144.23935000000006,0.3576087951660156
172.29918384552002,187.57955400000003,45.86317399999996,141.71638000000007,0.3576202392578125
179.91953301429749,195.5689660000004,47.87497300000007,147.69399300000032,0.3576202392578125
172.1071650981903,187.41743300000007,45.84896600000002,141.56846700000006,0.3576240539550781
168.21967148780823,183.40847699999995,44.58461699999998,138.82385999999997,0.3576469421386719
171.00129008293152,186.24438499999974,44.98433799999998,141.26004699999976,0.3576469421386719
175.64242815971375,191.03362400000015,46.48873400000002,144.54489000000012,0.3576469421386719
