walltime(s),cputime(s),systime(s),usertime(s),memory(GB)
352.68462800979614,386.37311500000004,101.19788299999999,285.17523200000005,0.5379981994628906
353.99232292175293,387.429072,99.550963,287.878109,0.5391349792480469
355.64227199554443,389.29122399999994,101.83105200000003,287.46017199999994,0.5391464233398438
347.3879199028015,380.6520569999999,99.94154400000002,280.7105129999999,0.5391616821289062
355.9939012527466,389.373761,98.756552,290.617209,0.5391693115234375
357.6084008216858,390.952671,101.60505699999999,289.347614,0.5391807556152344
349.4680669307709,382.8030789999999,100.503781,282.2992979999999,0.5394783020019531
359.5386164188385,393.30704400000013,103.14709500000004,290.1599490000001,0.5394783020019531
370.81677317619324,404.95152399999995,106.21165099999996,298.739873,0.5394783020019531
365.18319606781006,399.146885,103.10395000000005,296.04293499999994,0.5395355224609375
