walltime(s),cputime(s),systime(s),usertime(s),memory(GB)
242.9217836856842,259.118135,74.734004,184.384131,0.4952659606933594
247.81122398376465,263.386534,75.27901299999999,188.10752100000002,0.4952659606933594
237.60827231407166,253.92077299999997,73.36782500000001,180.55294799999996,0.4952659606933594
229.6997356414795,246.2658590000001,70.093928,176.1719310000001,0.4952659606933594
228.593079328537,245.24393999999995,69.58761100000004,175.65632899999991,0.4952659606933594
227.9944417476654,244.78222499999998,69.857999,174.92422599999998,0.4952659606933594
228.2444715499878,245.06483699999995,69.46864499999998,175.59619199999997,0.4952659606933594
227.63011741638184,244.52616599999993,68.58617699999996,175.93998899999997,0.4952659606933594
224.91134333610535,242.25363099999993,67.56377699999996,174.68985399999997,0.4952659606933594
225.58928298950195,243.10748999999987,68.69187899999997,174.4156109999999,0.4952659606933594
225.41868090629578,242.9269700000001,68.87652700000001,174.0504430000001,0.4952659606933594
224.4286367893219,241.80531600000018,68.20496400000002,173.60035200000016,0.4952659606933594
213.3832721710205,230.0904390000003,64.77603199999999,165.3144070000003,0.4952659606933594
169.04894495010376,182.64588500000036,49.49645499999997,133.1494300000004,0.4952659606933594
169.50990796089172,182.96178900000007,49.53385700000001,133.42793200000006,0.4952659606933594
168.97881722450256,182.49327700000026,49.397361000000046,133.09591600000022,0.4952659606933594
