walltime(s),cputime(s),systime(s),usertime(s),memory(GB)
309.1833827495575,327.41274599999997,98.037469,229.37527699999998,0.7512245178222656
311.42463421821594,330.636617,98.377327,232.25929000000002,0.7512245178222656
305.3633933067322,323.54414999999995,96.98586400000002,226.55828599999995,0.7512245178222656
307.2026162147522,326.12607799999995,98.34527499999996,227.780803,0.7512245178222656
299.9438006877899,319.908072,94.242818,225.665254,0.7512245178222656
299.14767146110535,319.26740300000006,95.04987000000006,224.217533,0.7512245178222656
295.66801953315735,316.28293900000006,93.07956200000001,223.20337700000005,0.7512245178222656
293.9316062927246,315.4592200000001,92.46610399999997,222.9931160000001,0.7512245178222656
285.0245625972748,306.72911,89.52301499999999,217.206095,0.7512245178222656
257.2801353931427,277.84991,79.21159399999999,198.63831600000003,0.7512245178222656
234.70019817352295,253.7231180000001,72.11781399999995,181.60530400000016,0.7512245178222656
252.4668984413147,272.9915750000001,77.22493300000008,195.76664200000005,0.7512245178222656
