walltime(s),cputime(s),systime(s),usertime(s),memory(GB)
877.0077774524689,939.1078689999999,276.351025,662.756844,1.5522727966308594
886.0894627571106,947.8451199999998,276.03659099999993,671.8085289999999,1.5528907775878906
876.6672234535217,940.4212940000001,272.789345,667.6319490000001,1.5528907775878906
860.5102245807648,926.8906619999999,262.9293839999999,663.961278,1.5528907775878906
