walltime(s),cputime(s),systime(s),usertime(s),memory(GB)
473.99376463890076,520.931521,162.597394,358.334127,0.5587539672851562
478.14197993278503,524.899221,160.11627,364.782951,0.5599937438964844
473.6944422721863,519.9680380000001,159.943986,360.0240520000001,0.56103515625
478.50273990631104,525.440664,160.62787099999997,364.81279300000006,0.56103515625
478.3241751194,525.1324749999999,159.97156100000007,365.1609139999998,0.5617561340332031
478.6667320728302,525.573881,160.679715,364.89416600000004,0.5617561340332031
479.4314389228821,524.661047,159.5009930000001,365.16005399999995,0.5617561340332031
