walltime(s),cputime(s),systime(s),usertime(s),memory(GB)
1690.4107480049133,1795.642299,544.237205,1251.405094,2.5384140014648438
1591.7738409042358,1711.115253,497.85039100000006,1213.264862,2.5384140014648438
