walltime(s),cputime(s),systime(s),usertime(s),memory(GB)
234.29916834831238,248.75890399999997,73.179244,175.57966,0.5306968688964844
237.30029821395874,251.911177,73.45258700000001,178.45859000000002,0.5319366455078125
238.00285530090332,252.46868699999996,73.65576300000001,178.81292399999995,0.5319480895996094
237.97354817390442,252.43740299999996,74.20475300000004,178.23264999999992,0.5319900512695312
236.74209880828857,251.12709099999995,72.676376,178.45071499999995,0.5336799621582031
238.33882093429565,252.75837799999994,73.17334,179.58503799999994,0.5336799621582031
235.73990726470947,250.40118599999994,73.19484799999998,177.20633799999996,0.5336799621582031
234.73581862449646,249.50557000000003,72.49646200000007,177.00910799999997,0.5336799621582031
234.94805002212524,249.806868,72.99040200000002,176.816466,0.5336799621582031
235.36010575294495,250.30688099999998,72.71998699999995,177.58689400000003,0.5336799621582031
228.18167424201965,243.29479300000003,70.8180460000001,172.47674699999993,0.5336799621582031
226.20899271965027,241.79069900000025,70.28683899999999,171.50386000000026,0.5336799621582031
218.58416271209717,234.21765100000005,67.31363599999997,166.90401500000007,0.5336799621582031
217.66436910629272,233.38383399999998,67.076413,166.30742099999998,0.5336799621582031
215.4061098098755,231.78509899999995,65.48915000000011,166.29594899999984,0.5336799621582031
