walltime(s),cputime(s),systime(s),usertime(s),memory(GB)
231.65668964385986,253.6556,71.837035,181.818565,0.3634529113769531
231.56655931472778,252.51325,70.13362699999999,182.379623,0.3634529113769531
230.59366130828857,252.13331600000004,70.69269800000001,181.44061800000003,0.3634529113769531
230.5428524017334,252.09996699999996,70.455725,181.64424199999996,0.3634529113769531
230.7064106464386,252.26896399999998,71.18111499999998,181.087849,0.3634529113769531
229.70009899139404,251.11894700000005,69.596675,181.52227200000004,0.3634529113769531
230.5658872127533,252.0898180000001,69.65965999999997,182.43015800000012,0.3634529113769531
230.618417263031,252.1704699999999,69.875631,182.2948389999999,0.3634529113769531
230.74710965156555,252.310383,70.07857899999999,182.231804,0.3634529113769531
230.57576155662537,252.1060890000001,71.40966400000002,180.6964250000001,0.3634529113769531
230.6185643672943,252.13735300000008,70.49730599999998,181.6400470000001,0.3634529113769531
230.63041257858276,252.15742400000022,71.32715099999996,180.83027300000026,0.3634529113769531
230.64336228370667,252.1673880000002,70.28801099999998,181.8793770000002,0.3634529113769531
230.69487690925598,252.22932200000014,70.76491600000008,181.46440600000005,0.3634529113769531
230.61933493614197,252.16133100000002,71.17073800000003,180.990593,0.3634529113769531
