walltime(s),cputime(s),systime(s),usertime(s),memory(GB)
315.92128562927246,338.711142,97.70615199999999,241.00499,0.6789398193359375
317.2810537815094,340.447134,97.260643,243.18649100000002,0.6805915832519531
317.34492111206055,340.40619899999996,97.33364499999999,243.07255399999997,0.6805915832519531
315.6494665145874,339.074887,96.86563799999999,242.209249,0.6805915832519531
315.21331810951233,338.48580899999996,94.883084,243.60272499999996,0.6805915832519531
320.4671595096588,343.78150899999986,97.697204,246.08430499999986,0.6805915832519531
324.9795243740082,347.91807700000004,99.03554099999997,248.88253600000007,0.6805915832519531
319.06329441070557,342.7462310000002,96.350462,246.3957690000002,0.6805915832519531
315.69064354896545,339.6915140000002,94.67657100000008,245.01494300000013,0.6805915832519531
312.51745438575745,337.1190369999998,91.68042400000002,245.4386129999998,0.6805915832519531
311.0011065006256,335.7443500000003,92.01790999999992,243.72644000000037,0.6805915832519531
