walltime(s),cputime(s),systime(s),usertime(s),memory(GB)
965.1679878234863,1059.891795,284.294304,775.597491,1.2030029296875
966.2144222259521,1061.0468329999999,282.794966,778.251867,1.2030029296875
965.251708984375,1059.949406,285.231673,774.717733,1.2030029296875
