walltime(s),cputime(s),systime(s),usertime(s),memory(GB)
584.6265368461609,617.665054,178.833922,438.831132,1.1223220825195312
583.9035353660583,618.1311029999999,174.375121,443.75598199999996,1.1223220825195312
566.6477055549622,602.8304729999999,171.298946,431.53152699999987,1.1223220825195312
546.3887832164764,583.788615,164.97756900000002,418.81104600000003,1.1223220825195312
542.937778711319,582.2168300000001,162.34215300000005,419.874677,1.1223220825195312
525.9607517719269,566.786914,154.77326900000003,412.013645,1.1223220825195312
