walltime(s),cputime(s),systime(s),usertime(s),memory(GB)
171.41609501838684,187.886671,49.388425000000005,138.498246,0.3512382507324219
169.5071723461151,185.90976600000002,48.57251300000001,137.337253,0.35129547119140625
169.9335708618164,186.35505799999999,49.79634500000002,136.55871299999995,0.3513336181640625
173.69279718399048,190.32294999999996,50.365781999999996,139.95716799999997,0.35134124755859375
167.8715193271637,184.39450200000005,48.767897000000005,135.62660500000004,0.351348876953125
165.31570076942444,181.70274999999995,49.151673999999986,132.55107599999997,0.3513526916503906
166.01319766044617,182.4124040000001,49.47591600000004,132.93648800000005,0.35135650634765625
167.07586026191711,183.51655000000005,49.58113700000001,133.93541300000004,0.35135650634765625
170.81689429283142,187.39269199999984,49.731240000000014,137.66145199999983,0.35135650634765625
164.1325922012329,180.36470999999995,48.420537999999965,131.94417199999998,0.35135650634765625
171.17307686805725,187.690743,50.096181,137.594562,0.35135650634765625
166.42744207382202,182.72182400000008,48.44889999999998,134.2729240000001,0.35135650634765625
171.52928972244263,188.0334180000001,50.120305999999914,137.91311200000018,0.35135650634765625
172.88473629951477,189.42919400000005,50.396007000000054,139.033187,0.35135650634765625
166.51110363006592,182.7605000000001,48.95476299999996,133.80573700000014,0.35135650634765625
167.31204771995544,183.43304099999978,48.1974009999999,135.23563999999988,0.35135650634765625
172.692364692688,189.2606139999997,50.05056400000001,139.21004999999968,0.35135650634765625
168.9266333580017,185.30135199999984,49.148027999999954,136.15332399999988,0.3513603210449219
168.9443826675415,185.34879299999966,49.69845699999996,135.6503359999997,0.3513603210449219
171.9741506576538,188.4924470000002,49.860996,138.6314510000002,0.3513603210449219
172.58104348182678,189.10563100000002,49.58058799999992,139.5250430000001,0.3513603210449219
