walltime(s),cputime(s),systime(s),usertime(s),memory(GB)
2527.4915244579315,2794.451289,913.4507090000001,1881.00058,1.9292945861816406
