walltime(s),cputime(s),systime(s),usertime(s),memory(GB)
702.5781328678131,744.760724,222.464508,522.296216,1.4829025268554688
696.1239340305328,739.4450169999999,221.448097,517.9969199999999,1.4829025268554688
674.117915391922,719.9254699999999,214.44159599999995,505.483874,1.4829025268554688
645.6922299861908,694.3718260000002,203.22887000000003,491.14295600000014,1.4829025268554688
625.8996734619141,675.8478799999999,194.44516699999997,481.40271299999995,1.4829025268554688
