walltime(s),cputime(s),systime(s),usertime(s),memory(GB)
437.3096556663513,482.047654,152.002276,330.045378,0.5095748901367188
438.0442876815796,482.7131729999999,150.50647299999997,332.20669999999996,0.5096893310546875
438.34248185157776,483.049533,151.75685699999997,331.29267600000003,0.5097618103027344
495.24829864501953,556.7485610000001,239.96024200000005,316.7883190000001,0.5097618103027344
498.4274249076843,563.1101449999999,248.03771400000005,315.0724309999998,0.5097618103027344
509.55542826652527,577.6367600000002,265.165971,312.4707890000002,0.5097618103027344
473.48877334594727,531.945837,214.01996600000007,317.9258709999999,0.5097618103027344
