walltime(s),cputime(s),systime(s),usertime(s),memory(GB)
2851.0981361865997,3135.8073299999996,979.861537,2155.945793,2.413005828857422
