walltime(s),cputime(s),systime(s),usertime(s),memory(GB)
551.2124507427216,583.075055,174.362309,408.712746,0.9640769958496094
535.8868598937988,569.624558,165.81409100000002,403.810467,0.9652175903320312
525.2230355739594,561.962864,160.454025,401.50883899999997,0.9652175903320312
507.3254907131195,544.495679,155.49758699999995,388.99809200000004,0.9652175903320312
496.80445194244385,534.034005,152.19933300000002,381.83467199999996,0.9652175903320312
485.57501888275146,524.1901909999999,146.877835,377.3123559999999,0.9652175903320312
477.0094635486603,515.8818749999996,142.4164249999999,373.4654499999997,0.9652175903320312
