walltime(s),cputime(s),systime(s),usertime(s),memory(GB)
292.8451054096222,322.04486599999996,100.138443,221.906423,0.4136848449707031
292.5619013309479,321.151108,98.904991,222.24611700000003,0.4136848449707031
287.24697971343994,315.628887,97.06140299999998,218.56748400000004,0.4136848449707031
293.3155629634857,322.575699,99.32567600000004,223.25002299999994,0.4136848449707031
293.0265691280365,322.2496020000001,99.55507,222.6945320000001,0.4136848449707031
293.1585421562195,322.35675199999986,99.47443500000003,222.88231699999983,0.4136848449707031
293.02107429504395,322.22052999999994,99.67483800000002,222.54569199999992,0.4136848449707031
293.31054067611694,322.52825400000006,100.15985599999999,222.36839800000007,0.4136848449707031
293.2924954891205,322.52806,98.94268999999997,223.58537,0.4136848449707031
293.28249073028564,322.520311,98.99402099999998,223.52629000000002,0.4136848449707031
293.22349977493286,322.40514399999995,99.721181,222.68396299999995,0.4136848449707031
293.28588342666626,322.48980600000004,99.66454900000008,222.82525699999997,0.4136848449707031
