walltime(s),cputime(s),systime(s),usertime(s),memory(GB)
183.51546239852905,193.98481700000002,58.834782000000004,135.150035,0.4621696472167969
190.40892100334167,201.13623,59.428266,141.707964,0.4621696472167969
188.0895471572876,199.02981400000004,59.002386000000016,140.02742800000004,0.4621696472167969
184.06750798225403,195.29334200000005,57.639771999999994,137.65357000000006,0.4621696472167969
182.41531777381897,193.834863,57.08797799999999,136.74688500000002,0.4621696472167969
183.24924731254578,194.7772649999999,57.23557599999998,137.5416889999999,0.4621696472167969
180.51947903633118,192.21003100000001,56.28405200000003,135.92597899999998,0.4621696472167969
176.87291955947876,189.05804799999999,54.89012100000002,134.16792699999996,0.4621696472167969
174.04775166511536,186.35053400000004,53.22651600000006,133.12401799999998,0.4621696472167969
172.78484892845154,185.32530700000007,52.724557000000004,132.60075000000006,0.4621696472167969
170.87287855148315,183.60451799999998,52.31627100000003,131.28824699999996,0.4621696472167969
170.88835334777832,183.7935319999999,51.722230999999965,132.07130099999995,0.4621696472167969
169.57207417488098,182.66603899999996,50.500489000000016,132.16554999999994,0.4621696472167969
166.41533827781677,179.47612400000014,49.68514700000003,129.7909770000001,0.4621696472167969
165.91946268081665,178.94868799999983,49.47853999999995,129.47014799999988,0.4621696472167969
166.3010652065277,179.353477,49.411291000000006,129.942186,0.4621696472167969
165.6809766292572,178.72108200000037,49.45696600000008,129.26411600000029,0.4621696472167969
166.09225964546204,179.1151729999999,49.46431499999994,129.65085799999997,0.4621696472167969
166.34535026550293,179.38131400000032,50.05926800000009,129.32204600000023,0.4621696472167969
165.53978848457336,178.5657930000001,49.46922299999994,129.09657000000016,0.4621696472167969
