walltime(s),cputime(s),systime(s),usertime(s),memory(GB)
306.24861121177673,335.016881,89.650435,245.366446,0.4890708923339844
300.37418270111084,328.890018,86.894568,241.99545,0.4890861511230469
287.2763671875,315.325762,84.49016499999999,230.835597,0.4890937805175781
296.896000623703,325.29098,86.36817900000005,238.92280099999994,0.4891166687011719
298.38584089279175,326.856014,85.90866499999998,240.94734900000003,0.4891357421875
286.43078422546387,314.42451500000004,82.669712,231.75480300000004,0.4891395568847656
294.612806558609,322.8815390000001,85.11827000000005,237.76326900000004,0.48914337158203125
300.61490750312805,329.1147280000001,86.87877100000003,242.2359570000001,0.48914337158203125
287.02239871025085,315.0845270000002,83.45756000000006,231.62696700000015,0.48914337158203125
294.6182744503021,322.78959599999973,85.40114499999993,237.3884509999998,0.4891548156738281
304.1255028247833,332.5531470000003,88.19812200000001,244.3550250000003,0.4891624450683594
308.42331194877625,337.33074099999976,89.04264599999988,248.28809499999988,0.489166259765625
