walltime(s),cputime(s),systime(s),usertime(s),memory(GB)
1748.6370117664337,1866.136298,533.466342,1332.669956,2.8117523193359375
1735.2652838230133,1862.0445919999997,505.35774000000004,1356.6868519999998,2.8117523193359375
