walltime(s),cputime(s),systime(s),usertime(s),memory(GB)
177.23284554481506,189.18765100000002,54.142784999999996,135.044866,0.472900390625
177.11549711227417,189.06099999999998,54.327693999999994,134.73330599999997,0.4733619689941406
177.02605175971985,188.97201,54.62163500000001,134.35037499999999,0.4733772277832031
176.72432708740234,188.82195899999996,54.145021000000014,134.67693799999995,0.4734153747558594
176.7023468017578,188.70786300000006,54.215716000000015,134.49214700000005,0.4734306335449219
176.4704234600067,188.5114150000001,53.95665200000002,134.5547630000001,0.4734306335449219
176.48878502845764,188.54557199999994,54.75939199999999,133.78617999999994,0.4734382629394531
175.55093455314636,187.76233200000007,53.39837600000004,134.36395600000003,0.4734382629394531
175.99729299545288,188.11420800000002,53.58674000000002,134.527468,0.4734382629394531
176.46339511871338,188.66729999999984,54.153276000000005,134.51402399999984,0.4734382629394531
176.39726877212524,188.76239299999997,53.55711999999994,135.20527300000003,0.4734382629394531
175.94455862045288,188.50922300000002,53.50984799999992,134.9993750000001,0.4734382629394531
176.00444316864014,188.465506,54.06860699999993,134.39689900000008,0.4734382629394531
175.9169533252716,188.36394100000018,54.143973000000074,134.2199680000001,0.4734382629394531
176.09440159797668,188.6362059999998,53.833287999999925,134.80291799999986,0.4734382629394531
176.0704426765442,188.49316399999975,54.1055429999999,134.38762099999985,0.4734382629394531
174.1377637386322,187.09603099999993,52.3242469999999,134.77178400000003,0.4734382629394531
173.34889245033264,186.52184999999997,52.01259100000004,134.50925899999993,0.4734382629394531
173.50452947616577,186.62101300000006,51.90930700000001,134.71170600000005,0.4734382629394531
172.5773868560791,185.62035600000024,51.28182800000002,134.33852800000022,0.4734382629394531
