walltime(s),cputime(s),systime(s),usertime(s),memory(GB)
517.3833286762238,551.3716039999999,159.60987,391.761734,0.9652786254882812
431.2182424068451,459.84034700000007,132.06387700000002,327.77647,0.9673347473144531
458.5133934020996,489.83671100000004,137.932866,351.90384500000005,0.9673347473144531
429.82142543792725,459.44310799999994,128.12119099999995,331.321917,0.9673500061035156
500.42164731025696,537.4197610000001,149.1836820000001,388.236079,0.9673500061035156
410.5735213756561,439.7304329999997,120.29311899999993,319.4373139999998,0.9673500061035156
428.86363434791565,461.3389479999996,122.819567,338.5193809999996,0.9673500061035156
409.71657514572144,443.1755360000001,114.145715,329.0298210000001,0.9673500061035156
