walltime(s),cputime(s),systime(s),usertime(s),memory(GB)
888.1833851337433,975.404053,294.734195,680.669858,0.806854248046875
892.3090143203735,978.081633,289.930021,688.151612,0.806854248046875
892.178201675415,977.9487770000001,287.34861,690.600167,0.8068923950195312
892.2503671646118,978.0729389999999,288.519325,689.5536139999999,0.8069229125976562
