walltime(s),cputime(s),systime(s),usertime(s),memory(GB)
363.36811208724976,388.249555,115.875317,272.374238,0.7056770324707031
348.5956039428711,373.86514999999997,110.41654400000002,263.448606,0.7056770324707031
341.7694511413574,366.997833,107.83527900000001,259.162554,0.7056770324707031
338.27041244506836,363.5624230000001,106.18524200000002,257.37718100000006,0.7056770324707031
331.24380326271057,356.5837199999999,104.92569699999996,251.65802299999996,0.7056770324707031
323.17075991630554,348.09606899999994,102.69243499999993,245.403634,0.7056770324707031
324.34080719947815,347.9769869999998,101.72420499999998,246.2527819999998,0.7056770324707031
312.4799225330353,337.3768,98.56041400000004,238.81638599999997,0.7056770324707031
306.7212145328522,331.7486130000001,97.10635300000001,234.64226000000008,0.7056770324707031
303.5534071922302,328.89494400000024,94.344154,234.55079000000023,0.7056770324707031
309.72159361839294,335.13455199999976,96.81737499999986,238.3171769999999,0.7056770324707031
