walltime(s),cputime(s),systime(s),usertime(s),memory(GB)
201.90097880363464,222.67464,72.41333300000001,150.261307,0.27713775634765625
197.94952702522278,218.43065500000003,72.6851,145.74555500000002,0.27837371826171875
206.9043869972229,228.01992700000005,74.05497200000002,153.96495500000003,0.2784156799316406
207.00916028022766,227.98745999999997,74.47265100000001,153.51480899999996,0.2784233093261719
195.14030599594116,215.09427100000005,70.73433699999998,144.35993400000007,0.2784233093261719
206.52515411376953,227.42770000000002,74.29297500000001,153.134725,0.2784423828125
206.66854310035706,227.70727799999992,74.28050300000001,153.4267749999999,0.2784461975097656
203.49083161354065,223.972267,72.983834,150.988433,0.27845001220703125
206.52496695518494,227.46828799999992,73.96615899999995,153.50212899999997,0.2784576416015625
206.58581113815308,227.580466,74.45236299999999,153.128103,0.2784576416015625
206.74937391281128,227.8012429999999,74.93065200000001,152.87059099999988,0.2784576416015625
206.4525487422943,227.42577800000015,73.49569299999996,153.9300850000002,0.27846527099609375
206.47793126106262,227.43847000000005,73.94395099999997,153.49451900000008,0.2784690856933594
206.51903223991394,227.54177199999992,74.82489199999998,152.71687999999995,0.2784690856933594
206.5360996723175,227.51363599999968,74.58099799999991,152.93263799999977,0.2784690856933594
206.53314876556396,227.49023000000034,73.69442900000013,153.7958010000002,0.2784690856933594
206.73220467567444,227.73692499999993,74.49531000000002,153.2416149999999,0.2784690856933594
