walltime(s),cputime(s),systime(s),usertime(s),memory(GB)
144.19958543777466,156.802898,39.556481999999995,117.24641600000001,0.33017730712890625
144.59777522087097,157.275128,39.365375,117.909753,0.3316841125488281
144.5877549648285,157.22229099999998,39.703514,117.518777,0.33170318603515625
144.0324511528015,156.70056400000004,39.867450000000005,116.83311400000002,0.3317718505859375
145.03969168663025,157.73944899999998,40.00058200000001,117.73886699999997,0.3317718505859375
139.83516883850098,152.2145479999999,37.589057,114.6254909999999,0.3317718505859375
134.60639667510986,146.88298199999997,36.97087799999997,109.912104,0.3317718505859375
132.2120442390442,144.444794,36.26090599999998,108.18388800000002,0.3317718505859375
138.74236035346985,151.10158499999994,37.01951100000002,114.08207399999992,0.3317718505859375
140.68212819099426,153.139363,38.55605700000001,114.583306,0.3317718505859375
137.7220652103424,150.08654600000006,37.85679099999999,112.22975500000007,0.3317756652832031
143.19654512405396,155.78452,38.296715000000006,117.48780499999998,0.331787109375
135.06399035453796,147.36108099999996,36.53974499999998,110.82133599999997,0.3317909240722656
134.49797129631042,146.78024500000004,37.099053000000026,109.68119200000001,0.3317909240722656
134.69725370407104,146.94317200000012,37.10260299999993,109.84056900000019,0.3317985534667969
142.33065795898438,154.77892800000006,38.12227900000005,116.65664900000002,0.3318023681640625
134.0016224384308,146.2313280000002,35.55959500000006,110.67173300000013,0.3318023681640625
145.21950554847717,157.93624699999987,39.20745299999999,118.72879399999988,0.3318061828613281
139.0883297920227,151.51470699999993,37.951674000000025,113.5630329999999,0.3318061828613281
134.82935643196106,147.09799499999997,37.043857,110.05413799999997,0.3318061828613281
132.25772309303284,144.461544,36.38577899999996,108.07576500000005,0.3318061828613281
140.0436520576477,152.46290199999976,37.259802000000036,115.20309999999972,0.3318061828613281
136.33811163902283,148.35132799999974,37.29430400000001,111.05702399999973,0.3318061828613281
137.78112959861755,150.21982599999978,38.37604699999997,111.84377899999981,0.3318061828613281
144.2696568965912,156.91839199999993,39.07157799999993,117.846814,0.3318061828613281
