walltime(s),cputime(s),systime(s),usertime(s),memory(GB)
1343.433159828186,1410.982371,421.750685,989.231686,2.3198623657226562
1208.2086689472198,1286.9982220000002,371.193945,915.8042770000001,2.3198623657226562
861.6119527816772,929.6286210000001,250.4857199999999,679.1429010000002,2.3198623657226562
