walltime(s),cputime(s),systime(s),usertime(s),memory(GB)
1055.4140119552612,1138.401895,321.310643,817.0912519999999,1.7643547058105469
1046.0955572128296,1130.5462929999999,314.345793,816.2004999999999,1.7643547058105469
1039.7572405338287,1124.3173039999997,310.59209899999996,813.7252049999997,1.7643547058105469
