walltime(s),cputime(s),systime(s),usertime(s),memory(GB)
159.60757899284363,171.356888,47.527829,123.829059,0.4561042785644531
166.06502056121826,178.07135399999999,46.84957300000001,131.22178099999996,0.45667266845703125
168.71228432655334,180.82226899999998,47.829871,132.99239799999998,0.4575996398925781
167.35755968093872,179.37745399999994,47.28031199999998,132.09714199999996,0.4575996398925781
168.05594611167908,180.065256,47.951111,132.114145,0.4575996398925781
168.096266746521,180.11974000000004,48.498853999999994,131.62088600000004,0.4575996398925781
167.38002824783325,179.35768699999994,47.69926899999996,131.65841799999998,0.4580955505371094
167.26767230033875,179.29569300000003,47.269453999999996,132.02623900000003,0.4580955505371094
163.37752604484558,175.24304899999993,46.39093200000002,128.8521169999999,0.4580955505371094
171.7277204990387,183.7744199999998,48.62538799999999,135.1490319999998,0.4580955505371094
171.66301345825195,183.7057650000001,49.31800700000002,134.38775800000008,0.4580955505371094
158.04380893707275,169.78776200000004,44.88920399999995,124.8985580000001,0.4580955505371094
153.33651518821716,164.99271199999987,43.41998799999999,121.57272399999988,0.4580955505371094
165.29667687416077,177.22927499999992,45.95940900000005,131.26986599999987,0.4580955505371094
164.39965152740479,176.35641600000008,47.04636400000004,129.31005200000004,0.4584503173828125
166.34690403938293,178.34489400000007,47.104066999999986,131.24082700000008,0.4584503173828125
165.04153966903687,176.99000399999977,46.50194099999999,130.48806299999978,0.4584503173828125
166.64172744750977,178.55810400000007,47.541833999999994,131.01627000000008,0.4584503173828125
172.7523558139801,184.91837299999975,48.79505300000005,136.1233199999997,0.4584503173828125
187.59520959854126,201.15885400000002,52.95162000000005,148.20723399999997,0.4584503173828125
192.4757707118988,206.510402,55.02772100000004,151.48268099999996,0.4584503173828125
