walltime(s),cputime(s),systime(s),usertime(s),memory(GB)
562.2881488800049,620.962739,180.385177,440.577562,0.6959381103515625
570.4279406070709,629.149372,180.411323,448.738049,0.6979293823242188
569.1016445159912,627.694704,180.48599199999995,447.2087120000001,0.6979293823242188
560.7437880039215,618.183322,176.671383,441.511939,0.6979293823242188
569.3525102138519,627.8351959999999,179.550658,448.2845379999999,0.6979293823242188
569.2127211093903,627.6911979999999,178.38609699999995,449.3051009999999,0.6979293823242188
