walltime(s),cputime(s),systime(s),usertime(s),memory(GB)
286.9486629962921,314.84827199999995,83.28638699999999,231.561885,0.4970245361328125
289.264760017395,317.068391,82.534135,234.534256,0.49822998046875
290.0061933994293,317.916216,82.6148,235.30141600000002,0.4982719421386719
289.9813497066498,317.89574799999997,82.61935699999998,235.276391,0.4982948303222656
290.1195297241211,318.03819300000004,83.86661399999997,234.17157900000007,0.4983062744140625
290.1256923675537,317.93833700000016,83.56460800000002,234.37372900000014,0.49831390380859375
285.03497672080994,312.48762200000016,82.39445000000006,230.0931720000001,0.4983253479003906
290.9406306743622,319.0116979999999,84.320067,234.69163099999992,0.4983482360839844
291.3290240764618,319.39707099999987,83.93335200000001,235.46371899999986,0.49835968017578125
290.90386033058167,319.06009199999994,84.96054600000002,234.09954599999992,0.49835968017578125
291.0412480831146,319.12636999999995,85.18741,233.93895999999995,0.49835968017578125
291.3575258255005,319.44446700000015,84.81278499999996,234.63168200000018,0.49835968017578125
