walltime(s),cputime(s),systime(s),usertime(s),memory(GB)
1034.335856437683,1107.6356580000001,315.42227,792.213388,1.8187026977539062
1032.6944217681885,1106.4404369999997,310.94864399999994,795.4917929999999,1.8227386474609375
1035.2377593517303,1110.2547839999997,309.45867899999996,800.7961049999999,1.8227386474609375
