walltime(s),cputime(s),systime(s),usertime(s),memory(GB)
612.0355594158173,644.965782,192.465878,452.499904,1.0889549255371094
595.3343534469604,629.545036,188.13621199999997,441.408824,1.0889549255371094
584.7385952472687,621.268746,182.752205,438.51654099999996,1.0889549255371094
571.7371950149536,611.24395,176.21853899999996,435.0254110000001,1.0889549255371094
557.8947739601135,598.7728950000002,170.50490000000002,428.26799500000016,1.0889549255371094
532.7987532615662,574.870141,160.73299400000008,414.1371469999999,1.0889549255371094
