walltime(s),cputime(s),systime(s),usertime(s),memory(GB)
1020.08611536026,1087.212108,315.065939,772.146169,1.7252655029296875
1004.3857510089874,1072.1781310000001,309.636535,762.541596,1.7252655029296875
972.7901177406311,1042.5146439999999,299.637372,742.877272,1.7252655029296875
