walltime(s),cputime(s),systime(s),usertime(s),memory(GB)
582.607424736023,618.770184,187.924032,430.846152,1.0968360900878906
577.2278771400452,614.661981,184.939425,429.72255599999994,1.0968360900878906
570.9265758991241,609.1000119999999,181.79072799999994,427.30928399999993,1.0968360900878906
552.8205358982086,592.5546879999999,176.11978399999998,416.43490399999996,1.0968360900878906
536.9991216659546,579.1090879999999,169.00430099999994,410.104787,1.0968360900878906
553.0390944480896,596.6791479999998,168.48203999999998,428.19710799999984,1.0968360900878906
