walltime(s),cputime(s),systime(s),usertime(s),memory(GB)
413.15298557281494,452.58643300000006,134.336781,318.249652,0.5162811279296875
425.273077249527,465.786754,133.63572499999998,332.151029,0.5173721313476562
425.27017736434937,465.721702,134.585582,331.13612,0.5187606811523438
425.77782821655273,466.3216649999999,135.24553099999997,331.0761339999999,0.5187606811523438
425.460568189621,465.95391299999994,133.53479099999993,332.419122,0.5187606811523438
425.430792093277,465.9426380000001,133.32476600000007,332.61787200000003,0.5187606811523438
425.472145318985,466.0364659999998,135.759454,330.2770119999998,0.5187606811523438
425.7279875278473,466.30712500000004,134.21115600000007,332.09596899999997,0.5187606811523438
