walltime(s),cputime(s),systime(s),usertime(s),memory(GB)
217.08854460716248,238.99012100000002,74.286213,164.703908,0.35523223876953125
219.36171984672546,241.41382800000002,73.322111,168.09171700000002,0.3560829162597656
212.83144974708557,234.17224799999997,72.196979,161.97526899999997,0.35610198974609375
219.52698707580566,241.69689699999995,73.44061000000002,168.25628699999993,0.35611724853515625
219.32514071464539,241.36923500000006,72.36842700000005,169.000808,0.35651397705078125
219.55144882202148,241.6913859999999,72.74575399999998,168.94563199999993,0.35651397705078125
219.56992268562317,241.68230999999992,72.51855499999999,169.16375499999992,0.35651397705078125
219.43003630638123,241.51523400000008,72.02076,169.49447400000008,0.35651397705078125
219.5627157688141,241.665656,71.72830299999998,169.93735300000003,0.35651397705078125
219.40246033668518,241.496177,72.52523900000006,168.97093799999993,0.35651397705078125
219.41949820518494,241.54402399999992,72.01860599999998,169.52541799999995,0.35651397705078125
219.53954434394836,241.662692,72.624369,169.038323,0.35651397705078125
219.40106344223022,241.48462099999995,72.00022200000001,169.48439899999994,0.35651397705078125
219.51706862449646,241.667823,73.19134499999996,168.47647800000004,0.35651397705078125
219.44578862190247,241.59446200000025,72.80016300000011,168.79429900000014,0.35651397705078125
219.46304631233215,241.547777,72.57739400000014,168.97038299999986,0.35651397705078125
