walltime(s),cputime(s),systime(s),usertime(s),memory(GB)
668.1785428524017,711.6323809999999,207.98354999999998,503.648831,1.1788139343261719
652.3991737365723,695.718607,202.374862,493.343745,1.1788139343261719
633.5855367183685,676.8751369999998,197.10667199999995,479.7684649999999,1.1788139343261719
621.8354675769806,665.8683120000001,193.53829999999994,472.3300120000001,1.1788139343261719
607.099865436554,653.1630760000002,184.17382800000007,468.9892480000001,1.1788139343261719
