walltime(s),cputime(s),systime(s),usertime(s),memory(GB)
1680.976459980011,1841.200801,483.744148,1357.456653,1.9014053344726562
1705.2399652004242,1866.5425269999998,492.81781,1373.7247169999998,1.9016151428222656
