walltime(s),cputime(s),systime(s),usertime(s),memory(GB)
1739.0018186569214,1854.278006,548.0985450000001,1306.179461,2.8269691467285156
1681.6266667842865,1813.718341,503.448625,1310.269716,2.8269691467285156
