walltime(s),cputime(s),systime(s),usertime(s),memory(GB)
159.4234778881073,175.772427,48.995748999999996,126.776678,0.3486747741699219
157.67163181304932,173.596462,46.32449199999999,127.27197000000001,0.3495292663574219
162.56007742881775,179.21771399999997,50.316723999999994,128.90098999999998,0.3495521545410156
162.58245849609375,179.22032600000006,49.52203800000001,129.69828800000005,0.3495941162109375
161.60011339187622,178.03332000000003,47.96867499999999,130.06464500000004,0.349609375
162.1936182975769,178.75100500000002,49.36579599999999,129.38520900000003,0.349609375
162.85119009017944,179.47702199999998,49.18531300000001,130.29170899999997,0.34961700439453125
161.73972702026367,178.21017,49.230208000000005,128.979962,0.3496208190917969
162.4631085395813,179.03074899999996,48.476346999999976,130.55440199999998,0.34963226318359375
162.7177438735962,179.36070000000012,48.63745499999999,130.72324500000013,0.34963226318359375
162.6863489151001,179.31015100000002,48.74056699999994,130.56958400000008,0.349639892578125
161.76254296302795,178.233292,48.90170599999999,129.33158600000002,0.3496437072753906
160.1128957271576,176.34661400000005,47.388263999999936,128.9583500000001,0.3496437072753906
159.93867135047913,176.12957399999982,48.018246999999974,128.11132699999985,0.3496437072753906
160.61742877960205,176.91360299999985,48.08161699999994,128.83198599999992,0.3496437072753906
162.03002381324768,178.56421699999976,50.11955599999999,128.44466099999977,0.3496437072753906
161.99625945091248,178.5265860000003,48.60616100000004,129.92042500000025,0.3496437072753906
161.6447732448578,178.11218600000018,48.008204999999975,130.1039810000002,0.3496437072753906
161.45221734046936,177.87893800000006,47.851359,130.02757900000006,0.3496437072753906
161.69202613830566,178.13058899999987,49.1492659999999,128.98132299999997,0.3496437072753906
159.75213408470154,176.01488400000005,48.208696999999916,127.80618700000014,0.3496437072753906
160.38306784629822,176.64253900000006,47.306278000000134,129.33626099999992,0.3496437072753906
