walltime(s),cputime(s),systime(s),usertime(s),memory(GB)
1145.0818223953247,1228.810682,342.466344,886.344338,1.8299293518066406
1111.2227084636688,1196.644459,328.41245200000003,868.2320070000001,1.8299293518066406
1179.3249769210815,1269.261268,338.7006329999999,930.560635,1.8299293518066406
