walltime(s),cputime(s),systime(s),usertime(s),memory(GB)
1924.2291531562805,2058.052529,617.9443190000001,1440.10821,3.1113052368164062
