walltime(s),cputime(s),systime(s),usertime(s),memory(GB)
223.70076751708984,236.57223,68.202163,168.37006699999998,0.5541267395019531
228.64927625656128,241.940425,69.01078799999999,172.929637,0.555755615234375
228.49407410621643,241.862391,69.139429,172.722962,0.55621337890625
228.3843560218811,242.01031799999998,68.79763300000002,173.21268499999996,0.55621337890625
226.07734894752502,239.71226999999993,67.89033699999999,171.82193299999994,0.55621337890625
222.51914286613464,236.48699699999997,66.91097000000002,169.57602699999995,0.55621337890625
219.42834520339966,233.75469200000003,66.89991500000002,166.854777,0.55621337890625
214.1644468307495,228.7445120000001,65.00029800000004,163.74421400000006,0.55621337890625
211.64246201515198,226.09969699999976,65.50541499999997,160.5942819999998,0.55621337890625
210.72697114944458,225.98688800000014,62.94007899999997,163.04680900000017,0.55621337890625
211.21950769424438,226.38240799999994,62.934218999999985,163.44818899999996,0.55621337890625
212.4591143131256,227.69280000000003,63.115463999999974,164.57733600000006,0.55621337890625
205.47075295448303,221.3662989999998,61.334112000000005,160.0321869999998,0.55621337890625
205.54355216026306,221.47756400000026,60.48703599999999,160.99052800000027,0.55621337890625
202.19181370735168,218.16239600000006,59.411919999999895,158.75047600000016,0.55621337890625
202.2351632118225,218.2008880000003,59.97017700000015,158.23071100000016,0.55621337890625
