walltime(s),cputime(s),systime(s),usertime(s),memory(GB)
1523.3158113956451,1676.7096900000001,461.028689,1215.6810010000002,1.7540016174316406
1733.2116844654083,1915.989713,556.271625,1359.718088,1.7540016174316406
