walltime(s),cputime(s),systime(s),usertime(s),memory(GB)
489.0467691421509,516.51468,148.908717,367.605963,0.8254966735839844
493.304399728775,521.628353,148.847041,372.78131199999996,0.8261489868164062
483.5932309627533,513.676118,143.32651799999996,370.3496,0.8261489868164062
456.2995264530182,487.4062829999999,136.496939,350.9093439999999,0.8261489868164062
439.35222148895264,472.21405400000003,129.35751299999993,342.8565410000001,0.8261489868164062
437.14928913116455,469.97414200000003,127.35601100000008,342.61813099999995,0.8261489868164062
427.6721887588501,461.041335,123.36508500000002,337.67625,0.8261489868164062
