walltime(s),cputime(s),systime(s),usertime(s),memory(GB)
1413.2791376113892,1550.8547740000001,413.172783,1137.6819910000002,1.7449378967285156
1421.0796484947205,1564.6454460000002,425.69561400000003,1138.9498320000002,1.7456321716308594
