walltime(s),cputime(s),systime(s),usertime(s),memory(GB)
192.3979058265686,211.551267,57.912319,153.638948,0.3573799133300781
194.46062326431274,213.675864,57.958287000000006,155.71757699999998,0.3576393127441406
194.45501446723938,213.62045700000002,56.962812000000014,156.657645,0.3576469421386719
194.75218796730042,213.97509500000004,57.44125199999999,156.53384300000005,0.3576622009277344
194.8690927028656,214.07421500000007,57.58599000000001,156.48822500000006,0.35767364501953125
194.5859775543213,213.80123200000003,57.54669799999999,156.25453400000004,0.35768890380859375
194.0455961227417,213.21538099999998,57.22510699999998,155.990274,0.357696533203125
194.64665007591248,213.877074,57.54276600000003,156.33430799999996,0.358184814453125
194.83975076675415,214.0520949999999,57.74688400000002,156.30521099999987,0.358184814453125
194.8308711051941,214.05387100000007,57.48793999999998,156.5659310000001,0.358184814453125
194.52417397499084,213.731272,57.63754300000005,156.09372899999994,0.358184814453125
194.4247305393219,213.59697899999992,57.478808999999956,156.11816999999996,0.358184814453125
194.71835041046143,213.92048,56.90140199999996,157.01907800000004,0.358184814453125
194.89693593978882,214.14114000000006,58.620735999999965,155.5204040000001,0.358184814453125
194.74606657028198,213.93815800000004,57.357302000000004,156.58085600000004,0.358184814453125
186.1473217010498,204.63356799999997,54.70521299999996,149.928355,0.358184814453125
168.99110960960388,186.18717300000014,49.74627300000009,136.44090000000006,0.358184814453125
168.7608368396759,185.897653,48.857258,137.040395,0.358184814453125
168.12601113319397,185.17051400000003,49.13910300000009,136.03141099999993,0.358184814453125
