walltime(s),cputime(s),systime(s),usertime(s),memory(GB)
703.3293249607086,1406.379378,0.042516,1406.336862,0.2835540771484375
711.7689638137817,1423.2972169999998,0.08000999999999991,1423.217207,0.2882843017578125
703.613523721695,1406.9821709999999,0.10800399999999999,1406.874167,0.2909049987792969
699.0086359977722,1397.7468250000004,0.1480039999999999,1397.5988210000005,0.2931556701660156
704.9668076038361,1409.706145,0.04000300000000001,1409.666142,0.2931556701660156
