walltime(s),cputime(s),systime(s),usertime(s),memory(GB)
729.9854233264923,1459.416245,0.151277,1459.264968,0.2774848937988281
737.7671995162964,1475.246896,0.17199199999999992,1475.074904,0.2801094055175781
736.1293804645538,1471.9843649999998,0.18799699999999997,1471.7963679999998,0.2803840637207031
740.6917562484741,1481.1074419999998,0.15599399999999997,1480.9514479999998,0.2803840637207031
