walltime(s),cputime(s),systime(s),usertime(s),memory(GB)
563.6402134895325,1127.075734,0.06279699999999999,1127.012937,0.29575347900390625
568.7258880138397,1137.2967429999999,0.03999799999999998,1137.256745,0.2993354797363281
564.2101404666901,1128.256843,0.04399699999999995,1128.212846,0.2999000549316406
565.955100774765,1131.7703140000003,0.04399900000000001,1131.7263150000003,0.2999000549316406
558.4586381912231,1116.7580329999996,0.02399999999999991,1116.7340329999997,0.2999000549316406
552.298068523407,1104.457342,0.031999,1104.4253429999999,0.2999000549316406
