walltime(s),cputime(s),systime(s),usertime(s),memory(GB)
1231.5246114730835,2425.056899,4.730128,2420.326771,1.2766036987304688
1195.5372958183289,2387.674282,3.6484569999999996,2384.025825,1.2766036987304688
