walltime(s),cputime(s),systime(s),usertime(s),memory(GB)
396.1033215522766,792.093218,0.02606900000000001,792.067149,0.22942352294921875
393.50811743736267,786.961123,0.01599499999999998,786.9451280000001,0.231353759765625
397.6443076133728,795.2219819999998,0.020000000000000018,795.2019819999998,0.231353759765625
396.0904517173767,792.1181609999999,0.020000000000000018,792.0981609999999,0.231353759765625
400.0387794971466,799.9979089999997,0.01200100000000004,799.9859079999997,0.231353759765625
396.08277583122253,792.102237,0.01599999999999996,792.086237,0.231353759765625
392.4013657569885,784.7414000000001,0.008000000000000007,784.7334000000001,0.231353759765625
396.33926153182983,792.5886399999994,0.016000000000000014,792.5726399999994,0.231353759765625
399.16317677497864,798.2644359999998,0.016000000000000014,798.2484359999999,0.231353759765625
