walltime(s),cputime(s),systime(s),usertime(s),memory(GB)
435.00989151000977,869.915847,0.004987000000000019,869.91086,0.22724151611328125
423.3252418041229,846.584239,0.007994000000000001,846.576245,0.2302398681640625
442.9872176647186,885.9120609999999,0.01599600000000001,885.8960649999999,0.2302398681640625
436.9509584903717,873.8276010000001,0.015998000000000012,873.8116030000001,0.2302398681640625
438.57157373428345,877.0678439999995,0.011999999999999955,877.0558439999995,0.2302398681640625
439.2143919467926,878.3531190000003,0.011998000000000064,878.3411210000004,0.2302398681640625
441.8716230392456,883.6791529999997,0.011998999999999982,883.6671539999998,0.2302398681640625
439.356693983078,878.6347530000002,0.01999899999999999,878.6147540000002,0.2302398681640625
