walltime(s),cputime(s),systime(s),usertime(s),memory(GB)
1201.0261223316193,2365.6181869999996,3.039708,2362.578479,1.2703971862792969
1161.513176202774,2319.6052799999998,2.3881059999999996,2317.217174,1.2766151428222656
1178.1746423244476,2353.089272999999,2.540095,2350.5491779999993,1.2766151428222656
