walltime(s),cputime(s),systime(s),usertime(s),memory(GB)
564.6568641662598,1129.1768269999998,0.037187000000000026,1129.1396399999999,0.2640495300292969
558.2059273719788,1116.318402,0.02799400000000002,1116.290408,0.2640495300292969
554.5356826782227,1108.977169,0.023997999999999964,1108.953171,0.2640495300292969
545.5921626091003,1091.10246,0.01999899999999999,1091.082461,0.2640495300292969
546.4628732204437,1092.8531919999996,0.012000999999999984,1092.8411909999995,0.2640495300292969
549.77179646492,1099.4590210000006,0.027998999999999996,1099.4310220000007,0.2640495300292969
