walltime(s),cputime(s),systime(s),usertime(s),memory(GB)
457.42213892936707,914.42159,0.07851699999999995,914.343073,0.2889213562011719
452.81166219711304,905.2737539999999,0.12401700000000004,905.149737,0.2889213562011719
448.8039782047272,897.231097,0.06401899999999994,897.167078,0.2889213562011719
457.4039671421051,914.4924250000001,0.04799599999999993,914.4444290000001,0.2889213562011719
459.69714975357056,919.112774,0.05599799999999999,919.0567759999999,0.2889213562011719
458.78973388671875,917.2855669999999,0.052000999999999964,917.2335659999999,0.2889213562011719
458.6983001232147,917.070563,0.04399299999999995,917.02657,0.2889213562011719
