walltime(s),cputime(s),systime(s),usertime(s),memory(GB)
1429.8332555294037,2010.814031,8.008223000000001,2002.805808,2.6148719787597656
605.3179309368134,1185.116485,5.428977999999999,1179.687507,2.7443084716796875
610.6917479038239,1195.6539649999997,5.272886,1190.3810789999998,2.7688980102539062
618.6295590400696,1211.4660580000007,7.877117999999999,1203.5889400000005,2.7688980102539062
