walltime(s),cputime(s),systime(s),usertime(s),memory(GB)
454.7710886001587,3636.2292860000002,0.105375,3636.123911,0.27555084228515625
451.64646196365356,3611.7738040000004,0.139996,3611.6338080000005,0.2835273742675781
456.1732852458954,3647.8554379999996,0.06399900000000003,3647.7914389999996,0.2835273742675781
455.51544094085693,3642.677832000001,0.107989,3642.569843000001,0.2837677001953125
457.2888660430908,3656.889199999998,0.07599700000000009,3656.813202999998,0.2837677001953125
452.8595085144043,3621.420271999998,0.063998,3621.356273999998,0.2837677001953125
446.33137917518616,3569.168366999997,0.06799599999999995,3569.100370999997,0.2843437194824219
