walltime(s),cputime(s),systime(s),usertime(s),memory(GB)
1474.533920764923,11458.532205,7.539333999999999,11450.992871,1.1048431396484375
1404.4210996627808,11192.479328000001,7.224209,11185.255119000001,1.1048431396484375
