walltime(s),cputime(s),systime(s),usertime(s),memory(GB)
427.41677021980286,854.652816,0.03440199999999999,854.618414,0.22891616821289062
421.3292815685272,842.5688839999999,0.06399499999999997,842.5048889999999,0.22891616821289062
428.1113383769989,856.110262,0.023995999999999962,856.086266,0.22891616821289062
425.6489384174347,851.1548869999999,0.01200000000000001,851.142887,0.22891616821289062
421.5884609222412,843.0298469999996,0.05599799999999999,842.9738489999995,0.22891616821289062
417.7770495414734,835.4305179999997,0.027997999999999967,835.4025199999996,0.22891616821289062
421.5647430419922,843.00949,0.047999000000000014,842.961491,0.22891616821289062
446.22940587997437,892.3658520000001,0.035999,892.3298530000002,0.22891616821289062
