walltime(s),cputime(s),systime(s),usertime(s),memory(GB)
208.27578043937683,1664.1841,0.07720499999999997,1664.106895,0.241668701171875
208.28765845298767,1651.2315700000001,0.09186299999999992,1651.139707,0.25322723388671875
206.01663422584534,1647.3906270000002,0.08803700000000003,1647.3025900000002,0.25322723388671875
203.8968596458435,1630.5789500000003,0.03203100000000003,1630.5469190000003,0.25322723388671875
209.17542695999146,1672.6894189999994,0.048014,1672.6414049999994,0.25322723388671875
201.01643419265747,1607.361030000001,0.04001100000000002,1607.321019000001,0.25322723388671875
206.575345993042,1651.8230150000002,0.0360100000000001,1651.7870050000001,0.25322723388671875
205.9365382194519,1646.8060350000003,0.060005000000000086,1646.7460300000002,0.25322723388671875
204.14525890350342,1632.52637,0.024005999999999972,1632.502364,0.25322723388671875
208.67124199867249,1668.780525000001,0.02800199999999986,1668.752523000001,0.25322723388671875
200.34383964538574,1602.082580999998,0.03600200000000009,1602.046578999998,0.25322723388671875
209.4890730381012,1675.2534100000003,0.03200500000000006,1675.2214050000002,0.25322723388671875
204.60856699943542,1636.1352330000007,0.05599899999999991,1636.0792340000007,0.25322723388671875
203.78507041931152,1629.5155140000022,0.05599900000000013,1629.4595150000023,0.25322723388671875
205.77567172050476,1645.3723460000003,0.052000000000000046,1645.3203460000004,0.25322723388671875
202.50288367271423,1619.3535649999994,0.06399899999999992,1619.2895659999995,0.25322723388671875
200.91708421707153,1606.722740999999,0.03199900000000011,1606.6907419999989,0.25322723388671875
