walltime(s),cputime(s),systime(s),usertime(s),memory(GB)
437.445592880249,874.809724,0.036715,874.773009,0.24081802368164062
437.643367767334,875.2338040000001,0.019999999999999962,875.2138040000001,0.24562835693359375
428.2346751689911,856.3969580000002,0.031998000000000026,856.3649600000001,0.24562835693359375
439.05550837516785,877.9791569999999,0.02400000000000002,877.9551569999999,0.24562835693359375
434.4305510520935,868.8122580000004,0.016000999999999932,868.7962570000004,0.24562835693359375
431.65011715888977,863.2387829999999,0.027998999999999996,863.2107839999999,0.24562835693359375
429.6081237792969,859.1565009999995,0.016001000000000043,859.1404999999995,0.24562835693359375
431.2278916835785,862.3456950000005,0.027994999999999992,862.3177000000005,0.24562835693359375
