walltime(s),cputime(s),systime(s),usertime(s),memory(GB)
808.922393321991,1617.6353,0.03988899999999995,1617.595411,0.26042938232421875
807.4488677978516,1614.786179,0.01999899999999999,1614.7661799999998,0.26714324951171875
806.7111139297485,1613.3245679999998,0.03199999999999997,1613.2925679999998,0.26714324951171875
805.8096883296967,1611.4906650000003,0.023998999999999993,1611.4666660000003,0.26714324951171875
