walltime(s),cputime(s),systime(s),usertime(s),memory(GB)
445.46594285964966,890.843663,0.029703000000000035,890.81396,0.24263381958007812
436.076199054718,872.096081,0.01600499999999999,872.0800760000001,0.2575035095214844
438.32933950424194,876.603515,0.01200100000000004,876.591514,0.257965087890625
446.27305483818054,892.4802279999999,0.016000999999999932,892.4642269999999,0.25807952880859375
450.9651937484741,901.815364,0.012000999999999928,901.803363,0.2581939697265625
449.112966299057,898.165598,0.020000000000000018,898.1455980000001,0.2583198547363281
440.4496970176697,880.8235800000004,0.008000000000000007,880.8155800000004,0.2583198547363281
436.1275622844696,872.1986210000001,0.02400000000000002,872.1746210000001,0.2583198547363281
