walltime(s),cputime(s),systime(s),usertime(s),memory(GB)
438.5426163673401,874.2493830000001,0.37422999999999995,873.8751530000001,0.4195899963378906
427.84756422042847,855.165354,0.27597499999999997,854.889379,0.420135498046875
432.16691613197327,863.8230760000002,0.19600000000000017,863.6270760000002,0.420135498046875
425.10871481895447,849.5408960000003,0.19200299999999992,849.3488930000003,0.420135498046875
424.317982673645,847.9927439999997,0.17199999999999993,847.8207439999996,0.420135498046875
425.5330467224121,850.4646149999992,0.25199800000000017,850.2126169999992,0.420135498046875
427.15728521347046,853.7420100000006,0.25200500000000003,853.4900050000006,0.420135498046875
433.52082443237305,866.4631349999999,0.20000099999999987,866.2631339999998,0.420135498046875
