walltime(s),cputime(s),systime(s),usertime(s),memory(GB)
832.8624174594879,1665.607495,0.026668999999999998,1665.580826,0.2511863708496094
828.1335575580597,1656.1831470000004,0.015995999999999955,1656.1671510000003,0.2511863708496094
819.7943291664124,1639.4986900000004,0.01999899999999999,1639.4786910000003,0.2511863708496094
831.0306525230408,1661.9454269999997,0.027998999999999996,1661.9174279999997,0.2511863708496094
