walltime(s),cputime(s),systime(s),usertime(s),memory(GB)
849.7894134521484,1698.296142,0.305883,1697.990259,0.42301177978515625
848.0872671604156,1695.540699,0.2479929999999999,1695.292706,0.42301177978515625
847.4032754898071,1694.3701109999997,0.179991,1694.1901199999998,0.42301177978515625
827.4336314201355,1654.3714139999997,0.248,1654.1234139999997,0.42301177978515625
