walltime(s),cputime(s),systime(s),usertime(s),memory(GB)
469.60629773139954,938.1649339999999,0.146839,938.0180949999999,0.2630615234375
473.48164796829224,946.67248,0.09600399999999998,946.576476,0.2701835632324219
464.9086606502533,929.4813209999999,0.14800000000000002,929.3333209999998,0.2701835632324219
476.43587613105774,952.437401,0.13600299999999999,952.3013980000001,0.2701835632324219
471.5676281452179,942.7620699999998,0.09999900000000006,942.6620709999997,0.2701835632324219
473.6705148220062,947.0454899999999,0.0839939999999999,946.9614959999999,0.2701835632324219
481.35965371131897,962.4188639999995,0.10399599999999998,962.3148679999995,0.2701835632324219
