walltime(s),cputime(s),systime(s),usertime(s),memory(GB)
189.83568453788757,379.624029,0.013817999999999997,379.610211,0.22510910034179688
194.3035271167755,388.591091,0.012009999999999965,388.57908100000003,0.22559356689453125
193.02030444145203,386.015334,0.020008000000000026,385.995326,0.22559356689453125
199.77361822128296,399.5280569999999,0.024002000000000023,399.5040549999999,0.22559356689453125
186.65309357643127,373.28713699999986,0.056003000000000025,373.2311339999999,0.22559356689453125
191.2680253982544,382.51224300000007,0.03200100000000006,382.4802420000001,0.22559356689453125
194.83519172668457,389.65291,0.020001999999999964,389.63290800000004,0.22559356689453125
195.8258171081543,391.633831,0.028001000000000054,391.60582999999997,0.22559356689453125
196.45322442054749,392.88061899999985,0.03600300000000001,392.84461599999986,0.22559356689453125
192.2185697555542,384.4129010000004,0.07200300000000004,384.3408980000004,0.22559356689453125
194.53256750106812,389.0324710000004,0.032000999999999946,389.0004700000004,0.22559356689453125
198.3376955986023,396.65271200000024,0.031999,396.62071300000025,0.22559356689453125
194.24877953529358,388.4716879999996,0.012000999999999928,388.4596869999996,0.22559356689453125
196.4252645969391,392.827497,0.028000000000000025,392.799497,0.22559356689453125
195.68727231025696,391.3443229999993,0.01200100000000004,391.3323219999993,0.22559356689453125
196.4870502948761,392.9492460000001,0.01200100000000004,392.9372450000001,0.22559356689453125
197.10694694519043,394.1924790000004,0.020000999999999935,394.1724780000004,0.22559356689453125
196.0693359375,392.11089200000015,0.020000000000000018,392.09089200000017,0.22559356689453125
