walltime(s),cputime(s),systime(s),usertime(s),memory(GB)
2519.4908752441406,14923.71383,21.271047999999997,14902.442782,3.690998077392578
