walltime(s),cputime(s),systime(s),usertime(s),memory(GB)
642.1177048683167,1283.960767,0.04439099999999996,1283.9163760000001,0.264129638671875
645.2993049621582,1290.4606220000003,0.03599399999999997,1290.4246280000002,0.264129638671875
638.0442428588867,1275.9298780000004,0.03599599999999997,1275.8938820000003,0.264129638671875
641.9921507835388,1283.8556709999998,0.04399799999999998,1283.8116729999997,0.264129638671875
646.20836353302,1292.2401030000008,0.05999699999999997,1292.1801060000007,0.264129638671875
