walltime(s),cputime(s),systime(s),usertime(s),memory(GB)
687.0188364982605,1369.593582,0.579908,1369.013674,0.4607124328613281
680.6418297290802,1360.25815,0.40801299999999996,1359.850137,0.4607124328613281
693.1520540714264,1385.3504830000002,0.4040109999999999,1384.946472,0.4607124328613281
677.090487241745,1353.2837920000004,0.41601500000000025,1352.8677770000004,0.4607124328613281
686.8087334632874,1371.2736559999998,0.392007,1370.881649,0.4607124328613281
