walltime(s),cputime(s),systime(s),usertime(s),memory(GB)
476.3688015937805,952.1670340000001,0.283349,951.883685,0.3224678039550781
480.1801390647888,960.0800929999999,0.19198899999999997,959.8881039999999,0.32421112060546875
477.4515862464905,954.6963160000001,0.2719980000000001,954.4243180000001,0.32421112060546875
478.53782510757446,956.8935760000003,0.23999700000000002,956.6535790000003,0.32421112060546875
479.4517734050751,958.6947910000001,0.2599960000000001,958.4347950000001,0.32421112060546875
478.6773452758789,957.1573299999994,0.2200010000000001,956.9373289999994,0.32421112060546875
476.516517162323,952.8116900000003,0.25199099999999985,952.5596990000004,0.32421112060546875
