walltime(s),cputime(s),systime(s),usertime(s),memory(GB)
1271.7469310760498,2543.309252,0.05693500000000001,2543.252317,0.24599456787109375
1287.714506149292,2575.30574,0.036004999999999954,2575.269735,0.24599456787109375
