walltime(s),cputime(s),systime(s),usertime(s),memory(GB)
955.6420266628265,1911.142876,0.03971400000000003,1911.1031619999999,0.24020767211914062
955.0833406448364,1910.0542000000003,0.055994000000000044,1909.9982060000002,0.24412155151367188
959.3031914234161,1918.4643940000003,0.039997000000000005,1918.4243970000002,0.24412155151367188
