walltime(s),cputime(s),systime(s),usertime(s),memory(GB)
617.5381307601929,1234.7815440000002,0.042995000000000005,1234.7385490000001,0.2632255554199219
619.8233158588409,1239.3865400000002,0.039997000000000005,1239.346543,0.2632255554199219
614.4817409515381,1228.6967930000003,0.03599800000000003,1228.6607950000002,0.2632255554199219
613.5264623165131,1226.8221880000003,0.04799700000000001,1226.7741910000004,0.2632255554199219
610.5818703174591,1220.9363529999994,0.035999,1220.9003539999994,0.2632255554199219
