walltime(s),cputime(s),systime(s),usertime(s),memory(GB)
209.14330101013184,1663.176722,0.02655300000000005,1663.150169,0.24615478515625
256.0339288711548,1600.6438610000002,0.04799000000000009,1600.5958710000002,0.2577247619628906
227.8718991279602,1577.309305,0.035990999999999995,1577.273314,0.2577247619628906
223.23738980293274,1657.4982819999998,0.031999,1657.4662829999997,0.2577247619628906
234.33347415924072,1610.4283849999993,0.047997999999999985,1610.3803869999992,0.2577247619628906
228.74052667617798,1629.9616150000004,0.031999,1629.9296160000004,0.2581901550292969
205.53658080101013,1642.9880850000006,0.05599900000000002,1642.9320860000007,0.2581901550292969
228.21999144554138,1628.670995000001,0.02799700000000005,1628.6429980000012,0.2581901550292969
250.111567735672,1551.3413500000004,0.027999999999999803,1551.3133500000004,0.2581901550292969
244.4777603149414,1573.346173,0.027998999999999885,1573.318174,0.2581901550292969
244.89077925682068,1587.3503189999974,0.011998000000000175,1587.3383209999974,0.2581901550292969
251.99258279800415,1617.2751870000018,0.04799599999999993,1617.2271910000018,0.2581901550292969
222.3242905139923,1676.6382820000008,0.044003000000000014,1676.5942790000008,0.2581901550292969
256.76973366737366,1540.105547,0.015999000000000096,1540.089548,0.2581901550292969
249.205952167511,1592.9908720000003,0.02400200000000008,1592.9668700000002,0.2581901550292969
