walltime(s),cputime(s),systime(s),usertime(s),memory(GB)
688.0890972614288,1371.5494600000002,0.563032,1370.9864280000002,0.4581298828125
691.2119040489197,1381.0768180000002,0.40795499999999996,1380.6688630000003,0.4581298828125
682.2508652210236,1363.1224240000001,0.3399619999999999,1362.7824620000001,0.4581298828125
689.6616475582123,1377.7898380000004,0.47594499999999984,1377.3138930000005,0.4581298828125
692.1630902290344,1382.890645,0.33596000000000004,1382.554685,0.4581298828125
