walltime(s),cputime(s),systime(s),usertime(s),memory(GB)
399.299010515213,798.4920119999999,0.021440000000000015,798.470572,0.2289886474609375
397.31670594215393,794.5795369999998,0.011993000000000031,794.5675439999999,0.2289886474609375
401.0475244522095,802.041303,0.008000000000000007,802.0333029999999,0.2289886474609375
403.0821475982666,806.121827,0.015998000000000012,806.1058290000001,0.2289886474609375
400.86084270477295,801.6718470000003,0.008000000000000007,801.6638470000003,0.2289886474609375
414.1578686237335,828.2639509999996,0.0040000000000000036,828.2599509999995,0.2289886474609375
402.80390763282776,805.5484180000003,0.016000999999999987,805.5324170000004,0.2289886474609375
403.2156858444214,806.3517670000003,0.008000000000000007,806.3437670000003,0.2289886474609375
