walltime(s),cputime(s),systime(s),usertime(s),memory(GB)
707.9440524578094,1415.605489,0.04700599999999999,1415.558483,0.2725028991699219
703.5114085674286,1406.858774,0.03599199999999997,1406.822782,0.2725028991699219
711.8918325901031,1423.564451,0.039997000000000005,1423.5244539999999,0.2725028991699219
697.0265493392944,1393.7680760000005,0.04400000000000004,1393.7240760000004,0.2725028991699219
708.6726310253143,1417.131482,0.06799900000000003,1417.063483,0.2725028991699219
