walltime(s),cputime(s),systime(s),usertime(s),memory(GB)
199.99651765823364,399.915235,0.019479000000000024,399.895756,0.2639923095703125
198.6905870437622,397.3395960000001,0.027955000000000008,397.31164100000007,0.2639923095703125
204.41172313690186,408.788668,0.023980999999999975,408.764687,0.2639923095703125
200.53572297096252,401.03135400000014,0.027992000000000017,401.00336200000015,0.2639923095703125
199.4088261127472,398.7787410000001,0.015995000000000092,398.7627460000001,0.2639923095703125
202.09830379486084,404.1602119999998,0.01999800000000007,404.1402139999998,0.2639923095703125
202.72363352775574,405.408847,0.015998999999999985,405.39284799999996,0.2639923095703125
195.04341530799866,390.0404140000001,0.01599700000000004,390.0244170000001,0.2639923095703125
194.9096372127533,389.78880300000014,0.01999799999999996,389.76880500000016,0.2639923095703125
194.6100480556488,389.1839909999999,0.04399900000000001,389.1399919999999,0.2639923095703125
199.77750635147095,399.5083019999999,0.031999,399.4763029999999,0.2639923095703125
199.91783905029297,399.8021990000002,0.02799800000000008,399.7742010000002,0.2639923095703125
198.20234513282776,396.3693490000004,0.0199990000000001,396.3493500000004,0.2639923095703125
197.20003080368042,394.36773799999975,0.015999000000000096,394.3517389999997,0.2639923095703125
201.89813423156738,403.76861599999995,0.02400000000000002,403.74461599999995,0.2639923095703125
198.10460901260376,396.1700829999997,0.035997999999999974,396.1340849999997,0.2639923095703125
197.88488626480103,395.7371899999998,0.023999000000000104,395.7131909999998,0.2639923095703125
198.559020280838,397.07445100000024,0.015998999999999874,397.0584520000002,0.2639923095703125
