walltime(s),cputime(s),systime(s),usertime(s),memory(GB)
3458.70214343071,6801.187273999999,7.661887999999999,6793.525385999999,1.4962959289550781
