walltime(s),cputime(s),systime(s),usertime(s),memory(GB)
857.8168370723724,1713.3039079999999,0.49169299999999994,1712.812215,0.42911529541015625
866.4588296413422,1732.316636,0.22799400000000003,1732.088642,0.42911529541015625
851.961386680603,1703.2248829999996,0.29999599999999993,1702.9248869999997,0.42911529541015625
864.2469112873077,1727.8790680000002,0.2919879999999999,1727.5870800000002,0.42911529541015625
