walltime(s),cputime(s),systime(s),usertime(s),memory(GB)
397.80105924606323,795.181529,0.04586699999999999,795.1356619999999,0.23401641845703125
393.84903597831726,787.483239,0.03998500000000005,787.443254,0.23401641845703125
389.6550543308258,779.1408470000001,0.02799400000000002,779.1128530000001,0.23401641845703125
391.103257894516,782.0546190000001,0.03999699999999995,782.0146220000001,0.23401641845703125
395.3687505722046,790.5670939999999,0.03200000000000003,790.5350939999998,0.23401641845703125
398.52389097213745,796.8811860000002,0.047999000000000014,796.8331870000002,0.23401641845703125
394.752158164978,789.3244979999997,0.028000000000000025,789.2964979999997,0.23401641845703125
399.7975664138794,799.40952,0.03200000000000003,799.37752,0.23401641845703125
409.9183237552643,819.6703499999993,0.03600000000000003,819.6343499999994,0.23401641845703125
