walltime(s),cputime(s),systime(s),usertime(s),memory(GB)
582.2720863819122,1164.471149,0.022242999999999957,1164.448906,0.23118972778320312
573.2032644748688,1146.3509099999997,0.027988999999999986,1146.3229209999997,0.24530410766601562
570.246321439743,1140.425881,0.027995999999999965,1140.3978849999999,0.24530410766601562
574.3364336490631,1148.623643,0.00799800000000006,1148.6156449999999,0.24530410766601562
584.7636051177979,1169.4756309999998,0.03199799999999997,1169.4436329999999,0.24530410766601562
574.5745193958282,1149.1063079999997,0.01200000000000001,1149.0943079999997,0.24530410766601562
