walltime(s),cputime(s),systime(s),usertime(s),memory(GB)
638.9355092048645,1277.6437340000002,0.06333500000000003,1277.5803990000002,0.2619590759277344
635.0350728034973,1269.923337,0.031997,1269.89134,0.2688255310058594
637.7643027305603,1275.3826220000003,0.031999,1275.3506230000003,0.2688255310058594
638.7760622501373,1277.3708910000005,0.01999899999999999,1277.3508920000004,0.2688255310058594
639.7942795753479,1279.4207939999997,0.040000000000000036,1279.3807939999997,0.2688255310058594
