walltime(s),cputime(s),systime(s),usertime(s),memory(GB)
420.6397304534912,841.127668,0.028786000000000034,841.098882,0.24039840698242188
427.5776615142822,855.077969,0.01999899999999999,855.0579700000001,0.24233245849609375
423.8238523006439,847.5685449999999,0.016000999999999987,847.5525439999999,0.24233245849609375
424.3275978565216,848.5846369999998,0.019999000000000045,848.5646379999998,0.24233245849609375
420.6658773422241,841.2567409999998,0.02399999999999991,841.2327409999998,0.24233245849609375
429.41449999809265,858.7403280000001,0.008000000000000007,858.732328,0.24233245849609375
423.03978204727173,845.9722619999999,0.011998999999999982,845.9602629999999,0.24233245849609375
417.9287939071655,835.7767319999999,0.02400000000000002,835.7527319999999,0.24233245849609375
