walltime(s),cputime(s),systime(s),usertime(s),memory(GB)
467.7007191181183,3727.7297630000003,0.5653400000000002,3727.164423,0.4106292724609375
465.9317743778229,3723.051237,0.451975,3722.599262,0.41788482666015625
467.47666239738464,3735.0126570000007,0.6479709999999996,3734.364686000001,0.41788482666015625
468.44709038734436,3736.418347,0.5599720000000001,3735.858375,0.41788482666015625
469.06996035575867,3747.3622539999983,0.4959959999999999,3746.866257999998,0.41788482666015625
473.14027190208435,3779.8347779999995,0.491997,3779.3427809999994,0.41788482666015625
472.79563570022583,3776.8385630000025,0.4320050000000002,3776.4065580000024,0.41788482666015625
