walltime(s),cputime(s),systime(s),usertime(s),memory(GB)
359.25206327438354,718.414171,0.042496000000000034,718.371675,0.2659111022949219
374.39513397216797,748.744328,0.02799400000000002,748.716334,0.2659111022949219
368.22032856941223,736.3976419999998,0.015998000000000012,736.3816439999998,0.2659111022949219
363.13435339927673,726.2030709999999,0.023998999999999993,726.1790719999999,0.2659111022949219
365.4652588367462,730.8945619999998,0.016000000000000014,730.8785619999999,0.2659111022949219
358.716260433197,717.3833189999997,0.02400000000000002,717.3593189999997,0.2659111022949219
355.87468671798706,711.7019160000007,0.027999999999999914,711.6739160000006,0.2659111022949219
360.35753059387207,720.6430390000007,0.04799999999999993,720.5950390000007,0.2659111022949219
367.447735786438,734.834527,0.023998999999999993,734.810528,0.2659111022949219
