walltime(s),cputime(s),systime(s),usertime(s),memory(GB)
441.88467621803284,883.6131529999999,0.042435999999999974,883.570717,0.23342132568359375
433.4783637523651,866.880691,0.020000000000000018,866.860691,0.23616790771484375
433.96357893943787,867.8382610000001,0.011998000000000009,867.8262630000002,0.23616790771484375
435.6664080619812,871.2530100000001,0.015998999999999985,871.2370110000002,0.23616790771484375
439.99178767204285,879.8797569999999,0.004000999999999977,879.8757559999999,0.23616790771484375
432.73823523521423,865.3807709999999,0.015998999999999985,865.3647719999999,0.23616790771484375
447.32453751564026,894.5327720000005,0.016001000000000043,894.5167710000005,0.23616790771484375
475.2037217617035,950.1835110000001,0.007993000000000028,950.175518,0.23616790771484375
