walltime(s),cputime(s),systime(s),usertime(s),memory(GB)
376.4982180595398,752.898041,0.019540000000000002,752.878501,0.22173309326171875
381.7772796154022,763.4938520000002,0.019984000000000002,763.4738680000002,0.22173309326171875
375.2550582885742,750.444504,0.011996000000000007,750.4325080000001,0.22173309326171875
378.59134101867676,757.1114479999998,0.019996999999999987,757.0914509999998,0.22173309326171875
370.99343967437744,741.9373819999998,0.02399699999999999,741.9133849999998,0.22173309326171875
373.22544169425964,746.3990189999997,0.007999999999999952,746.3910189999997,0.22173309326171875
374.1360113620758,748.2057050000001,0.015998999999999985,748.1897060000001,0.22173309326171875
382.73934507369995,765.4319649999999,0.015997999999999957,765.4159669999999,0.22173309326171875
400.7641975879669,801.4022929999998,0.011998999999999982,801.3902939999998,0.22173309326171875
