walltime(s),cputime(s),systime(s),usertime(s),memory(GB)
608.1636810302734,1214.15622,0.064992,1214.091228,0.30342864990234375
618.9053463935852,1237.533871,0.08399899999999999,1237.4498720000001,0.30342864990234375
612.3105895519257,1224.3096589999998,0.11999399999999993,1224.1896649999999,0.30342864990234375
600.3387796878815,1200.3717950000002,0.13599400000000006,1200.2358010000003,0.30342864990234375
641.3607482910156,1282.4038919999996,0.21998800000000007,1282.1839039999995,0.306304931640625
