walltime(s),cputime(s),systime(s),usertime(s),memory(GB)
373.46671175956726,746.833887,0.021376000000000006,746.812511,0.22692108154296875
373.7908444404602,747.4815070000001,0.012005999999999961,747.469501,0.22803115844726562
374.01502418518066,747.937801,0.02000200000000002,747.9177990000001,0.22803115844726562
371.6913204193115,743.311685,0.00800099999999998,743.303684,0.22803115844726562
368.37248706817627,736.6680139999999,0.016000999999999987,736.6520129999999,0.22803115844726562
372.6568558216095,745.2459610000001,0.016000999999999987,745.2299600000001,0.22803115844726562
376.97241282463074,753.8666970000004,0.016000999999999987,753.8506960000004,0.22803115844726562
407.1006374359131,814.1222129999999,0.008000000000000007,814.1142129999998,0.22803115844726562
399.0206892490387,797.9518649999994,0.016000000000000014,797.9358649999995,0.22803115844726562
