walltime(s),cputime(s),systime(s),usertime(s),memory(GB)
544.6819822788239,1089.2278119999999,0.012693999999999983,1089.2151179999998,0.22332000732421875
545.0423905849457,1089.9851160000003,0.024001999999999968,1089.9611140000002,0.22332000732421875
546.1584801673889,1092.2081609999998,0.01200000000000001,1092.1961609999998,0.22332000732421875
555.7301228046417,1111.3534530000002,0.027997999999999967,1111.3254550000001,0.22332000732421875
549.3921825885773,1098.6962500000006,0.011998999999999982,1098.6842510000006,0.22332000732421875
571.224835395813,1142.3516670000004,0.020000000000000018,1142.3316670000004,0.22332000732421875
