walltime(s),cputime(s),systime(s),usertime(s),memory(GB)
420.51210618019104,3246.1659290000002,1.8894540000000002,3244.276475,0.7372093200683594
398.36152815818787,3168.8417069999996,1.5278340000000004,3167.3138729999996,0.7402191162109375
403.2059142589569,3208.734183999999,1.707818,3207.026365999999,0.7402191162109375
403.8642964363098,3213.22697,2.051876,3211.175094,0.7402191162109375
397.9824664592743,3166.329123999999,1.4519939999999991,3164.877129999999,0.7402191162109375
401.25345492362976,3192.194527,1.6038930000000011,3190.590634,0.7402191162109375
402.07539558410645,3194.417475999998,2.095891,3192.321584999998,0.7402191162109375
403.8185336589813,3209.8457639999997,1.8279899999999998,3208.017774,0.7402191162109375
