walltime(s),cputime(s),systime(s),usertime(s),memory(GB)
940.0263710021973,1879.8993659999999,0.04201299999999997,1879.8573529999999,0.2220458984375
978.6481647491455,1957.156314,0.02000200000000002,1957.136312,0.2220458984375
960.0941677093506,1920.0672700000002,0.02000099999999999,1920.0472690000001,0.2220458984375
