walltime(s),cputime(s),systime(s),usertime(s),memory(GB)
209.99154806137085,1677.8468030000001,0.08854099999999993,1677.758262,0.27655792236328125
208.38520431518555,1665.246222,0.035995,1665.210227,0.2846527099609375
209.2414574623108,1672.339424,0.07198700000000002,1672.267437,0.28491973876953125
208.6857042312622,1667.7125409999999,0.06799699999999997,1667.6445439999998,0.2853431701660156
210.33284401893616,1681.347146,0.063994,1681.283152,0.28536224365234375
204.87379717826843,1637.3837849999989,0.08399600000000007,1637.2997889999988,0.28536224365234375
209.57004237174988,1674.6490869999993,0.05199700000000007,1674.5970899999993,0.2855110168457031
208.632422208786,1667.733481,0.07599500000000003,1667.657486,0.2855110168457031
207.97382426261902,1662.0829969999986,0.07600000000000007,1662.0069969999986,0.2855110168457031
213.12804698944092,1703.416246000001,0.07999400000000012,1703.336252000001,0.2855110168457031
207.59747314453125,1659.1254999999996,0.05999199999999982,1659.0655079999997,0.2855110168457031
212.4267246723175,1697.550007000001,0.09599800000000003,1697.454009000001,0.2855110168457031
206.86532306671143,1653.2220770000004,0.06399900000000014,1653.1580780000004,0.2855110168457031
206.9789273738861,1654.0691660000005,0.059997999999999996,1654.0091680000005,0.2855110168457031
211.66934657096863,1691.4811650000004,0.05200300000000002,1691.4291620000004,0.2855110168457031
210.32367968559265,1680.815734000002,0.07999899999999993,1680.735735000002,0.2855110168457031
210.0933015346527,1678.960744000003,0.103993,1678.856751000003,0.2855110168457031
