walltime(s),cputime(s),systime(s),usertime(s),memory(GB)
758.9823124408722,5905.646607000001,4.608465,5901.038142,1.0011978149414062
740.6755380630493,5896.637154000001,3.8681649999999994,5892.768989000001,1.0011978149414062
744.5216853618622,5927.363033,4.1160689999999995,5923.246964,1.0011978149414062
762.8897485733032,6073.672240999999,4.844073999999999,6068.828167,1.0011978149414062
