walltime(s),cputime(s),systime(s),usertime(s),memory(GB)
403.4571120738983,806.4194729999999,0.059594000000000036,806.359879,0.258087158203125
400.6922264099121,801.2504169999999,0.035997,801.2144199999999,0.2667388916015625
406.6093544960022,813.055425,0.056001999999999996,812.999423,0.2667388916015625
396.5594584941864,792.983067,0.03999900000000001,792.943068,0.2667388916015625
396.8023383617401,793.471377,0.03600100000000006,793.4353759999999,0.2667388916015625
398.9386360645294,797.754782,0.05999999999999994,797.694782,0.2667388916015625
405.8111939430237,811.4831550000007,0.05599900000000002,811.4271560000007,0.2667388916015625
400.71925497055054,801.3198850000001,0.035999,801.2838860000002,0.2667388916015625
394.56945180892944,788.9480119999998,0.047997999999999985,788.9000139999998,0.2667388916015625
