walltime(s),cputime(s),systime(s),usertime(s),memory(GB)
864.0790948867798,1727.150061,0.24198400000000003,1726.908077,0.3154754638671875
883.2088997364044,1766.036365,0.235989,1765.800376,0.3239784240722656
881.3744921684265,1762.3805730000004,0.25199099999999997,1762.1285820000003,0.3241081237792969
881.7645807266235,1763.2289640000001,0.24798999999999993,1762.980974,0.32439422607421875
