walltime(s),cputime(s),systime(s),usertime(s),memory(GB)
177.94095182418823,1420.8342200000002,0.06503199999999998,1420.7691880000002,0.28951263427734375
175.69507765769958,1403.2979930000001,0.02800400000000003,1403.2699890000001,0.29974365234375
178.2164535522461,1423.4135800000006,0.05199900000000002,1423.3615810000006,0.29974365234375
177.37657809257507,1416.9848519999998,0.03600199999999998,1416.9488499999998,0.29974365234375
176.77277159690857,1412.2261619999997,0.08799900000000005,1412.1381629999996,0.29974365234375
177.70585107803345,1419.5669840000003,0.051999999999999935,1419.5149840000004,0.2999000549316406
175.52256727218628,1402.3805080000013,0.09199500000000005,1402.2885130000013,0.2999000549316406
174.65160059928894,1394.781421,0.06000099999999997,1394.7214199999999,0.2999000549316406
176.1014666557312,1406.2143769999993,0.05600100000000008,1406.1583759999994,0.2999000549316406
176.7611379623413,1412.0879180000002,0.08799800000000002,1411.9999200000002,0.2999000549316406
177.29305958747864,1416.2749249999993,0.03199799999999997,1416.2429269999993,0.2999000549316406
178.5842306613922,1426.4488330000004,0.07599700000000009,1426.3728360000005,0.2999000549316406
177.64974856376648,1418.7640880000001,0.05599799999999999,1418.70809,0.2999000549316406
176.90917086601257,1413.2169609999983,0.07999500000000004,1413.1369659999982,0.2999000549316406
179.60479354858398,1434.8656949999984,0.04400100000000018,1434.8216939999984,0.2999000549316406
178.10008096694946,1422.6665819999978,0.07200000000000006,1422.594581999998,0.2999000549316406
179.17784452438354,1431.3566710000016,0.055998000000000214,1431.3006730000016,0.2999000549316406
179.3624165058136,1432.724621999999,0.02800099999999972,1432.6966209999991,0.2999000549316406
177.37550926208496,1416.8569209999998,0.06799900000000014,1416.7889219999997,0.2999000549316406
178.38833665847778,1424.7591030000012,0.05199799999999977,1424.7071050000013,0.2999000549316406
