walltime(s),cputime(s),systime(s),usertime(s),memory(GB)
169.30688071250916,1353.486054,0.03823499999999996,1353.447819,0.24166107177734375
174.5663139820099,1396.011663,0.04399000000000003,1395.967673,0.25672149658203125
175.24468684196472,1401.1738980000002,0.02800400000000003,1401.1458940000002,0.2570381164550781
174.8768184185028,1398.370935,0.040000000000000036,1398.330935,0.2574195861816406
172.62839102745056,1380.2743979999998,0.023997999999999964,1380.2504,0.25760650634765625
172.71559286117554,1380.8787870000003,0.07999800000000001,1380.7987890000004,0.25760650634765625
173.53387761116028,1387.5722739999992,0.040000000000000036,1387.5322739999992,0.25760650634765625
176.5801281929016,1412.0683340000003,0.035997999999999974,1412.0323360000002,0.25760650634765625
175.3509123325348,1402.1434409999993,0.055996000000000046,1402.0874449999992,0.25760650634765625
174.27040314674377,1393.511183,0.03199800000000008,1393.4791850000001,0.25760650634765625
176.0356047153473,1407.4998179999989,0.06000000000000005,1407.439817999999,0.25760650634765625
171.01625323295593,1367.5867910000002,0.027997999999999967,1367.5587930000002,0.25760650634765625
168.78588104248047,1349.661401,0.027996999999999828,1349.6334040000002,0.25760650634765625
169.73817014694214,1357.2620000000009,0.031996000000000135,1357.230004000001,0.25760650634765625
170.1845965385437,1360.8135890000024,0.03199899999999989,1360.7815900000023,0.25760650634765625
167.31673049926758,1337.9609929999995,0.02799700000000005,1337.9329959999995,0.25760650634765625
170.87931418418884,1366.5033590000016,0.03600099999999995,1366.4673580000017,0.25760650634765625
170.50640106201172,1363.4173759999996,0.04799700000000007,1363.3693789999998,0.25760650634765625
167.81000018119812,1341.8710069999997,0.027999000000000107,1341.8430079999998,0.25760650634765625
171.38806247711182,1364.3047149999989,0.015999999999999792,1364.2887149999988,0.25760650634765625
