walltime(s),cputime(s),systime(s),usertime(s),memory(GB)
824.820511341095,1649.4728870000001,0.03248800000000002,1649.440399,0.2625579833984375
811.0136535167694,1621.8859490000002,0.011998999999999982,1621.8739500000001,0.2625579833984375
817.128880739212,1634.130891,0.031999,1634.098892,0.2625579833984375
826.9046719074249,1653.685739,0.02400000000000002,1653.6617390000001,0.2625579833984375
