walltime(s),cputime(s),systime(s),usertime(s),memory(GB)
1074.1721923351288,2144.9040600000003,0.9983280000000001,2143.905732,0.4716987609863281
1053.93519115448,2106.92614,0.9759600000000002,2105.95018,0.483245849609375
1060.6324434280396,2120.2416310000003,1.059952,2119.1816790000003,0.4849128723144531
