walltime(s),cputime(s),systime(s),usertime(s),memory(GB)
771.0379965305328,1541.900817,0.02796399999999999,1541.8728529999998,0.24694061279296875
783.3399040699005,1566.5275840000002,0.028002000000000027,1566.4995820000001,0.24694061279296875
760.6223397254944,1521.1122689999997,0.036001000000000005,1521.0762679999998,0.24694061279296875
769.5633056163788,1539.0087830000007,0.032000999999999946,1538.9767820000006,0.24694061279296875
