walltime(s),cputime(s),systime(s),usertime(s),memory(GB)
875.4663548469543,1749.7181460000002,0.40586399999999995,1749.312282,0.426361083984375
886.7304799556732,1772.8754949999998,0.28001200000000015,1772.5954829999998,0.4305076599121094
878.9108669757843,1757.2507169999997,0.3280099999999999,1756.9227069999997,0.4305076599121094
884.9225132465363,1769.2703759999993,0.27200599999999997,1768.9983699999993,0.4305076599121094
