walltime(s),cputime(s),systime(s),usertime(s),memory(GB)
662.1447510719299,1307.856783,1.006148,1306.850635,0.5916633605957031
661.4915981292725,1318.6645170000002,0.9000589999999999,1317.764458,0.5916633605957031
646.6262543201447,1289.386345,0.7600849999999997,1288.62626,0.5916633605957031
665.4020733833313,1326.7805299999998,0.7520530000000001,1326.0284769999998,0.5916633605957031
675.7585299015045,1347.4181310000004,0.6960890000000006,1346.7220420000003,0.5916633605957031
