walltime(s),cputime(s),systime(s),usertime(s),memory(GB)
1324.3063881397247,2646.3145640000002,0.31613399999999997,2645.99843,0.40850067138671875
1318.9885218143463,2637.2632959999996,0.23598900000000012,2637.027307,0.40850067138671875
