walltime(s),cputime(s),systime(s),usertime(s),memory(GB)
404.83339047431946,809.6187550000001,0.02609699999999998,809.592658,0.24164962768554688
411.8144283294678,823.598622,0.01999799999999996,823.578624,0.24164962768554688
393.57539224624634,787.1277740000002,0.008003000000000038,787.1197710000001,0.24164962768554688
413.7035527229309,827.3742930000001,0.008000000000000007,827.366293,0.24164962768554688
412.56057262420654,825.0861480000001,0.008000000000000007,825.078148,0.24164962768554688
413.2645082473755,826.4945170000002,0.00799900000000009,826.4865180000002,0.24164962768554688
398.88940238952637,797.7442689999999,0.020000999999999935,797.7242679999999,0.24164962768554688
414.8079423904419,829.5909919999995,0.01200100000000004,829.5789909999994,0.24164962768554688
