walltime(s),cputime(s),systime(s),usertime(s),memory(GB)
880.6493194103241,1758.876892,0.318339,1758.558553,0.4047889709472656
882.0587732791901,1763.5275290000002,0.30798799999999993,1763.2195410000002,0.4047889709472656
870.6117897033691,1740.5560579999997,0.19199700000000008,1740.3640609999998,0.4047889709472656
878.8624339103699,1757.1747789999993,0.195994,1756.9787849999993,0.4047889709472656
