walltime(s),cputime(s),systime(s),usertime(s),memory(GB)
466.5886356830597,930.611322,0.18723399999999996,930.424088,0.41072845458984375
471.30676341056824,942.188593,0.19599699999999998,941.9925959999999,0.41072845458984375
474.14447379112244,947.9056529999999,0.176006,947.7296469999999,0.41072845458984375
468.46396136283875,936.5543079999998,0.200002,936.3543059999997,0.41072845458984375
463.4062201976776,926.4017189999998,0.21200700000000006,926.1897119999999,0.41072845458984375
483.3355767726898,966.2937749999998,0.1879980000000001,966.1057769999998,0.41072845458984375
470.4910752773285,940.6184739999993,0.18799600000000005,940.4304779999993,0.41072845458984375
