walltime(s),cputime(s),systime(s),usertime(s),memory(GB)
541.1921725273132,1082.294587,0.019757000000000025,1082.27483,0.23963165283203125
547.9109871387482,1095.7430580000002,0.011992999999999976,1095.7310650000002,0.23963165283203125
550.0111408233643,1099.9649670000001,0.007996000000000003,1099.956971,0.23963165283203125
560.1679418087006,1120.260467,0.007999000000000034,1120.2524680000001,0.23963165283203125
543.4037919044495,1086.7491730000004,0.011999999999999955,1086.7371730000004,0.23963165283203125
542.7293875217438,1085.394887,0.01599999999999996,1085.3788869999998,0.23963165283203125
