walltime(s),cputime(s),systime(s),usertime(s),memory(GB)
446.1619372367859,892.195241,0.05337599999999998,892.141865,0.23990631103515625
424.1393721103668,848.203684,0.12400699999999998,848.079677,0.23990631103515625
439.7154371738434,879.349365,0.092001,879.257364,0.23990631103515625
435.76064372062683,871.4452859999998,0.10799499999999995,871.3372909999998,0.23990631103515625
434.0731363296509,868.0677040000004,0.03999900000000001,868.0277050000004,0.23990631103515625
443.84925174713135,887.6225179999998,0.035998000000000085,887.5865199999998,0.23990631103515625
431.3209249973297,862.5679129999995,0.035998000000000085,862.5319149999996,0.23990631103515625
441.5807704925537,883.0852310000006,0.035997999999999974,883.0492330000006,0.23990631103515625
