walltime(s),cputime(s),systime(s),usertime(s),memory(GB)
380.1684443950653,760.216774,0.019309999999999994,760.197464,0.2170867919921875
386.4513187408447,772.837734,0.016000000000000014,772.821734,0.2170867919921875
394.6798794269562,789.279349,0.016000000000000014,789.2633490000001,0.2170867919921875
391.88170862197876,783.6893170000002,0.016000000000000014,783.6733170000002,0.2170867919921875
389.9303333759308,779.7872880000002,0.008000000000000007,779.7792880000002,0.2170867919921875
384.3832106590271,768.6947290000002,0.03200000000000003,768.6627290000001,0.2170867919921875
382.25009179115295,764.4245319999999,0.00800099999999998,764.4165309999998,0.2170867919921875
389.0999081134796,778.1239140000002,0.020000000000000018,778.1039140000003,0.2170867919921875
417.12047815322876,833.6163910000007,0.023984999999999923,833.5924060000007,0.2170867919921875
