walltime(s),cputime(s),systime(s),usertime(s),memory(GB)
630.4662439823151,1260.82835,0.06437600000000004,1260.763974,0.2608070373535156
648.4215452671051,1296.762381,0.024000999999999995,1296.73838,0.2624359130859375
636.5840711593628,1273.0870830000001,0.02000099999999999,1273.067082,0.2624359130859375
627.281947851181,1254.4874230000003,0.020001000000000047,1254.4674220000002,0.2624359130859375
637.3351159095764,1274.5819880000001,0.020000999999999935,1274.561987,0.2624359130859375
