walltime(s),cputime(s),systime(s),usertime(s),memory(GB)
214.32230019569397,428.51493700000003,0.020778000000000074,428.494159,0.23247528076171875
214.3128683567047,428.5912860000001,0.02397500000000008,428.5673110000001,0.233184814453125
220.46143007278442,440.89148399999993,0.003994999999999971,440.88748899999996,0.2334136962890625
217.53183341026306,435.0346529999999,0.016000000000000014,435.01865299999986,0.23344039916992188
212.44122338294983,424.8530130000003,0.015997999999999957,424.8370150000003,0.23344802856445312
212.64806175231934,425.264198,0.011998999999999982,425.252199,0.23345184326171875
218.29581212997437,436.55215400000003,0.007998999999999978,436.54415500000005,0.23345947265625
218.18215680122375,436.3335369999999,0.00799800000000006,436.32553899999994,0.23347091674804688
218.00798964500427,435.98724400000003,0.0040000000000000036,435.983244,0.23347854614257812
211.56912422180176,423.1128650000001,0.007998999999999978,423.10486600000013,0.23350143432617188
218.0275354385376,436.0110050000001,0.015998999999999985,435.9950060000001,0.23350143432617188
219.73126745224,439.426086,0.007998999999999978,439.418087,0.23350906372070312
214.89990258216858,429.7688250000003,0.008000000000000007,429.7608250000003,0.23351287841796875
214.82462096214294,429.60623500000037,0.008000000000000007,429.5982350000004,0.23351287841796875
219.8571901321411,439.6840529999998,0.015999000000000096,439.66805399999976,0.23351669311523438
217.6449499130249,435.25364600000006,0.01200100000000004,435.24164500000006,0.2335205078125
