walltime(s),cputime(s),systime(s),usertime(s),memory(GB)
419.7225103378296,3355.379881,0.0639940000000001,3355.3158869999997,0.2702140808105469
417.454225063324,3337.868297,0.039992999999999945,3337.828304,0.27977752685546875
416.9761333465576,3334.384441,0.035995,3334.348446,0.27977752685546875
421.8093898296356,3372.7040150000003,0.05999399999999999,3372.644021,0.27977752685546875
416.2640905380249,3328.557539999998,0.08799499999999993,3328.469544999998,0.27977752685546875
419.0308949947357,3350.390779000001,0.03600000000000014,3350.354779000001,0.27977752685546875
424.25966024398804,3391.763567999999,0.10400100000000001,3391.659566999999,0.27977752685546875
413.1540787220001,3303.7313350000013,0.06400199999999989,3303.6673330000012,0.27977752685546875
