walltime(s),cputime(s),systime(s),usertime(s),memory(GB)
828.5097219944,1656.8008969999998,0.03078900000000001,1656.770108,0.2678260803222656
826.5211517810822,1652.85899,0.047994999999999954,1652.810995,0.2678260803222656
833.1776702404022,1666.1574990000001,0.06000100000000003,1666.097498,0.2678260803222656
824.9217014312744,1649.6326899999995,0.03600000000000003,1649.5966899999994,0.2678260803222656
