walltime(s),cputime(s),systime(s),usertime(s),memory(GB)
1126.0636086463928,2251.896263,0.05332300000000001,2251.84294,0.2694053649902344
1124.0546865463257,2247.992092,0.047999000000000014,2247.944093,0.2777252197265625
1139.8587927818298,2279.5810970000007,0.04800199999999999,2279.5330950000007,0.2777252197265625
