walltime(s),cputime(s),systime(s),usertime(s),memory(GB)
413.81611824035645,827.535282,0.023635000000000017,827.511647,0.19272994995117188
410.99890327453613,821.920342,0.015998000000000012,821.904344,0.1938629150390625
418.6400535106659,837.1925350000001,0.019998000000000016,837.1725370000001,0.1938629150390625
418.1672809123993,836.2592860000001,0.011999000000000037,836.2472870000001,0.1938629150390625
416.94776725769043,833.8328270000006,0.023999000000000048,833.8088280000006,0.1938629150390625
410.1886553764343,820.3001349999998,0.016000000000000014,820.2841349999999,0.1938629150390625
404.2590787410736,808.4249829999999,0.011997999999999953,808.4129849999999,0.1938629150390625
434.6080114841461,868.9498249999999,0.011992000000000003,868.937833,0.1938629150390625
