walltime(s),cputime(s),systime(s),usertime(s),memory(GB)
675.6379232406616,1351.139706,0.027480999999999978,1351.1122249999999,0.2675056457519531
673.6681687831879,1347.2351889999998,0.015996999999999983,1347.2191919999998,0.2726020812988281
673.5338468551636,1346.9605220000003,0.02399499999999999,1346.9365270000003,0.2739067077636719
673.0974473953247,1346.0870710000002,0.047996999999999956,1346.0390740000003,0.2739067077636719
670.4838230609894,1340.871342,0.016000000000000014,1340.8553419999998,0.2739067077636719
