walltime(s),cputime(s),systime(s),usertime(s),memory(GB)
2021.4775230884552,2297.283126,5.388739999999999,2291.894386,2.6566162109375
325.3386480808258,605.473823,6.2282530000000005,599.24557,3.0462646484375
320.1122999191284,597.470237,3.8642860000000017,593.605951,3.1042327880859375
325.59087228775024,606.0081410000001,6.060617000000001,599.9475240000002,3.17083740234375
330.3070363998413,616.2487759999993,6.028788000000002,610.2199879999994,3.17083740234375
