walltime(s),cputime(s),systime(s),usertime(s),memory(GB)
549.775203704834,1099.4205120000001,0.01684800000000003,1099.4036640000002,0.2308807373046875
541.1751048564911,1082.2765590000001,0.02400399999999997,1082.252555,0.23807525634765625
545.2543566226959,1090.411656,0.01600299999999999,1090.395653,0.23807525634765625
530.9422328472137,1061.8005820000003,0.024001999999999968,1061.7765800000002,0.23807525634765625
529.335556268692,1058.59152,0.02800199999999997,1058.563518,0.23807525634765625
529.7641236782074,1059.4627739999996,0.024001999999999968,1059.4387719999995,0.23807525634765625
