walltime(s),cputime(s),systime(s),usertime(s),memory(GB)
394.19566202163696,788.315825,0.011104999999999976,788.30472,0.24169921875
396.6242051124573,793.203344,0.019996000000000014,793.183348,0.24169921875
382.9761471748352,765.90444,0.015998999999999985,765.8884410000001,0.24169921875
394.4604127407074,788.8722359999999,0.019998000000000016,788.8522379999999,0.24169921875
398.86190605163574,797.6751159999999,0.011997999999999953,797.6631179999999,0.24169921875
379.92090678215027,759.7734959999996,0.01999799999999996,759.7534979999996,0.24169921875
383.83108949661255,767.6012049999997,0.015998999999999985,767.5852059999997,0.24169921875
391.7045648097992,783.3613059999996,0.015998999999999985,783.3453069999996,0.24169921875
385.96865463256836,771.8952220000001,0.023998999999999993,771.8712230000001,0.24169921875
