walltime(s),cputime(s),systime(s),usertime(s),memory(GB)
1408.0857758522034,2797.062311,1.3867180000000001,2795.675593,0.7274513244628906
1391.8491079807281,2780.4694930000005,1.2760829999999999,2779.1934100000003,0.7274513244628906
