walltime(s),cputime(s),systime(s),usertime(s),memory(GB)
2839.9411084651947,5652.705935,4.762865,5647.94307,0.975555419921875
