walltime(s),cputime(s),systime(s),usertime(s),memory(GB)
456.77990531921387,911.017415,0.193042,910.824373,0.3979682922363281
448.9901006221771,897.640055,0.19598799999999994,897.4440669999999,0.39911651611328125
443.930593252182,887.3777700000002,0.151999,887.2257710000001,0.39911651611328125
452.8946042060852,905.3676810000001,0.155995,905.2116860000001,0.4040107727050781
453.5453884601593,906.6828040000001,0.1880059999999999,906.4947980000002,0.4040107727050781
456.88260221481323,913.382865,0.207997,913.1748680000001,0.4040107727050781
453.4386842250824,906.4961859999997,0.20799999999999996,906.2881859999998,0.4040107727050781
