walltime(s),cputime(s),systime(s),usertime(s),memory(GB)
880.9518592357635,1761.705708,0.05150900000000003,1761.654199,0.27184295654296875
889.2751770019531,1778.40896,0.035992000000000024,1778.372968,0.2772941589355469
886.2701966762543,1772.420667,0.03999799999999998,1772.3806690000001,0.2772941589355469
895.2626378536224,1790.411553,0.051998000000000044,1790.359555,0.2772941589355469
