walltime(s),cputime(s),systime(s),usertime(s),memory(GB)
539.9814856052399,1079.620337,0.14424399999999998,1079.476093,0.2380828857421875
520.0271003246307,1039.6563110000002,0.19598899999999997,1039.4603220000001,0.2380828857421875
532.2660756111145,1064.103425,0.143996,1063.959429,0.2380828857421875
539.1492710113525,1078.1283439999997,0.088001,1078.0403429999997,0.2380828857421875
527.0506958961487,1053.7734980000005,0.2119930000000001,1053.5615050000006,0.2380828857421875
537.3318061828613,1074.246186,0.1440030000000001,1074.102183,0.2380828857421875
