walltime(s),cputime(s),systime(s),usertime(s),memory(GB)
851.014812707901,1686.6939149999998,0.8571200000000001,1685.836795,0.7279396057128906
849.5988073348999,1696.2929819999997,0.8679670000000002,1695.4250149999998,0.7297935485839844
851.8814532756805,1700.6027259999996,0.8479410000000001,1699.7547849999996,0.7302398681640625
844.5250797271729,1685.7857310000002,0.8439290000000002,1684.9418020000003,0.7302398681640625
