walltime(s),cputime(s),systime(s),usertime(s),memory(GB)
661.2729585170746,1321.99488,0.16352499999999998,1321.831355,0.2346343994140625
662.6727743148804,1324.866665,0.10398600000000002,1324.762679,0.2346343994140625
647.6487836837769,1294.8196630000002,0.03197700000000003,1294.7876860000001,0.2346343994140625
649.2802836894989,1298.0487900000005,0.059984999999999955,1297.9888050000004,0.2346343994140625
644.7174680233002,1288.8726529999997,0.06397699999999995,1288.8086759999997,0.2346343994140625
