walltime(s),cputime(s),systime(s),usertime(s),memory(GB)
785.2159478664398,1570.102872,0.03909400000000002,1570.063778,0.27021026611328125
797.2337255477905,1594.2003960000002,0.039991,1594.160405,0.27021026611328125
788.6178987026215,1576.9883560000003,0.03599600000000003,1576.9523600000002,0.27021026611328125
784.5637724399567,1568.8387860000003,0.039995,1568.7987910000002,0.27021026611328125
