walltime(s),cputime(s),systime(s),usertime(s),memory(GB)
627.9286699295044,1255.6140970000001,0.030556999999999945,1255.58354,0.22972869873046875
615.8982610702515,1231.604719,0.012004999999999988,1231.592714,0.2311553955078125
611.1627502441406,1222.1454599999997,0.008002999999999982,1222.1374569999998,0.2313995361328125
607.7326354980469,1215.3797159999997,0.012008000000000019,1215.3677079999998,0.23150253295898438
603.4740834236145,1206.7522499999998,0.02400399999999997,1206.7282459999997,0.23163986206054688
