walltime(s),cputime(s),systime(s),usertime(s),memory(GB)
41409.60275864601,7216.176076000001,14.215586,7201.96049,1.5032234191894531
1001.013370513916,7058.463340999999,17.227714,7041.235626999999,1.5149955749511719
895.8483517169952,6973.852467999999,13.067680000000003,6960.784787999999,1.5169944763183594
