walltime(s),cputime(s),systime(s),usertime(s),memory(GB)
518.8481976985931,1037.303943,0.08097899999999997,1037.2229639999998,0.19394683837890625
506.6960988044739,1013.0856050000001,0.020013000000000003,1013.0655920000002,0.19394683837890625
508.296053647995,1016.2792439999996,0.023996999999999935,1016.2552469999996,0.19394683837890625
499.1574881076813,998.0063899999998,0.028003999999999918,997.9783859999998,0.19394683837890625
491.93124508857727,983.5582519999999,0.02400000000000002,983.5342519999999,0.19394683837890625
505.34396386146545,1010.3409129999997,0.01999699999999993,1010.3209159999997,0.19394683837890625
498.756676197052,997.1813089999993,0.01999699999999993,997.1613119999993,0.19394683837890625
