walltime(s),cputime(s),systime(s),usertime(s),memory(GB)
162.56221270561218,1275.239276,0.445052,1274.794224,0.41655731201171875
167.62150382995605,1321.616936,0.24395800000000012,1321.3729779999999,0.4255828857421875
159.63482356071472,1257.921658,0.2959689999999999,1257.625689,0.42824554443359375
162.91772985458374,1286.8412250000003,0.28396299999999997,1286.5572620000003,0.4290657043457031
163.23630547523499,1295.8222379999995,0.22800299999999996,1295.5942349999996,0.4290657043457031
190.8429684638977,1308.5734889999994,0.26398600000000005,1308.3095029999995,0.4290657043457031
164.62694883346558,1299.708424,0.27197499999999986,1299.4364489999998,0.4308624267578125
192.25897789001465,1287.5552780000007,0.30396999999999963,1287.2513080000008,0.4308624267578125
170.7726652622223,1302.3345419999996,0.23198100000000021,1302.1025609999997,0.4308624267578125
191.61664128303528,1274.0026549999995,0.235989,1273.7666659999995,0.4308624267578125
161.49257588386536,1280.0067999999994,0.24395999999999995,1279.7628399999994,0.4314765930175781
165.93325471878052,1300.9550069999991,0.44795499999999944,1300.507051999999,0.4314765930175781
161.14523911476135,1276.8209709999987,0.28397000000000006,1276.5370009999988,0.4314765930175781
161.2848925590515,1280.6992379999992,0.24396600000000035,1280.4552719999992,0.4314765930175781
165.5902533531189,1305.1587690000024,0.2639779999999998,1304.8947910000024,0.4314765930175781
164.68550276756287,1304.1828250000024,0.2159810000000002,1303.9668440000023,0.4314765930175781
167.8862669467926,1304.1723760000002,0.27197099999999974,1303.9004050000003,0.4314765930175781
171.57773566246033,1315.9939379999976,0.24797500000000028,1315.7459629999976,0.4314765930175781
173.0186276435852,1336.8429359999993,0.23199400000000026,1336.6109419999993,0.4314765930175781
187.45251607894897,1300.6239529999991,0.33997600000000006,1300.2839769999991,0.4314765930175781
166.06933116912842,1317.0930879999994,0.2879940000000003,1316.8050939999994,0.4314765930175781
