walltime(s),cputime(s),systime(s),usertime(s),memory(GB)
897.6346189975739,1794.990782,0.04359400000000002,1794.947188,0.2674293518066406
885.9333553314209,1771.691042,0.027994999999999992,1771.663047,0.2674293518066406
881.2191228866577,1762.242634,0.04399599999999998,1762.1986379999998,0.2674293518066406
878.4292449951172,1756.696507,0.027997999999999967,1756.668509,0.2674293518066406
