walltime(s),cputime(s),systime(s),usertime(s),memory(GB)
314.49402832984924,2514.597616,0.040327,2514.557289,0.2644920349121094
320.55486845970154,2563.149337,0.19198700000000002,2562.9573499999997,0.27063751220703125
314.1921181678772,2512.5434689999997,0.06798699999999991,2512.475482,0.27063751220703125
316.6664137840271,2532.447813999999,0.027998999999999996,2532.4198149999993,0.27063751220703125
316.0625309944153,2527.8488750000015,0.03600000000000014,2527.8128750000014,0.27063751220703125
318.6298966407776,2548.238591,0.016000000000000014,2548.2225909999997,0.27063751220703125
317.04333448410034,2535.5119490000006,0.023999000000000104,2535.4879500000006,0.27063751220703125
316.0463020801544,2527.602166999999,0.04400000000000004,2527.5581669999992,0.27063751220703125
313.7339687347412,2509.129543000001,0.027999000000000107,2509.101544000001,0.27063751220703125
311.76816034317017,2492.8298790000026,0.14399399999999996,2492.6858850000026,0.27063751220703125
317.2411651611328,2537.1112630000016,0.040000000000000036,2537.0712630000016,0.27063751220703125
