walltime(s),cputime(s),systime(s),usertime(s),memory(GB)
546.0704152584076,1092.042724,0.01782900000000004,1092.024895,0.22267913818359375
560.6537237167358,1121.234226,0.012002999999999986,1121.222223,0.23565673828125
555.2399845123291,1110.41156,0.012000999999999984,1110.399559,0.236236572265625
550.6645662784576,1101.26172,0.016000999999999987,1101.245719,0.236236572265625
547.2496268749237,1094.4205010000003,0.028000000000000025,1094.3925010000003,0.236236572265625
560.3863978385925,1120.6960660000004,0.01200100000000004,1120.6840650000004,0.23628997802734375
