walltime(s),cputime(s),systime(s),usertime(s),memory(GB)
1069.3015987873077,2135.415329,0.551801,2134.863528,0.3598289489746094
1064.9527959823608,2129.002745,0.4399829999999999,2128.5627619999996,0.3598289489746094
1057.6712548732758,2114.4426989999997,0.2919869999999998,2114.1507119999997,0.3644256591796875
