walltime(s),cputime(s),systime(s),usertime(s),memory(GB)
653.3013362884521,1302.0901050000002,0.430982,1301.6591230000001,0.4004631042480469
647.0722508430481,1293.140343,0.29597000000000007,1292.8443730000001,0.4004631042480469
649.345721244812,1297.5991199999999,0.247992,1297.3511279999998,0.4004631042480469
647.5372498035431,1294.0849469999996,0.23598999999999992,1293.8489569999997,0.4004631042480469
666.6852321624756,1332.4221880000002,0.22799499999999995,1332.1941930000003,0.4004631042480469
