walltime(s),cputime(s),systime(s),usertime(s),memory(GB)
564.5180490016937,1128.9332309999998,0.025438000000000016,1128.9077929999999,0.24207305908203125
578.7462177276611,1157.4224570000001,0.016000000000000014,1157.406457,0.253143310546875
567.8459007740021,1135.6132369999998,0.004001000000000032,1135.6092359999998,0.2536582946777344
571.4066028594971,1142.7348080000002,0.020000000000000018,1142.7148080000002,0.2539329528808594
571.1673827171326,1142.2513050000007,0.019999000000000045,1142.2313060000006,0.2539329528808594
567.712076663971,1135.3373010000003,0.027999999999999914,1135.3093010000002,0.2539329528808594
