walltime(s),cputime(s),systime(s),usertime(s),memory(GB)
268.1590690612793,536.204708,0.040308999999999984,536.164399,0.2342376708984375
259.1382164955139,518.22872,0.020001999999999964,518.208718,0.2342376708984375
258.2293539047241,516.3845679999998,0.011998999999999982,516.3725689999999,0.2342376708984375
262.09509086608887,524.136614,0.024000999999999995,524.112613,0.2342376708984375
259.21479392051697,518.3641879999997,0.02000099999999999,518.3441869999997,0.2342376708984375
258.8591775894165,517.6720349999998,0.01200000000000001,517.6600349999999,0.2342376708984375
254.3875846862793,508.73518500000006,0.016000999999999932,508.71918400000004,0.2342376708984375
258.65948724746704,517.2630280000002,0.015999999999999903,517.2470280000002,0.2342376708984375
261.99850273132324,523.9474559999996,0.015998999999999985,523.9314569999997,0.2342376708984375
257.10087060928345,514.1311159999999,0.016000000000000014,514.115116,0.2342376708984375
259.16997742652893,518.282913,0.01200100000000004,518.270912,0.2342376708984375
258.3302090167999,516.606128,0.011998999999999982,516.5941290000001,0.2342376708984375
257.6837091445923,515.3178940000004,0.02400000000000002,515.2938940000004,0.2342376708984375
