walltime(s),cputime(s),systime(s),usertime(s),memory(GB)
1014.8931205272675,2027.619229,0.495596,2027.123633,0.3379669189453125
1008.1510260105133,2015.6080789999999,0.399999,2015.2080799999999,0.3379669189453125
1014.3394291400909,2027.853794,0.34399199999999985,2027.509802,0.3379669189453125
