walltime(s),cputime(s),systime(s),usertime(s),memory(GB)
451.4296691417694,900.197035,0.363277,899.833758,0.4362297058105469
434.12972474098206,867.7376750000001,0.17600300000000002,867.561672,0.4362297058105469
450.5167109966278,900.520591,0.1800060000000001,900.3405849999999,0.4362297058105469
446.0744993686676,891.6419529999997,0.2840079999999998,891.3579449999997,0.4362297058105469
435.12739753723145,869.7754040000007,0.24801000000000006,869.5273940000006,0.4362297058105469
447.6392865180969,894.6651509999995,0.18001200000000006,894.4851389999994,0.4362297058105469
449.1061780452728,897.5958809999997,0.26802000000000015,897.3278609999998,0.4362297058105469
450.4945423603058,900.5124410000003,0.25600299999999976,900.2564380000003,0.4362297058105469
