walltime(s),cputime(s),systime(s),usertime(s),memory(GB)
671.5624742507935,1343.003049,0.044115000000000015,1342.958934,0.21879196166992188
664.7848994731903,1329.4913150000002,0.01599600000000001,1329.4753190000001,0.21879196166992188
667.672693490982,1335.2678800000003,0.01999899999999999,1335.2478810000002,0.21879196166992188
651.7424917221069,1303.4107619999995,0.012000999999999984,1303.3987609999995,0.21879196166992188
685.2455925941467,1370.266758,0.023992999999999987,1370.242765,0.21879196166992188
