walltime(s),cputime(s),systime(s),usertime(s),memory(GB)
400.129278421402,799.3179719999999,0.03625299999999998,799.281719,0.2801322937011719
413.6579875946045,827.113683,0.05198699999999995,827.061696,0.2830696105957031
410.63858699798584,821.070213,0.05599599999999999,821.0142169999999,0.2844352722167969
404.43806648254395,808.697282,0.01999899999999999,808.677283,0.288177490234375
404.845468044281,809.5068279999998,0.035999,809.4708289999999,0.288177490234375
409.7033932209015,819.1904700000001,0.02400000000000002,819.1664700000001,0.288177490234375
409.64620757102966,819.1206439999999,0.035999,819.0846449999999,0.288177490234375
429.05723452568054,857.9171699999997,0.023998999999999993,857.8931709999997,0.288177490234375
