walltime(s),cputime(s),systime(s),usertime(s),memory(GB)
887.7310118675232,1774.438823,0.25440399999999996,1774.184419,0.36421966552734375
883.4539256095886,1766.485543,0.2240089999999999,1766.261534,0.36421966552734375
894.9356062412262,1789.5409600000003,0.3560129999999999,1789.1849470000002,0.36421966552734375
897.7092802524567,1795.1018230000004,0.37200600000000006,1794.7298170000004,0.36421966552734375
