walltime(s),cputime(s),systime(s),usertime(s),memory(GB)
749.4513890743256,1498.3980230000002,0.16111899999999996,1498.236904,0.29102325439453125
752.9441673755646,1505.637602,0.15200099999999994,1505.485601,0.2927131652832031
765.4501707553864,1530.4760239999998,0.18000899999999997,1530.296015,0.2927131652832031
765.2483694553375,1530.188071,0.14400899999999994,1530.044062,0.2927131652832031
