walltime(s),cputime(s),systime(s),usertime(s),memory(GB)
807.2462158203125,1132.10846,1.980908,1130.127552,1.59844970703125
348.00953578948975,680.8212790000001,1.1443410000000003,679.6769380000001,1.6715049743652344
336.8787405490875,657.711444,0.7601959999999996,656.9512480000001,1.6839675903320312
348.20856642723083,680.748177,0.9801500000000001,679.7680270000001,1.7019691467285156
346.43937706947327,677.4912519999998,1.2683519999999993,676.2228999999998,1.7033462524414062
344.6989085674286,673.5376159999997,1.112342,672.4252739999997,1.719451904296875
340.8408434391022,666.633008,1.2402580000000007,665.39275,1.719451904296875
352.627965927124,688.0048299999999,1.2844549999999995,686.7203749999999,1.719451904296875
350.9486265182495,684.8849089999994,1.2880900000000004,683.5968189999994,1.719451904296875
