walltime(s),cputime(s),systime(s),usertime(s),memory(GB)
569.6067638397217,1138.9382469999998,0.067857,1138.8703899999998,0.29486083984375
580.0460872650146,1159.9318799999999,0.075992,1159.8558879999998,0.29486083984375
571.8030977249146,1143.3978529999997,0.07199500000000003,1143.3258579999997,0.29486083984375
567.1425089836121,1134.1060900000004,0.047996999999999956,1134.0580930000006,0.29486083984375
568.6789736747742,1137.157265,0.043997000000000064,1137.113268,0.29486083984375
571.0786130428314,1141.9339260000002,0.063998,1141.869928,0.29486083984375
