walltime(s),cputime(s),systime(s),usertime(s),memory(GB)
781.3789675235748,1562.636866,0.021314,1562.615552,0.23003005981445312
762.5290262699127,1524.9676989999998,0.020001999999999964,1524.9476969999998,0.23003005981445312
786.487735748291,1572.8746349999997,0.016000000000000014,1572.8586349999996,0.23003005981445312
786.6808838844299,1573.262597,0.027998999999999996,1573.234598,0.23003005981445312
