walltime(s),cputime(s),systime(s),usertime(s),memory(GB)
1353.7425730228424,2705.369568,0.322028,2705.04754,0.3998603820800781
1360.2898218631744,2719.9151880000004,0.264007,2719.651181,0.3998603820800781
