walltime(s),cputime(s),systime(s),usertime(s),memory(GB)
542.4990644454956,1084.417682,0.045528999999999986,1084.372153,0.2884101867675781
526.9940142631531,1053.5319920000002,0.04400100000000001,1053.4879910000002,0.2952880859375
523.5081379413605,1046.552424,0.07599199999999995,1046.476432,0.2952880859375
528.4428713321686,1056.431926,0.05199500000000001,1056.379931,0.2952880859375
527.3909242153168,1054.3341850000004,0.035997999999999974,1054.2981870000003,0.2952880859375
528.2587349414825,1056.0372169999998,0.11599000000000004,1055.9212269999998,0.2952880859375
