walltime(s),cputime(s),systime(s),usertime(s),memory(GB)
812.8677034378052,1625.521007,0.03558300000000003,1625.485424,0.2519264221191406
831.4675614833832,1662.765147,0.04399700000000001,1662.72115,0.2519264221191406
821.6328909397125,1643.1007230000005,0.04399900000000001,1643.0567240000005,0.2519264221191406
812.3430273532867,1624.5135760000003,0.023998999999999993,1624.4895770000003,0.2519264221191406
