walltime(s),cputime(s),systime(s),usertime(s),memory(GB)
1236.5029881000519,2472.735935,0.04205599999999998,2472.6938790000004,0.24644851684570312
1231.7373378276825,2463.2547950000003,0.01600299999999999,2463.238792,0.24644851684570312
