walltime(s),cputime(s),systime(s),usertime(s),memory(GB)
1304.7240097522736,2590.759683,1.950291,2588.809392,0.7194366455078125
1351.5612480640411,2699.9259280000006,1.9440459999999997,2697.9818820000005,0.7194366455078125
