walltime(s),cputime(s),systime(s),usertime(s),memory(GB)
814.9454612731934,1629.767108,0.02882399999999996,1629.738284,0.24869537353515625
813.1438212394714,1626.1927879999998,0.02799600000000002,1626.1647919999998,0.24869537353515625
808.0802478790283,1616.0818580000002,0.015998000000000012,1616.0658600000002,0.24869537353515625
805.8615412712097,1611.6379160000001,0.007998999999999978,1611.6299170000002,0.24869537353515625
