walltime(s),cputime(s),systime(s),usertime(s),memory(GB)
983.4041163921356,1963.970909,0.33933599999999997,1963.631573,0.4926719665527344
977.8608253002167,1955.1054649999999,0.26802800000000004,1954.837437,0.5006256103515625
986.8739562034607,1972.9102,0.36002599999999996,1972.550174,0.5019721984863281
