walltime(s),cputime(s),systime(s),usertime(s),memory(GB)
446.2090458869934,889.8530390000001,0.22734000000000004,889.625699,0.421142578125
449.30142974853516,898.261418,0.14398999999999995,898.117428,0.4262657165527344
448.6433672904968,896.9514559999999,0.14799799999999996,896.8034579999999,0.4262657165527344
440.99152135849,881.6197620000002,0.16399699999999995,881.4557650000002,0.4262657165527344
440.73520588874817,881.1771449999994,0.13200199999999995,881.0451429999994,0.4262657165527344
437.2710773944855,874.1875480000002,0.155991,874.0315570000002,0.4262657165527344
440.20422554016113,880.0521959999999,0.191994,879.8602019999998,0.4262657165527344
436.5775270462036,872.8199199999996,0.10400300000000007,872.7159169999995,0.4262657165527344
