walltime(s),cputime(s),systime(s),usertime(s),memory(GB)
752.59192943573,1478.179313,1.194649,1476.984664,0.8299064636230469
730.8644585609436,1458.373801,1.0720739999999997,1457.301727,0.8369674682617188
735.7470815181732,1468.0536199999997,0.9480459999999997,1467.1055739999997,0.8369674682617188
726.6160404682159,1450.3250259999998,0.6160690000000004,1449.7089569999998,0.8369674682617188
