walltime(s),cputime(s),systime(s),usertime(s),memory(GB)
1877.9977893829346,2133.086999,6.017629,2127.06937,2.6992874145507812
298.1847813129425,554.5235189999996,5.712765000000001,548.8107539999996,3.0343017578125
289.50347113609314,537.1364299999998,3.652754,533.4836759999998,3.276683807373047
301.37064266204834,560.8963359999998,5.492706,555.4036299999998,3.276683807373047
299.5630478858948,557.5510110000005,4.91282,552.6381910000005,3.3025856018066406
292.14630579948425,543.1412450000001,3.216529999999999,539.9247150000001,3.3025856018066406
