walltime(s),cputime(s),systime(s),usertime(s),memory(GB)
154.13443064689636,1214.7967370000001,0.350983,1214.445754,0.444793701171875
151.1299695968628,1206.32553,0.3039710000000001,1206.021559,0.4518623352050781
151.56172847747803,1209.885264,0.24395100000000003,1209.641313,0.4543113708496094
151.12292075157166,1206.2985500000002,0.24399100000000007,1206.0545590000002,0.45624542236328125
152.07893586158752,1213.9642470000003,0.251992,1213.7122550000004,0.4564323425292969
150.88767075538635,1204.4005179999997,0.23599399999999982,1204.1645239999998,0.4564323425292969
151.9564983844757,1213.1982020000003,0.3279970000000003,1212.8702050000002,0.4564628601074219
152.51661825180054,1217.570022999999,0.2799959999999997,1217.290026999999,0.4571533203125
153.99401235580444,1229.3195340000007,0.24000500000000002,1229.0795290000005,0.4571533203125
156.7685534954071,1229.823837,0.22792199999999996,1229.5959149999999,0.4571533203125
150.03789114952087,1197.7327450000014,0.29200099999999996,1197.4407440000014,0.4571533203125
150.85416960716248,1204.3447720000017,0.25599799999999995,1204.0887740000016,0.4571533203125
153.63001346588135,1226.3410609999994,0.22400399999999987,1226.1170569999995,0.4571533203125
150.89794254302979,1204.663782000001,0.2720039999999999,1204.391778000001,0.4571533203125
149.02713632583618,1189.7819369999975,0.335998,1189.4459389999975,0.4573554992675781
151.60579419136047,1210.5306620000001,0.23199199999999998,1210.2986700000001,0.4573554992675781
154.27706265449524,1231.5293640000025,0.2719849999999999,1231.2573790000024,0.4573554992675781
151.55275797843933,1209.6796499999994,0.26400999999999986,1209.4156399999993,0.4573554992675781
150.75718593597412,1203.4053919999988,0.21598300000000048,1203.1894089999987,0.4573554992675781
153.58100771903992,1225.8284480000007,0.28799699999999984,1225.5404510000008,0.4573554992675781
150.93864583969116,1205.0234540000006,0.17599500000000035,1204.8474590000005,0.4573554992675781
148.53694343566895,1185.6803010000008,0.2719959999999997,1185.4083050000008,0.4573554992675781
155.68057584762573,1242.890079000002,0.2320070000000003,1242.658072000002,0.4573554992675781
