walltime(s),cputime(s),systime(s),usertime(s),memory(GB)
490.06031680107117,979.9977400000001,0.026007000000000002,979.9717330000001,0.24124526977539062
492.23892521858215,984.1903349999999,0.18399700000000002,984.0063379999999,0.24452972412109375
494.84311294555664,989.1887909999998,0.2439699999999999,988.9448209999998,0.24452972412109375
496.6321527957916,993.1795360000001,0.01201299999999994,993.1675230000001,0.24452972412109375
495.2674741744995,990.4490499999998,0.02400799999999992,990.4250419999998,0.24452972412109375
473.8564643859863,947.6444300000004,0.016005999999999965,947.6284240000005,0.24452972412109375
480.5112028121948,960.8469739999999,0.039995,960.806979,0.24452972412109375
