walltime(s),cputime(s),systime(s),usertime(s),memory(GB)
781.7379364967346,1563.3098409999998,0.04055599999999998,1563.2692849999999,0.2525978088378906
777.7246270179749,1555.3057350000001,0.008005999999999958,1555.2977290000001,0.2670707702636719
775.0639128684998,1549.9811720000002,0.012002000000000013,1549.9691700000003,0.2670707702636719
784.4099135398865,1568.6823859999997,0.035999,1568.6463869999998,0.2685203552246094
