walltime(s),cputime(s),systime(s),usertime(s),memory(GB)
2119.1109924316406,11815.643653,15.076469000000001,11800.567184,3.670024871826172
1417.8041191101074,11163.004557999999,14.687964,11148.316593999998,3.670024871826172
