walltime(s),cputime(s),systime(s),usertime(s),memory(GB)
423.98797249794006,847.8239169999999,0.04500100000000001,847.778916,0.22248458862304688
404.63209533691406,809.166235,0.015991000000000033,809.150244,0.22248458862304688
427.32384419441223,854.5219810000001,0.015996999999999983,854.5059840000001,0.22248458862304688
413.05195236206055,826.0002419999997,0.015998000000000012,825.9842439999998,0.22248458862304688
413.1478316783905,826.1969869999999,0.011999000000000037,826.184988,0.22248458862304688
417.7043716907501,835.3164519999997,0.007998999999999978,835.3084529999996,0.22248458862304688
428.20387721061707,856.3038090000002,0.008000000000000007,856.2958090000002,0.22248458862304688
405.812388420105,811.5433899999999,0.015998000000000068,811.527392,0.22248458862304688
