walltime(s),cputime(s),systime(s),usertime(s),memory(GB)
136.33123230934143,1089.805347,0.04864199999999996,1089.756705,0.22793197631835938
142.53630781173706,1116.642886,0.031962000000000046,1116.610924,0.23395919799804688
141.35253930091858,1127.9521579999998,0.028000999999999943,1127.924157,0.23433303833007812
138.40428566932678,1106.6245329999997,0.04003099999999993,1106.5845019999997,0.23462295532226562
136.7214891910553,1093.2071230000001,0.08000800000000008,1093.1271150000002,0.23462295532226562
138.36478853225708,1106.3663350000002,0.020016000000000034,1106.3463190000002,0.23462295532226562
140.98385524749756,1127.263959,0.028012000000000037,1127.2359470000001,0.23462295532226562
139.69279098510742,1116.8259140000005,0.05600499999999997,1116.7699090000006,0.23462295532226562
140.5080006122589,1123.3898020000001,0.040007000000000015,1123.349795,0.23462295532226562
139.08476209640503,1111.9331349999989,0.028005999999999975,1111.9051289999989,0.23462295532226562
138.7953097820282,1109.7102969999996,0.052000999999999964,1109.6582959999996,0.23462295532226562
139.0657274723053,1111.8948010000004,0.02000399999999991,1111.8747970000004,0.23462295532226562
142.47882461547852,1139.1087559999999,0.052000000000000046,1139.056756,0.23462295532226562
140.87511801719666,1126.422794000001,0.04800099999999996,1126.3747930000009,0.23462295532226562
141.06147384643555,1127.919216000001,0.03600300000000001,1127.883213000001,0.23462295532226562
139.9994056224823,1119.4523419999982,0.0479989999999999,1119.4043429999983,0.23462295532226562
138.55208253860474,1107.8526360000008,0.028001000000000165,1107.8246350000009,0.23462295532226562
139.89229655265808,1118.5003000000002,0.055997000000000074,1118.4443030000002,0.23462295532226562
133.32795882225037,1065.7889539999985,0.07999800000000024,1065.7089559999986,0.23462295532226562
138.2808701992035,1105.6504949999987,0.035998000000000197,1105.6144969999987,0.23462295532226562
140.9512975215912,1126.960502000001,0.01600299999999999,1126.944499000001,0.23462295532226562
140.43703436851501,1122.833634000001,0.02400000000000002,1122.809634000001,0.23462295532226562
139.29548859596252,1113.7372019999987,0.04400000000000004,1113.6932019999986,0.23462295532226562
141.29216814041138,1129.787814000002,0.040000000000000036,1129.747814000002,0.23462295532226562
140.7036681175232,1125.0014679999988,0.03999699999999984,1124.9614709999987,0.23462295532226562
