walltime(s),cputime(s),systime(s),usertime(s),memory(GB)
444.7660331726074,889.3676760000001,0.03754000000000002,889.330136,0.23563385009765625
447.85949516296387,895.6409600000001,0.032005000000000006,895.608955,0.2386474609375
448.536657333374,896.9463629999998,0.02000200000000002,896.9263609999998,0.23871612548828125
447.5320825576782,894.97326,0.012003000000000097,894.9612569999999,0.23880386352539062
439.9550287723541,879.8166120000003,0.027999999999999914,879.7886120000003,0.23880386352539062
440.00370240211487,879.9213690000003,0.012002000000000068,879.9093670000002,0.23880386352539062
438.85929703712463,877.6397030000004,0.02400000000000002,877.6157030000004,0.23880386352539062
438.22036504745483,876.3544779999995,0.01200000000000001,876.3424779999996,0.23880386352539062
