walltime(s),cputime(s),systime(s),usertime(s),memory(GB)
1108.4756348133087,1369.007183,4.189064,1364.818119,2.0361175537109375
282.2748923301697,541.5593330000002,3.12822,538.4311130000001,2.21734619140625
281.5301513671875,540.030191,2.392099,537.6380919999999,2.2907943725585938
281.98340487480164,541.3865579999996,2.604127,538.7824309999996,2.3459243774414062
282.4518082141876,542.0700569999999,3.1362579999999998,538.9337989999999,2.3768768310546875
278.64125061035156,534.615629,2.724214,531.891415,2.3768768310546875
279.3023931980133,535.7315140000001,2.5682989999999997,533.163215,2.3813018798828125
284.7155647277832,546.4759330000004,2.4681809999999977,544.0077520000004,2.3813018798828125
284.8843195438385,546.4413989999999,1.9401149999999987,544.5012839999999,2.3813018798828125
