walltime(s),cputime(s),systime(s),usertime(s),memory(GB)
945.7943563461304,1891.273084,0.06170399999999998,1891.21138,0.2549858093261719
951.2676622867584,1902.315086,0.04399799999999998,1902.271088,0.2549858093261719
940.906304359436,1881.6289079999997,0.03999900000000001,1881.5889089999996,0.2549858093261719
