walltime(s),cputime(s),systime(s),usertime(s),memory(GB)
1144.8910048007965,2286.365031,0.8340940000000001,2285.530937,0.3778038024902344
1133.0895178318024,2265.5198390000005,0.34400699999999995,2265.1758320000004,0.3881340026855469
1135.1726047992706,2269.706674,0.30799200000000004,2269.398682,0.38909149169921875
