walltime(s),cputime(s),systime(s),usertime(s),memory(GB)
2552.017852783203,4968.458607,7.412503,4961.046104,1.6588172912597656
