walltime(s),cputime(s),systime(s),usertime(s),memory(GB)
655.1282753944397,1310.004617,0.05640900000000004,1309.948208,0.28144073486328125
659.68208360672,1319.162478,0.024009999999999976,1319.1384679999999,0.28144073486328125
653.75022315979,1307.3246530000001,0.036001000000000005,1307.2886520000002,0.28144073486328125
646.4251503944397,1292.6318860000003,0.04399999999999993,1292.5878860000003,0.28144073486328125
652.1228511333466,1304.0846010000002,0.028000000000000025,1304.0566010000002,0.28144073486328125
