walltime(s),cputime(s),systime(s),usertime(s),memory(GB)
723.130809545517,1446.025617,0.26099399999999995,1445.764623,0.2679443359375
720.7547776699066,1441.315733,0.340001,1440.9757319999999,0.2679443359375
725.9093997478485,1451.6003929999997,0.1159960000000001,1451.4843969999997,0.2679443359375
722.86470246315,1445.5601479999996,0.040000000000000036,1445.5201479999996,0.2679443359375
