walltime(s),cputime(s),systime(s),usertime(s),memory(GB)
174.15356040000916,1392.20495,0.08656199999999992,1392.118388,0.24095916748046875
171.63945817947388,1372.376049,0.06799500000000003,1372.3080539999999,0.25347137451171875
172.20570373535156,1376.988214,0.04799500000000001,1376.940219,0.25347137451171875
173.60398888587952,1388.1836059999998,0.043997000000000064,1388.1396089999998,0.25347137451171875
173.3557047843933,1386.0055030000003,0.12399799999999994,1385.8815050000003,0.25347137451171875
173.61125540733337,1388.2963439999992,0.040001000000000175,1388.256342999999,0.25347137451171875
171.63991165161133,1372.5047010000008,0.06400199999999989,1372.4406990000007,0.25347137451171875
167.6445951461792,1340.5342189999994,0.04399999999999982,1340.4902189999993,0.25347137451171875
173.29501485824585,1385.0543110000012,0.25997899999999996,1384.7943320000013,0.25347137451171875
175.54654002189636,1403.6309129999997,0.040001000000000175,1403.5909119999997,0.25347137451171875
173.10676336288452,1384.2495870000014,0.03600200000000009,1384.2135850000013,0.25347137451171875
179.13296341896057,1432.5086830000007,0.040001000000000175,1432.4686820000006,0.25347137451171875
174.86788606643677,1397.942210999998,0.1759900000000001,1397.766220999998,0.25347137451171875
174.41417336463928,1394.684264,0.032000999999999946,1394.652263,0.25347137451171875
176.2639422416687,1409.5233380000009,0.02000399999999991,1409.503334000001,0.25347137451171875
171.15904021263123,1368.7925660000024,0.020002999999999993,1368.7725630000023,0.25347137451171875
170.6766722202301,1364.7916399999997,0.012002999999999986,1364.7796369999996,0.25347137451171875
172.17556762695312,1376.877801,0.0479989999999999,1376.8298020000002,0.25347137451171875
175.10917687416077,1397.3968199999972,0.023999000000000326,1397.3728209999972,0.25347137451171875
175.53797602653503,1399.356672999998,0.03998799999999969,1399.316684999998,0.25347137451171875
