walltime(s),cputime(s),systime(s),usertime(s),memory(GB)
1194.4105803966522,2385.638547,0.5062059999999999,2385.132341,0.45693206787109375
1199.0073635578156,2397.234643,0.2680159999999999,2396.966627,0.4633064270019531
1138.8354823589325,2276.938516,0.30801600000000007,2276.6305,0.4633064270019531
