walltime(s),cputime(s),systime(s),usertime(s),memory(GB)
583.9587128162384,1167.531157,0.046311999999999964,1167.484845,0.23063278198242188
580.9690475463867,1161.618564,0.011996000000000007,1161.6065680000002,0.23063278198242188
579.9436275959015,1159.5745350000002,0.019994999999999985,1159.55454,0.23063278198242188
588.3300342559814,1176.3432510000002,0.035997,1176.3072540000003,0.23063278198242188
578.4502377510071,1156.5386330000003,0.039997000000000005,1156.4986360000003,0.23063278198242188
575.0187437534332,1149.6929190000005,0.03599600000000003,1149.6569230000005,0.23063278198242188
