walltime(s),cputime(s),systime(s),usertime(s),memory(GB)
390.2869129180908,780.3689390000001,0.03241999999999995,780.3365190000001,0.24214553833007812
398.95412397384644,797.7890230000002,0.04397099999999998,797.7450520000001,0.24441909790039062
388.4796311855316,776.8107759999999,0.019986999999999977,776.7907889999999,0.24453353881835938
399.8209283351898,799.52159,0.015994000000000008,799.505596,0.24457931518554688
388.4178841114044,776.695781,0.015993999999999953,776.679787,0.24460601806640625
394.75861716270447,789.4131020000003,0.023998000000000075,789.3891040000003,0.2446136474609375
399.091064453125,798.0670779999997,0.035998000000000085,798.0310799999997,0.24462509155273438
395.0013825893402,789.8905059999997,0.023998999999999993,789.8665069999997,0.24463272094726562
396.0194401741028,791.9211449999999,0.055996999999999963,791.8651479999999,0.24463272094726562
