walltime(s),cputime(s),systime(s),usertime(s),memory(GB)
393.94232273101807,787.7824479999999,0.033181000000000016,787.7492669999999,0.26187896728515625
376.33389115333557,752.6036939999999,0.023977000000000026,752.579717,0.26187896728515625
377.94448709487915,755.822222,0.031994999999999996,755.790227,0.26187896728515625
390.8311631679535,781.6170409999997,0.023997000000000046,781.5930439999997,0.26187896728515625
378.04799580574036,756.0387509999998,0.03999800000000009,755.9987529999999,0.26187896728515625
381.4335424900055,762.8196290000002,0.035997999999999974,762.7836310000002,0.26187896728515625
375.600373506546,751.1313839999997,0.023998000000000075,751.1073859999997,0.26187896728515625
380.6202726364136,761.188066,0.023997999999999964,761.164068,0.26187896728515625
368.0272979736328,736.0108869999997,0.031999,735.9788879999996,0.26187896728515625
