walltime(s),cputime(s),systime(s),usertime(s),memory(GB)
415.76525688171387,831.1418990000001,0.02840100000000001,831.113498,0.23057174682617188
408.5345437526703,816.7873619999998,0.04000300000000001,816.7473589999998,0.23235702514648438
407.1810302734375,814.068144,0.016005999999999965,814.052138,0.2323760986328125
412.5780391693115,824.8640110000002,0.036004999999999954,824.8280060000002,0.232421875
414.89967942237854,829.4793550000003,0.028004999999999947,829.4513500000003,0.232421875
407.6783604621887,815.0518930000001,0.023993000000000042,815.0279,0.23251724243164062
412.5802643299103,824.876721,0.016000000000000014,824.860721,0.23251724243164062
411.6512858867645,823.0126760000005,0.031988000000000016,822.9806880000006,0.23251724243164062
