walltime(s),cputime(s),systime(s),usertime(s),memory(GB)
1131.524496793747,2260.2244469999996,0.47891199999999995,2259.7455349999996,0.4623565673828125
1129.1325039863586,2257.5332780000003,0.26398600000000005,2257.2692920000004,0.4623565673828125
1126.4563329219818,2252.1817530000003,0.247992,2251.9337610000002,0.4623565673828125
