walltime(s),cputime(s),systime(s),usertime(s),memory(GB)
454.9453239440918,909.739844,0.03180299999999997,909.708041,0.23760223388671875
464.8490002155304,929.6016870000001,0.035999,929.5656880000001,0.23976516723632812
462.86365365982056,925.6336469999997,0.011998000000000009,925.6216489999997,0.23976516723632812
454.2396864891052,908.4065849999998,0.027998999999999996,908.3785859999998,0.23976516723632812
449.7827978134155,899.4863719999997,0.023997999999999964,899.4623739999997,0.23976516723632812
442.40701174736023,884.7301410000002,0.03599900000000006,884.6941420000003,0.23976516723632812
448.26580452919006,896.4505579999998,0.035999,896.4145589999998,0.23976516723632812
