walltime(s),cputime(s),systime(s),usertime(s),memory(GB)
540.2861702442169,1080.461279,0.01947399999999999,1080.4418050000002,0.22787094116210938
540.523107290268,1080.977301,0.01199399999999995,1080.965307,0.22787094116210938
541.854808807373,1083.6424009999998,0.015998000000000012,1083.6264029999998,0.22787094116210938
525.905148267746,1051.7443519999995,0.011998999999999982,1051.7323529999994,0.22787094116210938
530.450409412384,1060.827803,0.011998999999999982,1060.8158039999998,0.22787094116210938
549.5989272594452,1099.1222730000002,0.015998000000000012,1099.106275,0.22787094116210938
