walltime(s),cputime(s),systime(s),usertime(s),memory(GB)
2551.092370033264,4971.226622,6.182077,4965.044545,1.6815376281738281
