walltime(s),cputime(s),systime(s),usertime(s),memory(GB)
675.7250428199768,1351.117789,0.03806900000000002,1351.07972,0.2837409973144531
681.712984085083,1363.2125539999997,0.028007000000000004,1363.1845469999998,0.29064178466796875
672.1975960731506,1344.1533,0.032001,1344.121299,0.29064178466796875
681.5884177684784,1362.9949180000003,0.028002000000000027,1362.9669160000003,0.29064178466796875
675.0172255039215,1349.7693530000004,0.04000099999999995,1349.7293520000003,0.29064178466796875
