walltime(s),cputime(s),systime(s),usertime(s),memory(GB)
870.6540348529816,1736.386843,0.77345,1735.613393,0.505523681640625
861.5535342693329,1721.6188379999999,0.6119729999999999,1721.0068649999998,0.505523681640625
867.9352741241455,1734.3434149999998,0.5400119999999999,1733.803403,0.505523681640625
849.6485731601715,1697.99234,0.5320850000000004,1697.460255,0.505523681640625
