walltime(s),cputime(s),systime(s),usertime(s),memory(GB)
566.9931681156158,1133.433962,0.14414899999999997,1133.289813,0.3058013916015625
574.8015863895416,1149.3935430000001,0.15598099999999998,1149.237562,0.3150062561035156
571.3343315124512,1142.42967,0.271995,1142.157675,0.3150062561035156
574.7672882080078,1149.3415549999997,0.2999949999999999,1149.0415599999997,0.3150062561035156
569.3680250644684,1138.5166759999995,0.283992,1138.2326839999996,0.3150062561035156
565.5179989337921,1130.8151010000001,0.33198799999999995,1130.4831130000002,0.3150062561035156
