walltime(s),cputime(s),systime(s),usertime(s),memory(GB)
532.1135618686676,1063.8839289999999,0.03569,1063.848239,0.24700927734375
521.8639409542084,1043.4886789999998,0.024002999999999997,1043.4646759999998,0.2517280578613281
526.8191452026367,1053.512198,0.03200999999999998,1053.480188,0.2517280578613281
522.8638696670532,1045.6269090000005,0.024005999999999972,1045.6029030000004,0.2517280578613281
509.19939041137695,1018.3137339999996,0.028003999999999973,1018.2857299999996,0.2517280578613281
510.10058999061584,1020.0928140000004,0.012004000000000015,1020.0808100000004,0.2517280578613281
