walltime(s),cputime(s),systime(s),usertime(s),memory(GB)
1201.2702343463898,2364.327228,4.986869,2359.3403590000003,0.9425926208496094
1172.677044391632,2341.783289,3.2921689999999995,2338.49112,0.9425926208496094
1152.6955862045288,2302.1546750000007,3.092103,2299.0625720000007,0.9425926208496094
