walltime(s),cputime(s),systime(s),usertime(s),memory(GB)
438.1648004055023,875.96417,0.028932000000000013,875.9352379999999,0.23476791381835938
451.8662645816803,903.436154,0.02798600000000001,903.4081679999999,0.2362060546875
446.84743881225586,893.3984569999998,0.02799400000000002,893.3704629999997,0.23628616333007812
458.8680703639984,917.4321810000004,0.008000000000000007,917.4241810000003,0.23628616333007812
483.1681785583496,966.0091979999997,0.01999200000000001,965.9892059999997,0.23630905151367188
479.03273272514343,957.7427100000003,0.02799699999999994,957.7147130000003,0.23630905151367188
490.28785729408264,980.2587869999995,0.023997000000000046,980.2347899999995,0.23630905151367188
