walltime(s),cputime(s),systime(s),usertime(s),memory(GB)
844.6232469081879,1689.0739649999998,0.033102999999999994,1689.0408619999998,0.24981307983398438
840.4537374973297,1680.7637309999998,0.031992999999999994,1680.7317379999997,0.2540397644042969
833.4496173858643,1666.7423569999999,0.05199900000000002,1666.6903579999998,0.2540397644042969
844.2317261695862,1688.3317530000006,0.04400000000000004,1688.2877530000005,0.2540397644042969
