walltime(s),cputime(s),systime(s),usertime(s),memory(GB)
379.85967803001404,759.6284709999999,0.02788799999999997,759.6005829999999,0.22713470458984375
372.69268012046814,745.316061,0.023992999999999987,745.292068,0.22971343994140625
375.11093044281006,750.1586459999997,0.01999899999999999,750.1386469999998,0.22971343994140625
372.7991659641266,745.5376999999999,0.015996999999999983,745.5217029999999,0.22971343994140625
375.48292803764343,750.8871729999997,0.011999000000000093,750.8751739999998,0.22971343994140625
368.856080532074,737.6480399999995,0.015999999999999903,737.6320399999995,0.22971343994140625
374.87862944602966,749.6885660000002,0.015999999999999903,749.6725660000002,0.22971343994140625
379.270072221756,758.4924809999999,0.011999000000000093,758.4804819999999,0.22971343994140625
382.14315009117126,764.2256369999998,0.01200000000000001,764.2136369999998,0.22971343994140625
