walltime(s),cputime(s),systime(s),usertime(s),memory(GB)
1267.0764009952545,2532.147316,0.41137599999999996,2531.73594,0.39954376220703125
1284.7169072628021,2568.131331,0.511961,2567.61937,0.39992523193359375
