walltime(s),cputime(s),systime(s),usertime(s),memory(GB)
413.24217081069946,826.35478,0.030041999999999958,826.324738,0.23740768432617188
410.8031358718872,820.451333,0.03999400000000003,820.411339,0.23899078369140625
408.528742313385,816.9605189999999,0.03199999999999997,816.9285189999998,0.23899078369140625
413.11099648475647,826.1376540000002,0.012002000000000013,826.1256520000002,0.23899078369140625
410.3285913467407,820.5673030000003,0.020000000000000018,820.5473030000003,0.23899078369140625
407.77293968200684,815.4010240000003,0.011999000000000093,815.3890250000004,0.23899078369140625
410.9480047225952,821.8132459999999,0.008000000000000007,821.8052459999999,0.23899078369140625
405.32210516929626,810.5735680000007,0.016000999999999932,810.5575670000007,0.23899078369140625
