walltime(s),cputime(s),systime(s),usertime(s),memory(GB)
799.5851814746857,1598.609404,0.09527199999999997,1598.514132,0.2561683654785156
835.0241947174072,1669.4357479999999,0.17998600000000003,1669.2557619999998,0.2561683654785156
822.5730049610138,1644.5696120000002,0.08800600000000003,1644.4816060000003,0.2561683654785156
800.1722736358643,1599.7945949999994,0.02398800000000001,1599.7706069999995,0.2561683654785156
