walltime(s),cputime(s),systime(s),usertime(s),memory(GB)
766.4661090373993,1532.723737,0.030179999999999985,1532.693557,0.27480316162109375
749.2069344520569,1498.272367,0.040002999999999955,1498.232364,0.2775001525878906
741.8218545913696,1483.497452,0.03999900000000001,1483.457453,0.2775001525878906
737.530880689621,1474.923417,0.039999999999999925,1474.883417,0.2775001525878906
