walltime(s),cputime(s),systime(s),usertime(s),memory(GB)
546.3156089782715,1092.086476,0.029835999999999974,1092.05664,0.245391845703125
540.1437902450562,1079.8149629999998,0.027998999999999996,1079.786964,0.25414276123046875
538.8627202510834,1077.264974,0.035997999999999974,1077.2289759999999,0.2544593811035156
532.6162915229797,1064.8001510000004,0.035999999999999976,1064.7641510000003,0.2544593811035156
529.5762872695923,1058.7151710000007,0.040002999999999955,1058.6751680000007,0.2544593811035156
524.5252242088318,1048.635646,0.031999,1048.603647,0.2544593811035156
