walltime(s),cputime(s),systime(s),usertime(s),memory(GB)
361.81910729408264,723.560688,0.03273000000000004,723.527958,0.2252960205078125
352.17615818977356,704.301048,0.012004000000000015,704.289044,0.23170089721679688
358.1535496711731,716.2359209999998,0.023997999999999964,716.2119229999998,0.23170089721679688
360.7038040161133,721.3365389999999,0.020000000000000018,721.3165389999999,0.23170089721679688
360.98002433776855,721.9068719999998,0.01200000000000001,721.8948719999999,0.23170089721679688
356.869101524353,713.6779810000002,0.01999899999999999,713.6579820000002,0.23170089721679688
346.3085615634918,692.5637249999994,0.016000000000000014,692.5477249999994,0.23170089721679688
344.2010314464569,688.3420339999992,0.01999899999999999,688.3220349999992,0.23170089721679688
346.4393391609192,692.8293539999997,0.01200000000000001,692.8173539999998,0.23170089721679688
346.65583086013794,693.2536790000003,0.008000999999999925,693.2456780000002,0.23170089721679688
