walltime(s),cputime(s),systime(s),usertime(s),memory(GB)
519.2346816062927,1038.2756800000002,0.05144700000000002,1038.2242330000001,0.2354888916015625
520.7488029003143,1041.40541,0.02398800000000001,1041.3814220000002,0.23807144165039062
515.1674556732178,1030.2325729999995,0.01599499999999998,1030.2165779999996,0.239532470703125
510.1134464740753,1020.1252429999997,0.039993999999999974,1020.0852489999997,0.239532470703125
515.8155944347382,1031.5271440000004,0.02799700000000005,1031.4991470000004,0.239532470703125
513.2263288497925,1026.3365460000002,0.015998999999999985,1026.3205470000003,0.23956680297851562
517.742125749588,1035.3823259999995,0.02799800000000008,1035.3543279999994,0.23956680297851562
