walltime(s),cputime(s),systime(s),usertime(s),memory(GB)
818.9800379276276,1637.7543200000002,0.012973000000000012,1637.7413470000001,0.26212310791015625
826.0673987865448,1651.967414,0.05999300000000002,1651.9074209999999,0.2644500732421875
821.3586721420288,1642.561278,0.023997999999999964,1642.53728,0.2644500732421875
830.0049607753754,1659.845764,0.031999,1659.8137649999999,0.2644500732421875
