walltime(s),cputime(s),systime(s),usertime(s),memory(GB)
468.97181034088135,937.6537579999999,0.031207000000000096,937.6225509999999,0.23058700561523438
471.140504360199,942.187361,0.0040000000000000036,942.183361,0.23230743408203125
467.58470153808594,935.0875709999997,0.0199990000000001,935.0675719999997,0.23247528076171875
478.9605519771576,957.8319999999998,0.01999899999999999,957.8120009999998,0.23249053955078125
467.1167109012604,934.1214299999998,0.011994999999999978,934.1094349999998,0.23252105712890625
471.7051639556885,943.3167359999998,0.011998000000000064,943.3047379999998,0.23255157470703125
480.89166140556335,961.6968970000004,0.011998999999999982,961.6848980000004,0.23255538940429688
