walltime(s),cputime(s),systime(s),usertime(s),memory(GB)
390.00951957702637,3100.398182,0.617894,3099.780288,0.4727897644042969
383.4635925292969,3062.653536,0.4079900000000001,3062.2455459999996,0.48284149169921875
387.55905652046204,3085.876065000001,0.463932,3085.4121330000007,0.4844093322753906
388.30856680870056,3098.3283500000007,0.4719610000000003,3097.8563890000005,0.4844093322753906
386.2912812232971,3084.5989510000004,0.619996,3083.9789550000005,0.4844093322753906
389.0703065395355,3106.6492150000013,0.7119529999999998,3105.9372620000013,0.4844093322753906
388.42876625061035,3102.2642119999973,0.5319840000000005,3101.732227999997,0.4844093322753906
386.40171813964844,3085.3728749999987,0.6559670000000004,3084.7169079999985,0.4844093322753906
386.09391474723816,3083.324249999999,0.6159909999999993,3082.708258999999,0.4844093322753906
