walltime(s),cputime(s),systime(s),usertime(s),memory(GB)
548.9155151844025,1097.7147690000002,0.03323700000000002,1097.681532,0.24797821044921875
543.3784101009369,1086.6974690000002,0.020004000000000022,1086.6774650000002,0.2607078552246094
555.2410545349121,1110.409686,0.016000000000000014,1110.393686,0.2607078552246094
544.1817274093628,1088.1276,0.01599499999999998,1088.111605,0.2607078552246094
537.2717185020447,1074.4633850000002,0.028001000000000054,1074.4353840000003,0.2607078552246094
530.1854927539825,1060.306682,0.008001999999999954,1060.2986799999999,0.2607078552246094
