walltime(s),cputime(s),systime(s),usertime(s),memory(GB)
867.6283233165741,1734.894041,0.08450600000000003,1734.809535,0.31034088134765625
851.0879607200623,1701.908063,0.11599000000000004,1701.792073,0.31034088134765625
852.5698931217194,1704.938781,0.08399600000000007,1704.854785,0.31034088134765625
841.2084836959839,1682.165606,0.10399799999999992,1682.061608,0.31034088134765625
