walltime(s),cputime(s),systime(s),usertime(s),memory(GB)
385.37561655044556,3065.393567,0.642219,3064.7513480000002,0.4479484558105469
381.98959851264954,3051.136633,0.571968,3050.564665,0.45281982421875
381.93805480003357,3049.9300390000008,0.8319610000000002,3049.098078000001,0.45281982421875
385.33450174331665,3077.2267639999995,0.6919740000000001,3076.5347899999997,0.45281982421875
386.9453372955322,3090.353174000001,0.5439850000000002,3089.8091890000014,0.45281982421875
379.16521286964417,3027.965139999999,0.667951,3027.297188999999,0.45281982421875
385.2842342853546,3059.052287999997,0.7278789999999997,3058.324408999997,0.45281982421875
385.2700545787811,3076.978539000003,0.6119769999999995,3076.366562000003,0.45281982421875
378.00495886802673,3018.722139999999,0.6879809999999997,3018.034158999999,0.45281982421875
