walltime(s),cputime(s),systime(s),usertime(s),memory(GB)
1114.1484167575836,2223.4370699999995,0.301306,2223.1357639999997,0.4214973449707031
1110.0668728351593,2218.8358620000004,0.256,2218.5798620000005,0.4272499084472656
1114.1537988185883,2226.997042,0.24800100000000003,2226.749041,0.4272499084472656
