walltime(s),cputime(s),systime(s),usertime(s),memory(GB)
445.17114782333374,3551.4878959999996,0.547131,3550.940765,0.4008903503417969
440.723580121994,3511.4836790000004,0.4318970000000001,3511.0517820000005,0.4008903503417969
443.8349030017853,3546.3829140000003,0.4960070000000001,3545.886907,0.4008903503417969
444.99857115745544,3555.9052030000003,0.44401699999999966,3555.4611860000005,0.4008903503417969
435.75272583961487,3481.9691919999996,0.47201400000000016,3481.4971779999996,0.4008903503417969
441.6626007556915,3529.034304999998,0.41200899999999985,3528.6222959999977,0.4008903503417969
436.5017628669739,3487.878656,0.4280029999999999,3487.450653,0.4008903503417969
434.2976825237274,3470.0487200000002,0.4120060000000003,3469.636714,0.4008903503417969
