walltime(s),cputime(s),systime(s),usertime(s),memory(GB)
426.69012546539307,2502.99543,2.158038,2500.837392,0.9628105163574219
380.2647907733917,2362.857505,3.168654,2359.688851,0.9628105163574219
374.9095661640167,2383.6640749999997,3.396688000000001,2380.267387,0.9628105163574219
376.0607395172119,2445.225684000001,3.2967010000000005,2441.9289830000007,0.9628105163574219
381.8896939754486,2689.795767000001,7.393650999999998,2682.402116000001,0.9628105163574219
377.0916929244995,2666.0717759999993,6.685779,2659.3859969999994,0.9628105163574219
392.5545792579651,2705.9590790000007,5.997322999999998,2699.9617560000006,0.9628105163574219
387.71064257621765,2676.607383000001,6.117278000000006,2670.4901050000008,0.9628105163574219
387.0112957954407,2671.5222689999982,5.585365000000003,2665.9369039999983,0.9628105163574219
