walltime(s),cputime(s),systime(s),usertime(s),memory(GB)
915.162171125412,1830.132214,0.06185099999999999,1830.070363,0.2639122009277344
924.7861707210541,1849.413812,0.028000999999999943,1849.385811,0.2639122009277344
912.7687137126923,1825.4044709999996,0.028001000000000054,1825.3764699999997,0.2639122009277344
