walltime(s),cputime(s),systime(s),usertime(s),memory(GB)
250.4343867301941,1790.795035,0.13227499999999998,1790.6627600000002,0.2521476745605469
280.79437041282654,1925.615981,0.07199900000000004,1925.543982,0.26067352294921875
265.25672245025635,1963.483308,0.07999800000000001,1963.4033100000001,0.2625999450683594
267.70706486701965,1986.091174,0.07998499999999997,1986.0111889999998,0.2625999450683594
272.6952745914459,1974.4512790000006,0.07599800000000001,1974.3752810000005,0.2625999450683594
260.05592608451843,1922.1798130000002,0.06399500000000002,1922.1158180000002,0.2625999450683594
265.0041790008545,1881.5967420000002,0.063998,1881.532744,0.2625999450683594
254.66120529174805,1883.5900470000001,0.0879939999999999,1883.5020530000002,0.2625999450683594
262.1224820613861,1995.377295999999,0.03999700000000006,1995.337298999999,0.2625999450683594
263.8245937824249,1927.767343999999,0.06799399999999989,1927.699349999999,0.2625999450683594
289.32442712783813,1867.3253280000024,0.07599800000000001,1867.2493300000024,0.2625999450683594
265.7817528247833,1976.5903749999986,0.06399700000000008,1976.5263779999987,0.2625999450683594
249.13886833190918,1940.3845310000008,0.11199400000000015,1940.2725370000007,0.2625999450683594
