walltime(s),cputime(s),systime(s),usertime(s),memory(GB)
613.1078610420227,1226.112285,0.030567999999999984,1226.081717,0.2505912780761719
606.9230101108551,1213.779052,0.023997999999999964,1213.7550540000002,0.25885772705078125
615.3690915107727,1230.6669689999999,0.04800099999999996,1230.6189679999998,0.2595405578613281
610.0094313621521,1219.9693729999995,0.02400000000000002,1219.9453729999996,0.2598762512207031
609.6771614551544,1219.2861240000007,0.032000999999999946,1219.2541230000006,0.2598762512207031
