walltime(s),cputime(s),systime(s),usertime(s),memory(GB)
1345.8636367321014,2691.5131610000003,0.05690299999999998,2691.456258,0.2596473693847656
1338.852382183075,2677.554691,0.04799999999999999,2677.506691,0.2596473693847656
