walltime(s),cputime(s),systime(s),usertime(s),memory(GB)
663.7256739139557,1327.320005,0.03541,1327.284595,0.2582244873046875
663.0901572704315,1326.088334,0.027993999999999963,1326.06034,0.2662162780761719
672.2551746368408,1344.4166120000002,0.023994000000000015,1344.3926180000003,0.2662162780761719
652.8953244686127,1305.6838019999996,0.051997000000000015,1305.6318049999995,0.2662162780761719
675.973109960556,1351.831815,0.027997999999999967,1351.803817,0.2662162780761719
