walltime(s),cputime(s),systime(s),usertime(s),memory(GB)
959.7695181369781,1919.2179509999999,0.06864399999999998,1919.149307,0.2709236145019531
963.6093430519104,1926.9907020000003,0.04799399999999998,1926.9427080000003,0.2709236145019531
962.3294470310211,1924.39944,0.08399599999999996,1924.3154439999998,0.2709236145019531
