walltime(s),cputime(s),systime(s),usertime(s),memory(GB)
723.2851605415344,1446.254631,0.038524,1446.216107,0.28643798828125
710.125643491745,1420.0337789999999,0.02799999999999997,1420.0057789999998,0.291961669921875
720.2303853034973,1440.2224180000005,0.043999999999999984,1440.1784180000004,0.291961669921875
725.3103222846985,1450.38204,0.043998999999999955,1450.338041,0.2928123474121094
720.3256328105927,1440.3710240000003,0.01200000000000001,1440.3590240000003,0.2928123474121094
