walltime(s),cputime(s),systime(s),usertime(s),memory(GB)
665.5941963195801,1330.2808049999999,0.02929100000000001,1330.2515139999998,0.2551383972167969
677.447741985321,1354.7060680000002,0.05200100000000002,1354.6540670000002,0.2629585266113281
679.1872985363007,1358.1872859999999,0.03999900000000001,1358.1472869999998,0.2711029052734375
667.7323033809662,1335.2800399999994,0.04799999999999993,1335.2320399999994,0.2711029052734375
672.1374788284302,1344.066684,0.05599999999999994,1344.0106839999999,0.2711029052734375
