walltime(s),cputime(s),systime(s),usertime(s),memory(GB)
1584.5214130878448,12379.789270000001,8.965667,12370.823603,1.1252365112304688
1596.485983133316,12722.313008999998,10.448003,12711.865005999998,1.1252365112304688
