walltime(s),cputime(s),systime(s),usertime(s),memory(GB)
755.0049271583557,1509.855855,0.029588999999999976,1509.826266,0.2543220520019531
742.3794023990631,1484.596896,0.032001999999999975,1484.564894,0.2594947814941406
753.2395451068878,1506.3520190000002,0.02799999999999997,1506.3240190000001,0.2594947814941406
748.8379156589508,1497.5458619999995,0.023999999999999966,1497.5218619999996,0.2594947814941406
