walltime(s),cputime(s),systime(s),usertime(s),memory(GB)
882.555008649826,1765.040447,0.017259999999999998,1765.023187,0.24932098388671875
888.9622614383698,1777.884033,0.011997000000000035,1777.872036,0.2513275146484375
883.7754125595093,1767.509474,0.027998999999999996,1767.481475,0.2513275146484375
904.2381522655487,1808.4110770000004,0.027999999999999914,1808.3830770000004,0.2513275146484375
