walltime(s),cputime(s),systime(s),usertime(s),memory(GB)
996.2090368270874,1976.7852750000002,1.1519920000000001,1975.6332830000001,1.0112686157226562
964.3414175510406,1925.492015,0.9799820000000001,1924.512033,1.0112686157226562
965.30286860466,1927.7594430000004,0.8480040000000004,1926.9114390000004,1.0112686157226562
