walltime(s),cputime(s),systime(s),usertime(s),memory(GB)
440.0783998966217,877.5013790000002,0.29725799999999997,877.2041210000001,0.44115447998046875
437.21865463256836,874.0758940000001,0.18001299999999998,873.895881,0.4498786926269531
436.5324652194977,872.689774,0.22800900000000002,872.461765,0.45326995849609375
429.45897126197815,858.4781410000002,0.18400300000000014,858.2941380000002,0.45331573486328125
428.36146783828735,856.2914990000003,0.155999,856.1355000000003,0.4556388854980469
436.97595500946045,873.5625779999998,0.17600499999999997,873.3865729999998,0.4556388854980469
435.5333466529846,870.7023719999999,0.22000700000000006,870.4823649999998,0.4556388854980469
434.9123809337616,869.4246279999996,0.18400500000000042,869.2406229999997,0.45673370361328125
