walltime(s),cputime(s),systime(s),usertime(s),memory(GB)
383.4524476528168,766.758297,0.037634999999999974,766.720662,0.23703765869140625
389.29982447624207,778.534283,0.016006999999999993,778.518276,0.23876571655273438
385.39608669281006,770.731261,0.012002000000000013,770.719259,0.23876571655273438
398.85215067863464,797.5701559999998,0.012000999999999984,797.5581549999997,0.23876571655273438
418.9123089313507,837.7470069999998,0.01999899999999999,837.7270079999998,0.23876571655273438
402.69998002052307,805.3122549999997,0.016000000000000014,805.2962549999997,0.23876571655273438
414.44518637657166,828.8155230000002,0.016001000000000043,828.7995220000003,0.23876571655273438
409.9992437362671,819.9192489999999,0.016000000000000014,819.903249,0.23876571655273438
400.38645005226135,800.7145429999994,0.008000000000000007,800.7065429999993,0.23876571655273438
