walltime(s),cputime(s),systime(s),usertime(s),memory(GB)
535.2006769180298,1070.1514869999999,0.035135999999999945,1070.116351,0.27687835693359375
538.8208436965942,1077.405934,0.027990999999999988,1077.377943,0.2823944091796875
533.853343963623,1067.4782630000002,0.02799600000000002,1067.4502670000002,0.284027099609375
533.0438678264618,1065.8539250000003,0.03999599999999992,1065.8139290000004,0.284027099609375
544.2390472888947,1088.28029,0.03599899999999989,1088.244291,0.28498077392578125
535.5658433437347,1070.9069259999999,0.0119999999999999,1070.894926,0.28498077392578125
