walltime(s),cputime(s),systime(s),usertime(s),memory(GB)
886.3303260803223,1772.3930970000001,0.043634000000000006,1772.349463,0.2643394470214844
890.7728867530823,1781.334786,0.023992000000000013,1781.310794,0.2748985290527344
894.5281794071198,1788.8425370000002,0.04399299999999995,1788.7985440000002,0.2779998779296875
896.505574464798,1792.7855059999993,0.01999899999999999,1792.7655069999992,0.2779998779296875
