walltime(s),cputime(s),systime(s),usertime(s),memory(GB)
400.87596368789673,801.657955,0.03942900000000005,801.618526,0.22602081298828125
393.7133002281189,787.3678949999999,0.011998999999999982,787.3558959999999,0.22982025146484375
403.90588998794556,807.7611670000001,0.011996000000000007,807.7491710000002,0.22986602783203125
401.8097367286682,803.5724890000001,0.00799800000000006,803.5644910000001,0.22991943359375
398.2577431201935,796.463066,0.01200000000000001,796.4510660000001,0.23006439208984375
403.8035397529602,807.5347159999997,0.020000000000000018,807.5147159999997,0.230072021484375
405.05689334869385,810.0597599999998,0.02400000000000002,810.0357599999998,0.23007965087890625
404.22445249557495,808.3848420000004,0.012000999999999928,808.3728410000003,0.2300872802734375
