walltime(s),cputime(s),systime(s),usertime(s),memory(GB)
394.1287155151367,785.504916,0.34466399999999997,785.160252,0.41748809814453125
393.8670423030853,787.1066950000001,0.24394300000000013,786.8627520000001,0.4310646057128906
389.0361256599426,777.4746699999998,0.23596799999999996,777.2387019999999,0.4311485290527344
391.6071481704712,782.6198670000003,0.21599499999999994,782.4038720000003,0.4316596984863281
388.6657259464264,776.7231899999999,0.2639719999999999,776.459218,0.4316596984863281
388.1013617515564,775.5900889999999,0.2359840000000002,775.3541049999999,0.4323692321777344
389.6851770877838,778.7608279999995,0.17597200000000024,778.5848559999995,0.4323692321777344
392.41619896888733,784.2423259999996,0.1759879999999998,784.0663379999996,0.4359703063964844
385.9364402294159,771.3032340000003,0.16799199999999992,771.1352420000003,0.4359703063964844
