walltime(s),cputime(s),systime(s),usertime(s),memory(GB)
731.1543941497803,1445.357104,0.9785190000000001,1444.378585,0.5951499938964844
717.0334928035736,1429.720974,0.6120579999999998,1429.1089160000001,0.6250762939453125
706.6755995750427,1408.7270279999998,0.7120229999999999,1408.0150049999997,0.6250762939453125
717.0720946788788,1429.4809209999994,0.5960580000000002,1428.8848629999993,0.6250762939453125
704.3882858753204,1403.6582649999996,0.7841230000000001,1402.8741419999997,0.6250762939453125
