walltime(s),cputime(s),systime(s),usertime(s),memory(GB)
731.2147173881531,1462.043522,0.034903999999999935,1462.0086179999998,0.2411346435546875
724.6225368976593,1449.0827940000001,0.023984000000000005,1449.0588100000002,0.24425506591796875
728.7807960510254,1457.3933259999997,0.023996999999999935,1457.3693289999997,0.24425506591796875
718.1356747150421,1436.0964649999996,0.023996000000000017,1436.0724689999997,0.24425506591796875
