walltime(s),cputime(s),systime(s),usertime(s),memory(GB)
510.8780903816223,1021.2373630000001,0.07994199999999996,1021.1574210000001,0.22987747192382812
507.1680438518524,1013.9884530000002,0.011992000000000003,1013.9764610000002,0.23262786865234375
506.76411032676697,1013.1761050000001,0.011985000000000023,1013.1641200000001,0.23305892944335938
490.1453688144684,979.9409650000001,0.02399399999999996,979.9169710000001,0.2330780029296875
509.279661655426,1018.1968299999996,0.01599499999999998,1018.1808349999997,0.23317337036132812
507.44304037094116,1014.5108120000001,0.019989000000000035,1014.4908230000001,0.2332000732421875
502.8200008869171,1005.2639780000006,0.011995999999999896,1005.2519820000007,0.23334121704101562
