walltime(s),cputime(s),systime(s),usertime(s),memory(GB)
261.71276903152466,2092.6801609999998,0.06472,2092.615441,0.25241851806640625
254.45716786384583,2035.0073009999999,0.032003000000000004,2034.9752979999998,0.26021575927734375
255.4473032951355,2042.9116049999998,0.047999000000000014,2042.863606,0.2619438171386719
255.13002610206604,2039.4662830000004,0.09199899999999994,2039.3742840000004,0.26203155517578125
263.01214575767517,2103.3352259999992,0.027998999999999996,2103.3072269999993,0.26203155517578125
260.75939989089966,2085.380021999999,0.027994999999999992,2085.352026999999,0.26203155517578125
253.87192249298096,2030.1397819999995,0.023997999999999964,2030.1157839999996,0.26203155517578125
260.57472133636475,2083.867611999999,0.035996999999999946,2083.831614999999,0.26203155517578125
256.0114653110504,2047.1455859999999,0.031999,2047.1135869999998,0.26203155517578125
255.14494013786316,2028.622201999998,0.03998900000000005,2028.5822129999979,0.26203155517578125
257.9842038154602,2062.9923339999996,0.0519980000000001,2062.9403359999997,0.26203155517578125
254.11521911621094,2032.1977610000001,0.035997999999999974,2032.161763,0.26203155517578125
256.4790389537811,2051.1490749999984,0.03599700000000006,2051.1130779999985,0.26203155517578125
