walltime(s),cputime(s),systime(s),usertime(s),memory(GB)
396.4894948005676,790.295715,0.161893,790.133822,0.40244293212890625
405.09650325775146,809.787867,0.14399200000000006,809.643875,0.40711212158203125
407.89741945266724,815.3960949999998,0.13599799999999995,815.2600969999999,0.40711212158203125
407.8205568790436,815.2468749999999,0.14799399999999996,815.0988809999999,0.40711212158203125
404.7266969680786,809.0820029999998,0.13999300000000003,808.9420099999998,0.40711212158203125
403.5718755722046,806.6923069999998,0.15598800000000002,806.5363189999998,0.40711212158203125
406.0652310848236,811.7055819999999,0.19199900000000003,811.5135829999999,0.40711212158203125
406.136652469635,811.9180120000003,0.18799900000000003,811.7300130000003,0.40711212158203125
