walltime(s),cputime(s),systime(s),usertime(s),memory(GB)
697.2235114574432,1394.357579,0.049292,1394.308287,0.2645912170410156
699.5016992092133,1398.9376579999998,0.02401299999999995,1398.9136449999999,0.2696800231933594
706.7341392040253,1413.4139510000005,0.036004000000000036,1413.3779470000004,0.27020263671875
703.9821033477783,1407.9014040000002,0.024001999999999968,1407.877402,0.2721443176269531
692.1547603607178,1384.2533349999997,0.028000999999999943,1384.2253339999997,0.2721443176269531
