walltime(s),cputime(s),systime(s),usertime(s),memory(GB)
884.0667188167572,1766.051262,0.432964,1765.6182979999999,0.4820213317871094
871.1639001369476,1741.7940280000003,0.3520000000000001,1741.4420280000002,0.4889373779296875
850.1806571483612,1699.8853570000003,0.21999999999999997,1699.6653570000003,0.4889373779296875
838.4889528751373,1676.483246,0.22800699999999985,1676.255239,0.4889373779296875
