walltime(s),cputime(s),systime(s),usertime(s),memory(GB)
1324.6114251613617,2648.3796730000004,0.13042199999999998,2648.249251,0.24083328247070312
1339.3240051269531,2677.820359,0.075994,2677.744365,0.24787521362304688
