walltime(s),cputime(s),systime(s),usertime(s),memory(GB)
650.8110537528992,1301.4478080000001,0.16165799999999997,1301.2861500000001,0.2545318603515625
647.0542333126068,1293.9585789999999,0.09600000000000003,1293.8625789999999,0.2545318603515625
639.0560286045074,1277.9223759999998,0.08800299999999994,1277.8343729999997,0.2545318603515625
648.0990173816681,1296.0571499999996,0.044001999999999986,1296.0131479999995,0.2545318603515625
653.5710067749023,1306.9449180000008,0.040001000000000064,1306.9049170000008,0.2545318603515625
