walltime(s),cputime(s),systime(s),usertime(s),memory(GB)
1043.0122168064117,2070.1454230000004,1.143652,2069.001771,1.0081100463867188
1007.3344161510468,2011.7340790000003,0.767992,2010.9660870000002,1.0255851745605469
999.2484476566315,1995.971697,0.8319749999999999,1995.139722,1.0255851745605469
