walltime(s),cputime(s),systime(s),usertime(s),memory(GB)
245.7926561832428,491.50215199999997,0.03892300000000004,491.46322899999996,0.2621917724609375
247.92282962799072,495.80086600000004,0.02801300000000001,495.77285300000005,0.2624664306640625
255.3377537727356,510.62438700000007,0.024005,510.6003820000001,0.2624664306640625
247.25129747390747,494.4575319999998,0.020002999999999993,494.4375289999998,0.2624664306640625
254.3544282913208,508.66501299999993,0.020001000000000047,508.64501199999995,0.2624664306640625
251.9175865650177,503.7878739999996,0.01200100000000004,503.7758729999996,0.2624664306640625
251.30262351036072,502.5597349999999,0.016001000000000043,502.54373399999986,0.2624664306640625
249.7357883453369,499.4155269999997,0.012001999999999957,499.4035249999997,0.2624664306640625
247.0349736213684,494.0241110000003,0.02400000000000002,494.0001110000003,0.2624664306640625
250.38905787467957,500.71790999999985,0.04399900000000001,500.67391099999986,0.2624664306640625
253.45740032196045,506.8341770000002,0.020000000000000018,506.8141770000002,0.2624664306640625
257.08980560302734,514.1279989999999,0.02400000000000002,514.1039989999999,0.2624664306640625
251.34918808937073,502.6428320000004,0.01200100000000004,502.6308310000004,0.2624664306640625
253.84644150733948,507.6436420000001,0.027998999999999996,507.6156430000001,0.2624664306640625
