walltime(s),cputime(s),systime(s),usertime(s),memory(GB)
443.35573506355286,886.383042,0.06924899999999995,886.313793,0.22540283203125
445.8384189605713,891.3646080000001,0.032001999999999975,891.332606,0.241058349609375
450.5011022090912,900.6500130000001,0.11198200000000003,900.538031,0.241058349609375
436.59556317329407,872.9184920000001,0.024024999999999963,872.8944670000001,0.241058349609375
436.36849427223206,872.4776650000006,0.024013000000000062,872.4536520000006,0.241058349609375
428.48835849761963,856.7281369999998,0.035995,856.6921419999999,0.241058349609375
433.8948962688446,867.5601119999995,0.023998000000000075,867.5361139999995,0.241058349609375
429.47146248817444,858.724424,0.012009000000000047,858.712415,0.241058349609375
