walltime(s),cputime(s),systime(s),usertime(s),memory(GB)
489.49088883399963,978.0574510000001,0.13151200000000002,977.9259390000001,0.2863807678222656
496.4443504810333,992.6362340000001,0.11598699999999995,992.520247,0.2863807678222656
495.1371433734894,990.0087240000003,0.067998,989.9407260000003,0.2933158874511719
501.3325026035309,1002.3673920000001,0.09999900000000006,1002.2673930000001,0.2933158874511719
494.83941674232483,989.3465560000001,0.08399999999999996,989.2625560000001,0.2933158874511719
498.37211203575134,996.4337509999995,0.07200000000000006,996.3617509999995,0.2933158874511719
499.24065613746643,998.1745719999998,0.06799700000000009,998.1065749999998,0.2933158874511719
