walltime(s),cputime(s),systime(s),usertime(s),memory(GB)
459.1238341331482,918.1344690000001,0.0378130000000001,918.096656,0.23389434814453125
459.58426308631897,919.0983309999999,0.008024000000000031,919.0903069999999,0.23692703247070312
447.9244062900543,895.7927740000001,0.012008000000000019,895.7807660000001,0.23713302612304688
462.49164748191833,924.8828139999998,0.02800400000000003,924.8548099999998,0.23727035522460938
467.57494592666626,935.0761839999999,0.028000999999999943,935.0481829999999,0.23736190795898438
478.65656328201294,957.2568970000003,0.020001000000000047,957.2368960000003,0.23742294311523438
438.5128848552704,876.9717809999996,0.004002000000000061,876.9677789999996,0.23742294311523438
