walltime(s),cputime(s),systime(s),usertime(s),memory(GB)
941.902586221695,1883.6070149999998,0.04117799999999999,1883.5658369999999,0.24315643310546875
950.448303937912,1900.7748439999998,0.035999,1900.7388449999999,0.25862884521484375
952.341139793396,1904.5467519999997,0.03999899999999995,1904.5067529999997,0.25862884521484375
