walltime(s),cputime(s),systime(s),usertime(s),memory(GB)
790.6891438961029,1581.080868,0.04278500000000002,1581.038083,0.28113555908203125
792.4734466075897,1584.755449,0.06399699999999997,1584.691452,0.28163909912109375
762.8394784927368,1525.517484,0.047997999999999985,1525.469486,0.28163909912109375
740.4521560668945,1480.7121380000003,0.03999900000000006,1480.6721390000002,0.28163909912109375
