walltime(s),cputime(s),systime(s),usertime(s),memory(GB)
472.3984019756317,3777.497709,0.07534200000000002,3777.422367,0.26732635498046875
484.4777853488922,3874.436962,0.04798800000000003,3874.3889740000004,0.274627685546875
477.3650646209717,3817.6228249999995,0.06399699999999997,3817.5588279999993,0.27581024169921875
475.21549940109253,3800.4349959999995,0.043997000000000064,3800.3909989999993,0.2767601013183594
472.0389425754547,3774.896223999999,0.0799970000000001,3774.8162269999993,0.2767601013183594
480.62952041625977,3837.4239270000016,0.05199600000000015,3837.3719310000015,0.2767601013183594
475.8277018070221,3793.631921999999,0.07597999999999994,3793.555941999999,0.2767601013183594
