walltime(s),cputime(s),systime(s),usertime(s),memory(GB)
734.0810172557831,1441.5163219999997,1.673347,1439.8429749999998,0.7582588195800781
707.2896130084991,1411.7574429999997,1.3240850000000002,1410.4333579999998,0.78143310546875
715.457245349884,1427.5988549999995,1.4361519999999999,1426.1627029999995,0.7862358093261719
699.2582242488861,1395.4347350000005,1.1921030000000004,1394.2426320000004,0.7897453308105469
713.3082737922668,1423.5371759999996,1.3761640000000002,1422.1610119999996,0.7897453308105469
