walltime(s),cputime(s),systime(s),usertime(s),memory(GB)
1003.6381158828735,2006.183009,0.271698,2005.911311,0.3656349182128906
995.4145934581757,1990.3544900000002,0.21241999999999994,1990.14207,0.3656349182128906
1008.1767086982727,2015.9379850000005,0.25648100000000007,2015.6815040000006,0.3656349182128906
