walltime(s),cputime(s),systime(s),usertime(s),memory(GB)
775.835622549057,5347.926169,6.051244,5341.874925,1.6822700500488281
664.7742366790771,5270.889217,4.608269999999999,5266.280947,1.6872940063476562
666.3249208927155,5284.305274999999,4.816282000000001,5279.488992999999,1.6976089477539062
664.4974293708801,5268.99783,4.636363000000001,5264.361467000001,1.6976089477539062
662.4194595813751,5252.663499999998,4.636317999999999,5248.027181999998,1.6976089477539062
