walltime(s),cputime(s),systime(s),usertime(s),memory(GB)
1153.8008575439453,2305.1152960000004,0.37258800000000003,2304.742708,0.4498634338378906
1149.8848905563354,2299.0479310000005,0.279996,2298.7679350000003,0.4498634338378906
1129.7288999557495,2258.873169,0.252,2258.621169,0.4498634338378906
