walltime(s),cputime(s),systime(s),usertime(s),memory(GB)
284.29660058021545,541.73036,0.47774500000000003,541.252615,0.5149383544921875
271.58569288253784,540.2783250000001,0.2001320000000001,540.078193,0.5564804077148438
258.7265348434448,514.2017119999999,0.3640969999999999,513.8376149999999,0.5615119934082031
263.3855903148651,523.451319,0.18006900000000003,523.27125,0.5615119934082031
271.12162590026855,539.2828420000002,0.1680649999999999,539.1147770000002,0.5615119934082031
262.2170479297638,521.3543739999999,0.19207699999999983,521.1622969999999,0.5622329711914062
264.27912044525146,525.6226989999999,0.3200590000000001,525.3026399999999,0.5681343078613281
259.9998106956482,516.9259870000001,0.2000449999999998,516.725942,0.5681343078613281
264.46770429611206,525.432235,0.2960829999999999,525.136152,0.5681343078613281
256.06239080429077,508.90329999999943,0.17207000000000017,508.7312299999994,0.5743904113769531
263.27674555778503,523.4872280000002,0.20006700000000022,523.2871610000002,0.5743904113769531
268.46449041366577,533.6772770000006,0.18804299999999996,533.4892340000006,0.5743904113769531
257.8787386417389,512.4260269999996,0.27208299999999985,512.1539439999997,0.5743904113769531
