walltime(s),cputime(s),systime(s),usertime(s),memory(GB)
658.8409426212311,1315.50479,0.14718800000000004,1315.357602,0.3000221252441406
659.885838508606,1319.374022,0.11598999999999993,1319.258032,0.3210296630859375
654.780727148056,1309.217754,0.103993,1309.113761,0.3210296630859375
650.7090129852295,1300.9813610000003,0.13199499999999997,1300.8493660000004,0.3210296630859375
648.7615256309509,1297.1585029999997,0.08399500000000015,1297.0745079999997,0.3210296630859375
