walltime(s),cputime(s),systime(s),usertime(s),memory(GB)
177.8645932674408,355.683359,0.009438000000000002,355.673921,0.22613525390625
176.8206810951233,353.60932699999995,0.011981999999999993,353.59734499999996,0.22660446166992188
180.8405373096466,361.6501779999999,0.011996000000000007,361.6381819999999,0.22660446166992188
176.65912318229675,353.29443699999985,0.011996000000000007,353.28244099999984,0.22660446166992188
176.50255179405212,352.9833130000001,0.008000000000000007,352.97531300000014,0.22660446166992188
176.20966172218323,352.40027499999997,0.019998000000000016,352.380277,0.22660446166992188
177.56823086738586,355.1137850000001,0.0040000000000000036,355.1097850000001,0.22660446166992188
182.20265412330627,364.3742439999998,0.011998999999999982,364.3622449999998,0.22660446166992188
175.87154746055603,351.716345,0.008000000000000007,351.708345,0.22660446166992188
170.99961066246033,341.97387099999986,0.015998000000000012,341.95787299999984,0.22660446166992188
180.29907321929932,360.56821700000023,0.01999799999999996,360.54821900000024,0.22660446166992188
177.08517622947693,354.13718900000003,0.020000000000000018,354.11718900000005,0.22660446166992188
181.40492939949036,362.7026839999999,0.007994999999999974,362.6946889999999,0.22660446166992188
177.01530599594116,354.0056080000005,0.0040000000000000036,354.0016080000005,0.22660446166992188
179.23782801628113,358.4445810000005,0.015998999999999985,358.42858200000046,0.22660446166992188
177.24770140647888,354.4770339999994,0.015998999999999985,354.46103499999936,0.22660446166992188
179.616459608078,359.2095189999997,0.011998999999999982,359.1975199999997,0.22660446166992188
177.86749982833862,355.7071779999996,0.01200100000000004,355.6951769999996,0.22660446166992188
175.28517746925354,350.547419,0.020000000000000018,350.527419,0.22660446166992188
169.3518030643463,338.6776830000006,0.008001000000000036,338.66968200000065,0.22660446166992188
