walltime(s),cputime(s),systime(s),usertime(s),memory(GB)
3515.020166158676,6916.446886999999,7.2922080000000005,6909.154678999999,1.7374229431152344
