walltime(s),cputime(s),systime(s),usertime(s),memory(GB)
494.56324195861816,989.004048,0.018461000000000005,988.985587,0.24200439453125
488.21750378608704,976.3338289999999,0.011998999999999982,976.32183,0.2541847229003906
488.77237606048584,977.4514080000001,0.02399699999999999,977.4274110000001,0.2541847229003906
489.8010265827179,979.5166089999998,0.023998999999999993,979.4926099999998,0.2541847229003906
496.15285181999207,992.2189339999999,0.01999899999999999,992.1989349999999,0.2541847229003906
495.48916935920715,990.8970499999994,0.027999999999999914,990.8690499999993,0.2541847229003906
489.2503197193146,978.4098870000008,0.027998999999999996,978.3818880000008,0.2541847229003906
