walltime(s),cputime(s),systime(s),usertime(s),memory(GB)
990.2560341358185,1979.4393819999998,0.18863499999999994,1979.2507469999998,0.33654022216796875
997.819742679596,1995.1856039999998,0.19599100000000003,1994.9896129999997,0.357513427734375
1004.0333976745605,2007.6835860000003,0.21999199999999997,2007.4635940000003,0.3587608337402344
