walltime(s),cputime(s),systime(s),usertime(s),memory(GB)
1041.2393012046814,7553.023569000001,6.347851,7546.675718,1.7522811889648438
938.6561098098755,7454.741281,6.039929999999999,7448.701351,1.7571601867675781
931.2733957767487,7395.549940999999,5.947966000000001,7389.601975,1.7593193054199219
