walltime(s),cputime(s),systime(s),usertime(s),memory(GB)
438.9369659423828,877.753664,0.025399000000000005,877.728265,0.24114227294921875
437.9495005607605,875.8149070000001,0.01598900000000003,875.7989180000001,0.25020599365234375
439.4637508392334,878.8254579999998,0.015996999999999983,878.8094609999998,0.2515220642089844
438.7067618370056,877.334686,0.023998000000000075,877.310688,0.2515220642089844
436.21271562576294,872.3407109999997,0.023997999999999964,872.3167129999997,0.2515220642089844
433.8020067214966,867.5148169999995,0.01999800000000007,867.4948189999996,0.2515220642089844
430.96169352531433,861.8366140000003,0.027997999999999967,861.8086160000003,0.2515220642089844
428.47614312171936,856.8361720000003,0.016000999999999932,856.8201710000003,0.2515220642089844
