walltime(s),cputime(s),systime(s),usertime(s),memory(GB)
612.9032518863678,1225.225073,0.16954400000000003,1225.055529,0.3049774169921875
603.360867023468,1206.567964,0.124004,1206.44396,0.30637359619140625
595.8408441543579,1191.478824,0.19601199999999996,1191.282812,0.30637359619140625
602.3169441223145,1204.4310650000002,0.14001000000000008,1204.2910550000001,0.30637359619140625
596.7639918327332,1193.372839,0.156007,1193.216832,0.30637359619140625
581.2065358161926,1162.254377,0.1440079999999999,1162.110369,0.30637359619140625
