walltime(s),cputime(s),systime(s),usertime(s),memory(GB)
192.06832838058472,384.09508500000004,0.014832000000000012,384.080253,0.225006103515625
190.14621901512146,380.273318,0.007994000000000001,380.265324,0.22565078735351562
191.91526651382446,383.80476899999996,0.019989000000000035,383.78477999999996,0.22565078735351562
188.98612070083618,377.947561,0.011992000000000003,377.935569,0.22565078735351562
197.46411871910095,394.9064829999999,0.015997999999999957,394.8904849999999,0.22565078735351562
192.14643716812134,384.26277099999993,0.02399499999999999,384.2387759999999,0.22565078735351562
191.7221975326538,383.4260749999999,0.011998000000000064,383.4140769999999,0.22565078735351562
194.8544933795929,389.6746739999999,0.011997999999999953,389.6626759999999,0.22565078735351562
199.86826348304749,399.7106630000001,0.01200000000000001,399.6986630000001,0.22565078735351562
190.00687789916992,379.99099099999984,0.011998999999999982,379.97899199999983,0.22565078735351562
183.83415269851685,367.64591400000035,0.015998000000000068,367.6299160000003,0.22565078735351562
193.82220554351807,387.61797900000016,0.007998999999999978,387.6099800000002,0.22565078735351562
180.30988550186157,360.59170900000026,0.023998999999999993,360.56771000000026,0.22565078735351562
191.72300100326538,383.42490300000077,0.028000000000000025,383.39690300000075,0.22565078735351562
182.6679286956787,365.3224209999997,0.015998999999999985,365.30642199999966,0.22565078735351562
183.564519405365,367.1124810000005,0.016000000000000014,367.0964810000005,0.22565078735351562
188.92884063720703,377.8331429999994,0.020000000000000018,377.8131429999994,0.22565078735351562
184.29524064064026,368.5731540000005,0.01999899999999999,368.5531550000005,0.22565078735351562
184.62990307807922,369.23652999999996,0.015998999999999985,369.22053099999994,0.22565078735351562
