walltime(s),cputime(s),systime(s),usertime(s),memory(GB)
753.7975707054138,1507.238507,0.05941000000000002,1507.179097,0.2846336364746094
745.4690697193146,1490.737186,0.052006,1490.6851800000002,0.2846336364746094
745.6559417247772,1491.0454520000003,0.040000000000000036,1491.0054520000003,0.2846336364746094
732.6870150566101,1465.1367610000004,0.08799899999999994,1465.0487620000004,0.2846336364746094
