walltime(s),cputime(s),systime(s),usertime(s),memory(GB)
875.2139403820038,1750.247039,0.04028300000000001,1750.206756,0.248809814453125
901.158937215805,1802.2282,0.028000000000000025,1802.2002,0.248809814453125
861.7190454006195,1723.3396279999995,0.03199999999999997,1723.3076279999996,0.248809814453125
842.5906918048859,1685.0945340000003,0.015999999999999903,1685.0785340000002,0.248809814453125
