walltime(s),cputime(s),systime(s),usertime(s),memory(GB)
260.5258479118347,2068.913433,0.068295,2068.845138,0.2768096923828125
260.55756855010986,2083.1305230000003,0.084005,2083.046518,0.2794837951660156
263.8167791366577,2109.4554719999996,0.05599900000000002,2109.3994729999995,0.2798614501953125
263.39431381225586,2106.090527,0.059997999999999996,2106.0305289999997,0.2798614501953125
252.7088086605072,2020.3037800000002,0.06800200000000012,2020.2357780000002,0.2798614501953125
257.1980469226837,2056.432993000001,0.035997999999999974,2056.396995000001,0.2798614501953125
260.1895503997803,2080.368828,0.05600000000000005,2080.312828,0.2798614501953125
262.21597695350647,2096.653277999999,0.04800000000000004,2096.605277999999,0.2801551818847656
258.59134793281555,2067.581740999999,0.031999999999999806,2067.549740999999,0.2801551818847656
263.1808738708496,2104.438015,0.035998000000000197,2104.4020170000003,0.2802391052246094
263.35554552078247,2105.5887419999985,0.04000200000000009,2105.5487399999984,0.2802391052246094
259.9625051021576,2078.6632220000015,0.03199599999999991,2078.6312260000013,0.2802391052246094
258.28297305107117,2065.1097539999996,0.04799599999999993,2065.061758,0.28032684326171875
