walltime(s),cputime(s),systime(s),usertime(s),memory(GB)
651.8166613578796,1303.528772,0.011426999999999965,1303.517345,0.2630767822265625
646.9608287811279,1293.8401370000001,0.03198399999999996,1293.8081530000002,0.26715087890625
651.2639970779419,1302.4672529999998,0.011994000000000005,1302.4552589999998,0.26715087890625
650.4905769824982,1300.9136459999997,0.023997999999999964,1300.8896479999999,0.26715087890625
641.5390839576721,1283.0240669999996,0.015998000000000012,1283.0080689999995,0.26715087890625
