walltime(s),cputime(s),systime(s),usertime(s),memory(GB)
736.9115252494812,1473.338095,0.21092199999999994,1473.127173,0.27425384521484375
733.4660325050354,1466.539516,0.11599899999999996,1466.423517,0.2765998840332031
734.296140909195,1468.1892120000005,0.17198599999999997,1468.0172260000004,0.2765998840332031
721.8418524265289,1442.610132,0.4119689999999999,1442.198163,0.2765998840332031
