walltime(s),cputime(s),systime(s),usertime(s),memory(GB)
388.4112515449524,776.7483550000001,0.013048999999999977,776.735306,0.2635345458984375
378.93545937538147,757.8346270000001,0.015979999999999994,757.818647,0.2644195556640625
380.2415976524353,760.4486,0.039993,760.4086070000001,0.2644195556640625
377.9034774303436,755.7484049999999,0.023996000000000017,755.7244089999999,0.2644195556640625
377.70936155319214,755.3910129999999,0.027998000000000023,755.3630149999999,0.2644195556640625
384.15538358688354,768.2734570000001,0.04399799999999998,768.2294590000001,0.2644195556640625
382.8048691749573,765.5714859999999,0.027998999999999996,765.5434869999999,0.2644195556640625
386.0039806365967,771.9596050000001,0.027998999999999996,771.9316060000001,0.2644195556640625
382.70688366889954,765.3177379999994,0.03199800000000008,765.2857399999994,0.2644195556640625
