walltime(s),cputime(s),systime(s),usertime(s),memory(GB)
491.55071115493774,982.899578,0.03514499999999998,982.8644330000001,0.2835884094238281
495.6149446964264,991.0900640000001,0.023990999999999985,991.0660730000001,0.2835884094238281
490.995822429657,981.85074,0.019994999999999985,981.830745,0.2835884094238281
498.3780515193939,996.6000029999996,0.035997,996.5640059999996,0.2835884094238281
497.8744418621063,995.5919519999997,0.047996999999999956,995.5439549999996,0.2835884094238281
494.8862307071686,989.6056389999998,0.04799700000000007,989.5576419999998,0.2835884094238281
486.96222281455994,973.7446010000001,0.015999000000000096,973.7286020000001,0.2835884094238281
