walltime(s),cputime(s),systime(s),usertime(s),memory(GB)
689.0008127689362,1377.823685,0.04384099999999996,1377.7798440000001,0.2500495910644531
682.8007600307465,1365.506412,0.052008,1365.454404,0.2500495910644531
659.1063413619995,1318.1309700000002,0.03199799999999997,1318.0989720000002,0.2500495910644531
662.8346486091614,1325.616103,0.015998000000000012,1325.600105,0.2500495910644531
655.4744784832001,1310.9022570000006,0.01999899999999999,1310.8822580000005,0.2500495910644531
