walltime(s),cputime(s),systime(s),usertime(s),memory(GB)
946.3110799789429,1889.2646320000001,0.6516910000000001,1888.612941,0.3184814453125
958.7359883785248,1915.9178729999996,0.4120300000000001,1915.5058429999997,0.33184051513671875
948.2477557659149,1894.890466,0.40800599999999987,1894.4824600000002,0.3325996398925781
