walltime(s),cputime(s),systime(s),usertime(s),memory(GB)
406.51338243484497,812.977606,0.015547000000000033,812.9620590000001,0.23917770385742188
401.5005578994751,802.972015,0.01200000000000001,802.9600150000001,0.23917770385742188
405.05229663848877,810.073028,0.015998999999999985,810.057029,0.23917770385742188
404.91007947921753,809.7926840000002,0.028000000000000025,809.7646840000002,0.23917770385742188
405.73740696907043,811.44768,0.01200000000000001,811.43568,0.23917770385742188
401.1838369369507,802.3381169999999,0.027998999999999996,802.3101179999999,0.23917770385742188
400.6024386882782,801.1815039999999,0.004001000000000032,801.1775029999999,0.23917770385742188
392.807740688324,785.5914030000002,0.008000999999999925,785.5834020000002,0.23917770385742188
389.89972138404846,779.7812400000005,0.01200000000000001,779.7692400000005,0.23917770385742188
