walltime(s),cputime(s),systime(s),usertime(s),memory(GB)
955.1975102424622,1910.212579,0.26650499999999994,1909.946074,0.26915740966796875
950.7752799987793,1901.399836,0.18799100000000002,1901.211845,0.26915740966796875
947.5711452960968,1895.0023039999996,0.020000000000000018,1894.9823039999997,0.26915740966796875
