walltime(s),cputime(s),systime(s),usertime(s),memory(GB)
141.2986478805542,1113.776186,0.32119699999999995,1113.454989,0.417266845703125
139.25370907783508,1111.581507,0.19999400000000012,1111.381513,0.4285011291503906
139.3183491230011,1112.006595,0.18400399999999983,1111.822591,0.4307212829589844
139.85880756378174,1116.4010549999998,0.17199999999999993,1116.2290549999998,0.4307212829589844
137.6905596256256,1099.0517589999995,0.247992,1098.8037669999994,0.4308509826660156
139.16655707359314,1110.7100719999999,0.2519990000000001,1110.4580729999998,0.4308509826660156
136.04832649230957,1085.9301719999996,0.22000399999999987,1085.7101679999996,0.4308509826660156
135.6662187576294,1082.853588,0.25597999999999965,1082.597608,0.4308509826660156
139.7051432132721,1115.1739360000008,0.21202900000000025,1114.9619070000008,0.4308509826660156
137.15951299667358,1094.756988999999,0.259995,1094.4969939999992,0.4308509826660156
136.75475335121155,1091.253318,0.2079740000000001,1091.0453440000001,0.4308509826660156
136.26898336410522,1087.5096700000008,0.18000599999999967,1087.3296640000008,0.4308509826660156
139.24616742134094,1111.3606829999999,0.23200300000000018,1111.1286799999998,0.4308509826660156
137.19469809532166,1095.2214940000013,0.18800000000000017,1095.0334940000012,0.4308509826660156
137.20807814598083,1095.0595820000015,0.23200600000000016,1094.8275760000015,0.4308509826660156
141.1387596130371,1126.6167090000004,0.207986,1126.4087230000005,0.4308509826660156
137.35823726654053,1096.3253759999993,0.2200109999999995,1096.1053649999994,0.4308509826660156
135.14462423324585,1078.5857850000002,0.15999800000000075,1078.4257870000001,0.4308509826660156
137.4327642917633,1091.1124089999973,0.27195500000000017,1090.8404539999974,0.4308509826660156
134.83122444152832,1076.0154400000024,0.21999800000000036,1075.7954420000024,0.4308509826660156
135.3058774471283,1079.7134389999985,0.18399900000000002,1079.5294399999984,0.4308509826660156
140.3744375705719,1120.5410229999986,0.2719849999999999,1120.2690379999985,0.4308509826660156
138.8353796005249,1108.1606040000004,0.20801499999999962,1107.9525890000004,0.4308509826660156
137.9331774711609,1100.9301239999982,0.16799699999999973,1100.7621269999981,0.4308509826660156
134.84841418266296,1076.273936000001,0.20398600000000044,1076.069950000001,0.4308509826660156
139.20223450660706,1111.0440919999992,0.17199600000000004,1110.8720959999991,0.4308509826660156
