walltime(s),cputime(s),systime(s),usertime(s),memory(GB)
843.6304955482483,1682.834749,0.46139100000000005,1682.373358,0.5069732666015625
844.8438642024994,1688.604214,0.40797799999999995,1688.196236,0.5069732666015625
846.3953602313995,1691.6646420000002,0.46798000000000006,1691.1966620000003,0.5069732666015625
835.4553253650665,1669.6953859999999,0.37198700000000007,1669.3233989999999,0.5069732666015625
