walltime(s),cputime(s),systime(s),usertime(s),memory(GB)
1025.158804655075,2030.703827,1.609791,2029.094036,0.7392387390136719
1001.5835287570953,1999.5001599999998,1.3961000000000001,1998.10406,0.7454490661621094
996.0680387020111,1988.4548960000002,1.5800979999999996,1986.8747980000003,0.7454490661621094
