walltime(s),cputime(s),systime(s),usertime(s),memory(GB)
741.8333179950714,1483.5207970000001,0.22941100000000003,1483.291386,0.24964523315429688
724.649927854538,1449.1460109999998,0.375985,1448.770026,0.256927490234375
740.4397528171539,1480.7312339999999,0.1079969999999999,1480.6232369999998,0.256927490234375
737.299319267273,1474.4643719999995,0.040008000000000044,1474.4243639999995,0.256927490234375
