walltime(s),cputime(s),systime(s),usertime(s),memory(GB)
769.4829745292664,1538.79789,0.034831,1538.763059,0.24666595458984375
781.9161388874054,1563.7065350000003,0.02799999999999997,1563.6785350000002,0.24666595458984375
785.2143821716309,1570.2967560000004,0.02000099999999999,1570.2767550000003,0.24666595458984375
778.662679195404,1557.1956579999999,0.02000099999999999,1557.1756569999998,0.24666595458984375
