walltime(s),cputime(s),systime(s),usertime(s),memory(GB)
351.2391400337219,702.302419,0.040054000000000034,702.2623649999999,0.2280120849609375
350.62545132637024,701.0966780000001,0.016010999999999997,701.0806670000001,0.23404312133789062
350.17832112312317,700.197714,0.0040040000000000076,700.19371,0.23431777954101562
355.6504340171814,711.1506499999997,0.011998999999999982,711.1386509999998,0.23444366455078125
364.54673957824707,728.94125,0.027998999999999996,728.913251,0.234619140625
352.3177652359009,704.4700520000004,0.015998999999999985,704.4540530000004,0.23476409912109375
358.30228209495544,716.4472810000005,0.01999899999999999,716.4272820000006,0.23478317260742188
353.01411271095276,705.880163,0.008000000000000007,705.872163,0.23479843139648438
358.2406551837921,716.3127899999995,0.003998999999999975,716.3087909999995,0.23480606079101562
355.8379201889038,711.5216949999993,0.01999899999999999,711.5016959999994,0.23480606079101562
