walltime(s),cputime(s),systime(s),usertime(s),memory(GB)
144.94434666633606,1157.814167,0.08251600000000003,1157.731651,0.26288604736328125
144.49396967887878,1154.62737,0.11200600000000005,1154.5153639999999,0.2636985778808594
140.68447875976562,1124.296773,0.05999599999999994,1124.236777,0.26392364501953125
142.6151885986328,1139.941056,0.039993999999999974,1139.901062,0.2640419006347656
143.19138836860657,1144.4400540000004,0.06399199999999994,1144.3760620000003,0.2640647888183594
145.83311939239502,1165.6061849999992,0.11599599999999999,1165.4901889999992,0.26415252685546875
144.40220665931702,1153.9741779999997,0.03199900000000011,1153.9421789999997,0.26415252685546875
140.9951376914978,1126.840923,0.04800000000000004,1126.792923,0.26415252685546875
139.466322183609,1114.8455490000006,0.04400299999999979,1114.8015460000006,0.26415252685546875
145.8882076740265,1166.0122719999995,0.06399500000000002,1165.9482769999995,0.26415252685546875
141.18457174301147,1128.4137579999988,0.032002000000000086,1128.3817559999989,0.2643890380859375
145.25493693351746,1161.090243999999,0.08000000000000007,1161.0102439999991,0.2643890380859375
145.56271648406982,1162.8259400000004,0.03599499999999978,1162.7899450000004,0.2643890380859375
141.11120414733887,1127.8685539999994,0.05199900000000013,1127.8165549999994,0.2643890380859375
143.48735761642456,1146.8940030000008,0.044001999999999875,1146.8500010000007,0.2643890380859375
142.45647192001343,1138.6035100000015,0.03200000000000003,1138.5715100000016,0.2643890380859375
139.8336706161499,1117.5598249999978,0.06400099999999997,1117.4958239999978,0.2643890380859375
143.4927875995636,1147.0736349999984,0.044001999999999875,1147.0296329999983,0.2643890380859375
145.04099082946777,1159.1004879999984,0.04400000000000004,1159.0564879999984,0.2643890380859375
141.18391871452332,1128.5886449999996,0.023996999999999824,1128.5646479999996,0.2643890380859375
140.7982213497162,1125.431409000003,0.02400000000000002,1125.407409000003,0.2643890380859375
141.5842571258545,1131.5548560000027,0.052000000000000046,1131.5028560000028,0.2643890380859375
140.06897974014282,1119.5517859999998,0.05599899999999991,1119.4957869999998,0.2643890380859375
140.07171988487244,1119.663425,0.04800000000000004,1119.615425,0.2643890380859375
143.6865634918213,1148.329179999999,0.04799699999999962,1148.2811829999991,0.2643890380859375
