walltime(s),cputime(s),systime(s),usertime(s),memory(GB)
338.49578857421875,2706.129149,0.05687000000000003,2706.072279,0.2516021728515625
329.86125087738037,2637.9623890000007,0.07200800000000002,2637.8903810000006,0.261688232421875
333.03723406791687,2663.1334380000008,0.060002,2663.0734360000006,0.261688232421875
324.2451243400574,2592.9959669999994,0.09200200000000003,2592.9039649999995,0.261688232421875
330.73085045814514,2644.9106430000006,0.03199799999999997,2644.8786450000007,0.261688232421875
329.456622838974,2634.7988949999994,0.044001999999999986,2634.7548929999994,0.261688232421875
329.1869966983795,2632.6171260000006,0.028001000000000054,2632.5891250000004,0.26233673095703125
331.8975353240967,2654.3467780000014,0.00400199999999995,2654.3427760000013,0.26233673095703125
331.1335117816925,2648.0037549999993,0.047999000000000014,2647.9557559999994,0.26256561279296875
332.79329109191895,2661.2845929999985,0.04399999999999982,2661.2405929999986,0.26256561279296875
