walltime(s),cputime(s),systime(s),usertime(s),memory(GB)
696.0473523139954,1391.94533,0.022000999999999993,1391.923329,0.2456817626953125
703.4480020999908,1406.780357,0.03599000000000002,1406.744367,0.2501220703125
696.156708240509,1392.188854,0.019996000000000014,1392.168858,0.2501220703125
698.213348865509,1396.3118799999995,0.019998000000000016,1396.2918819999995,0.2501220703125
696.8107826709747,1393.5096520000004,0.035997999999999974,1393.4736540000004,0.2501220703125
