walltime(s),cputime(s),systime(s),usertime(s),memory(GB)
378.89241433143616,757.4453669999999,0.051251999999999964,757.3941149999999,0.23206329345703125
372.5557527542114,744.8374920000001,0.019977999999999996,744.8175140000001,0.23206329345703125
366.13725757598877,732.0139549999998,0.015992000000000006,731.9979629999998,0.23206329345703125
361.9461348056793,723.6621280000002,0.007996000000000003,723.6541320000001,0.23206329345703125
355.511905670166,710.7887630000001,0.027994999999999992,710.7607680000001,0.23206329345703125
355.4272050857544,710.614335,0.011996000000000007,710.602339,0.23206329345703125
357.5522518157959,714.8917220000005,0.01999799999999996,714.8717240000005,0.23206329345703125
353.6312346458435,707.0748980000001,0.008000000000000007,707.066898,0.23206329345703125
352.37376284599304,704.5758190000007,0.012005999999999961,704.5638130000007,0.23206329345703125
