walltime(s),cputime(s),systime(s),usertime(s),memory(GB)
570.1025049686432,1140.090359,0.017068000000000028,1140.073291,0.24486541748046875
571.9387040138245,1143.8257700000001,0.019994999999999985,1143.805775,0.24486541748046875
578.4593367576599,1156.8386850000002,0.03599599999999997,1156.802689,0.24486541748046875
569.9102900028229,1139.7588050000002,0.03599899999999989,1139.7228060000002,0.24486541748046875
571.4578785896301,1142.8480759999995,0.01200000000000001,1142.8360759999996,0.24486541748046875
579.2801082134247,1158.4938139999997,0.031999,1158.4618149999997,0.24486541748046875
