walltime(s),cputime(s),systime(s),usertime(s),memory(GB)
850.5096414089203,1698.57771,0.25711,1698.3206,0.3704872131347656
846.1612362861633,1691.6475840000003,0.12400199999999995,1691.5235820000003,0.3704872131347656
832.9966418743134,1665.2945480000005,0.10799900000000007,1665.1865490000005,0.3704872131347656
835.8989119529724,1670.9862930000002,0.11199899999999996,1670.8742940000002,0.3704872131347656
