walltime(s),cputime(s),systime(s),usertime(s),memory(GB)
578.9916696548462,1156.8946819999999,0.145617,1156.749065,0.32778167724609375
586.6418430805206,1172.9827840000003,0.112008,1172.8707760000002,0.3547401428222656
602.1989784240723,1204.0567310000001,0.10000299999999995,1203.956728,0.35601806640625
598.7445180416107,1197.0995310000003,0.07999999999999996,1197.0195310000004,0.3565521240234375
596.5745649337769,1192.8729300000002,0.11999800000000005,1192.7529320000003,0.3568458557128906
590.7631089687347,1181.1549049999996,0.07599900000000015,1181.0789059999997,0.3570404052734375
