walltime(s),cputime(s),systime(s),usertime(s),memory(GB)
679.8903667926788,1359.284243,0.13744699999999999,1359.146796,0.291351318359375
683.9748377799988,1367.6546399999997,0.10400100000000001,1367.5506389999998,0.291351318359375
679.5904431343079,1358.8350719999999,0.088001,1358.7470709999998,0.291351318359375
661.279426574707,1322.255052,0.10000399999999998,1322.155048,0.291351318359375
665.0592625141144,1329.7636719999996,0.09600000000000009,1329.6676719999996,0.291351318359375
