walltime(s),cputime(s),systime(s),usertime(s),memory(GB)
417.3089106082916,3335.415904,0.080125,3335.335779,0.2768402099609375
411.56030321121216,3290.6604909999996,0.07199499999999998,3290.588496,0.2795600891113281
418.4717946052551,3345.6903380000003,0.07200000000000006,3345.618338,0.27985382080078125
414.19023513793945,3297.9368559999994,0.08798799999999996,3297.848867999999,0.2798881530761719
415.18392634391785,3319.542758,0.040001000000000064,3319.502757,0.2801170349121094
409.20480132102966,3271.510571999997,0.07199599999999995,3271.438575999997,0.2801170349121094
414.41692757606506,3312.9914179999996,0.07999999999999996,3312.9114179999997,0.2801170349121094
411.89673948287964,3292.939235000001,0.059997999999999885,3292.879237000001,0.2801170349121094
