walltime(s),cputime(s),systime(s),usertime(s),memory(GB)
273.0443003177643,546.017029,0.015785999999999967,546.0012429999999,0.22457504272460938
267.53343987464905,535.027643,0.023979999999999946,535.003663,0.22457504272460938
263.8821544647217,527.718209,0.011997000000000035,527.706212,0.22457504272460938
253.92380547523499,507.78332600000005,0.015996999999999983,507.767329,0.22457504272460938
253.91317772865295,507.7994760000001,0.007998000000000005,507.7914780000001,0.22457504272460938
258.24488520622253,516.454844,0.007998999999999978,516.4468449999999,0.22457504272460938
254.52616119384766,509.026905,0.015998999999999985,509.010906,0.22457504272460938
256.9500937461853,513.8781969999997,0.007998999999999978,513.8701979999996,0.22457504272460938
243.26240921020508,486.5040880000004,0.015998999999999985,486.4880890000004,0.22457504272460938
255.02326560020447,510.01380199999994,0.020000000000000018,509.99380199999996,0.22457504272460938
257.9784724712372,515.9315960000005,0.0040000000000000036,515.9275960000004,0.22457504272460938
255.8245074748993,511.62649099999953,0.020000000000000018,511.60649099999955,0.22457504272460938
256.5226628780365,513.0203980000002,0.011998999999999982,513.0083990000003,0.22457504272460938
253.4673833847046,506.8974229999996,0.008000000000000007,506.8894229999996,0.22457504272460938
