walltime(s),cputime(s),systime(s),usertime(s),memory(GB)
238.59853410720825,1907.835511,0.039990000000000026,1907.795521,0.23885726928710938
236.2915894985199,1889.7272100000002,0.04798400000000003,1889.6792260000002,0.244720458984375
239.04385948181152,1911.662558,0.035992000000000024,1911.626566,0.24676513671875
238.3239312171936,1906.0486670000003,0.03999699999999995,1906.0086700000002,0.24676513671875
236.03281998634338,1887.6370789999999,0.035997999999999974,1887.6010809999998,0.24676513671875
243.43179655075073,1946.9552310000004,0.02400000000000002,1946.9312310000005,0.24676513671875
242.40446090698242,1938.7677450000017,0.035997999999999974,1938.7317470000016,0.24676513671875
243.0081307888031,1943.5419729999999,0.055996999999999963,1943.485976,0.24676513671875
238.21413159370422,1905.2605350000006,0.02799600000000002,1905.2325390000005,0.24676513671875
243.99636483192444,1951.4447830000024,0.03999799999999998,1951.4047850000024,0.24676513671875
246.7259578704834,1973.250158999999,0.03999799999999998,1973.210160999999,0.24676513671875
240.4312710762024,1922.894965,0.055997000000000074,1922.838968,0.24676513671875
248.51781964302063,1987.6324369999995,0.023997999999999964,1987.6084389999996,0.24676513671875
245.1622064113617,1960.766676000001,0.03199700000000005,1960.734679000001,0.24676513671875
