walltime(s),cputime(s),systime(s),usertime(s),memory(GB)
582.3673822879791,1160.301836,0.34614199999999995,1159.955694,0.4351005554199219
571.6613132953644,1142.4306219999999,0.247992,1142.1826299999998,0.4418220520019531
570.4680917263031,1140.0749929999997,0.31999299999999997,1139.7549999999997,0.4418220520019531
567.356457233429,1133.9303929999999,0.3399749999999999,1133.5904179999998,0.4418220520019531
573.0384113788605,1145.1259850000008,0.2559960000000001,1144.8699890000007,0.4418220520019531
576.0969219207764,1151.2180910000002,0.4079999999999999,1150.8100910000003,0.4418220520019531
