walltime(s),cputime(s),systime(s),usertime(s),memory(GB)
881.3773891925812,1759.7935340000001,0.30232599999999993,1759.4912080000001,0.42378997802734375
860.2635591030121,1719.909105,0.20399100000000003,1719.7051139999999,0.42378997802734375
864.2482426166534,1727.7472929999997,0.235993,1727.5112999999997,0.42378997802734375
858.0251550674438,1715.3668349999996,0.2039909999999998,1715.1628439999995,0.42378997802734375
