walltime(s),cputime(s),systime(s),usertime(s),memory(GB)
822.2295963764191,1644.1773609999998,0.16551700000000003,1644.0118439999999,0.252655029296875
829.178201675415,1657.940204,0.19199,1657.748214,0.252655029296875
820.5511033535004,1641.0341960000003,0.03600599999999998,1640.9981900000002,0.252655029296875
815.4151065349579,1630.7459000000006,0.012004000000000015,1630.7338960000006,0.252655029296875
