walltime(s),cputime(s),systime(s),usertime(s),memory(GB)
506.5026128292084,1012.926957,0.03475,1012.892207,0.24559783935546875
505.2927405834198,1010.523755,0.02798900000000004,1010.495766,0.2579002380371094
486.1980302333832,972.3502149999999,0.035997,972.314218,0.2579002380371094
492.3570098876953,984.673604,0.01999899999999999,984.653605,0.2579002380371094
504.182701587677,1008.3352120000002,0.01999799999999996,1008.3152140000002,0.2579002380371094
493.347886800766,986.6590720000004,0.023998999999999993,986.6350730000004,0.2579002380371094
488.5379526615143,977.0350999999991,0.023998999999999993,977.0111009999991,0.2579002380371094
