walltime(s),cputime(s),systime(s),usertime(s),memory(GB)
831.2811908721924,1659.497592,0.389871,1659.1077209999999,0.4042778015136719
846.1984176635742,1691.542053,0.3079870000000001,1691.234066,0.4189109802246094
823.9127883911133,1647.019101,0.25198999999999994,1646.767111,0.4189109802246094
834.2908139228821,1667.8150839999998,0.27599799999999997,1667.5390859999998,0.4189109802246094
