walltime(s),cputime(s),systime(s),usertime(s),memory(GB)
676.3995316028595,1352.178185,0.165796,1352.012389,0.3213462829589844
665.5425634384155,1330.8863840000001,0.20799199999999995,1330.678392,0.32159423828125
658.1576862335205,1316.169761,0.1279929999999999,1316.041768,0.32159423828125
648.1570036411285,1296.1187390000002,0.06799999999999995,1296.0507390000002,0.32159423828125
649.0844945907593,1298.0170019999998,0.128,1297.889002,0.32159423828125
