walltime(s),cputime(s),systime(s),usertime(s),memory(GB)
246.61258244514465,493.039243,0.01966000000000001,493.019583,0.23896026611328125
246.60061383247375,493.15925699999997,0.024011000000000005,493.135246,0.23896026611328125
240.977219581604,481.91053299999993,0.016008000000000022,481.89452499999993,0.23896026611328125
243.29178309440613,486.5371740000001,0.016000999999999987,486.5211730000001,0.23896026611328125
240.73775172233582,481.43557300000003,0.012001999999999957,481.42357100000004,0.23896026611328125
237.896644115448,475.763939,0.012002000000000068,475.751937,0.23896026611328125
245.25195026397705,490.4630029999999,0.016000999999999932,490.4470019999999,0.23896026611328125
237.92872428894043,475.8287509999997,0.01600200000000007,475.8127489999997,0.23896026611328125
237.3067512512207,474.5844889999998,0.008001999999999954,474.5764869999998,0.23896026611328125
244.9962010383606,489.9694150000003,0.008001000000000036,489.96141400000033,0.23896026611328125
236.33026671409607,472.62072800000016,0.01200000000000001,472.60872800000016,0.23896026611328125
239.7388620376587,479.4571680000002,0.01200000000000001,479.4451680000002,0.23896026611328125
236.84333896636963,473.6623499999999,0.01200000000000001,473.6503499999999,0.23896026611328125
237.2651870250702,474.51171400000027,0.016000999999999932,474.49571300000025,0.23896026611328125
232.13125872612,464.2291099999995,0.008000000000000007,464.2211099999995,0.23896026611328125
