walltime(s),cputime(s),systime(s),usertime(s),memory(GB)
936.2166156768799,1870.3451400000001,0.28348399999999996,1870.061656,0.39374542236328125
913.793199300766,1826.945561,0.208001,1826.73756,0.39374542236328125
921.4839992523193,1842.3433060000004,0.22799800000000014,1842.1153080000004,0.39374542236328125
