walltime(s),cputime(s),systime(s),usertime(s),memory(GB)
715.306693315506,1429.948702,0.13988,1429.808822,0.26865386962890625
712.5420534610748,1424.5084929999998,0.03999699999999995,1424.4684959999997,0.26865386962890625
711.5155408382416,1422.4553349999996,0.04799500000000001,1422.4073399999997,0.26865386962890625
703.1011774539948,1405.7237860000002,0.056001999999999996,1405.6677840000002,0.26865386962890625
701.1712970733643,1401.876396,0.044001999999999986,1401.832394,0.26865386962890625
