walltime(s),cputime(s),systime(s),usertime(s),memory(GB)
488.8165476322174,977.4138770000001,0.039879,977.373998,0.22572708129882812
498.7949860095978,997.44045,0.031984999999999986,997.4084650000001,0.2269134521484375
486.2959654331207,972.471586,0.007998999999999978,972.463587,0.2269134521484375
492.54206013679504,984.9763290000003,0.023997000000000046,984.9523320000003,0.2269134521484375
486.9735219478607,973.855519,0.015998999999999985,973.83952,0.2269134521484375
484.82692527770996,969.561911,0.01999799999999996,969.541913,0.2269134521484375
490.8807761669159,981.6476460000006,0.01999799999999996,981.6276480000006,0.2269134521484375
