walltime(s),cputime(s),systime(s),usertime(s),memory(GB)
610.8361427783966,1221.590526,0.03136,1221.559166,0.23500442504882812
618.1455798149109,1236.247035,0.00799099999999997,1236.2390440000001,0.23733139038085938
614.160872220993,1228.2753269999998,0.031998000000000026,1228.243329,0.23733139038085938
611.071236371994,1222.0925650000004,0.01999899999999999,1222.0725660000003,0.23733139038085938
603.4956018924713,1206.9577539999998,0.03199999999999992,1206.9257539999999,0.23733139038085938
