walltime(s),cputime(s),systime(s),usertime(s),memory(GB)
488.04311084747314,960.258906,1.0578720000000001,959.201034,0.6671333312988281
475.4076232910156,948.0412449999999,0.6639269999999999,947.377318,0.6725540161132812
455.6221969127655,908.935002,0.7119680000000002,908.2230340000001,0.6734848022460938
458.7158992290497,914.9819400000003,0.6040239999999999,914.3779160000004,0.6734848022460938
466.8122224807739,931.0749969999999,0.4800139999999997,930.594983,0.6734848022460938
458.69409346580505,915.2438840000003,0.5280320000000005,914.7158520000003,0.6734848022460938
449.2641773223877,896.2053680000002,0.532063,895.6733050000003,0.6734848022460938
