walltime(s),cputime(s),systime(s),usertime(s),memory(GB)
682.164555311203,1364.198987,0.021841,1364.177146,0.2512779235839844
676.5191466808319,1352.9294650000002,0.032001999999999975,1352.8974630000002,0.2567024230957031
672.328179359436,1344.562221,0.04400100000000001,1344.51822,0.2567024230957031
656.421156167984,1312.7301569999995,0.043998999999999955,1312.6861579999995,0.2567024230957031
660.3330736160278,1320.5554809999999,0.016000000000000014,1320.5394809999998,0.2567024230957031
