walltime(s),cputime(s),systime(s),usertime(s),memory(GB)
912.7938621044159,1825.356636,0.05254900000000001,1825.304087,0.2659721374511719
906.4062972068787,1812.688187,0.03600500000000001,1812.652182,0.2659721374511719
901.6862380504608,1803.215404,0.036003999999999925,1803.1794,0.2659721374511719
894.2466707229614,1788.3435380000003,0.04800300000000002,1788.2955350000002,0.2659721374511719
