walltime(s),cputime(s),systime(s),usertime(s),memory(GB)
464.3016712665558,928.4441410000001,0.13075799999999999,928.313383,0.24108123779296875
463.66583156585693,927.239457,0.080011,927.159446,0.24368667602539062
460.7598159313202,921.4226719999999,0.1120009999999999,921.310671,0.24414825439453125
468.70431995391846,937.3219840000003,0.12399899999999997,937.1979850000002,0.24414825439453125
451.2847909927368,902.4991729999998,0.11999599999999999,902.3791769999998,0.24414825439453125
469.004775762558,937.7098220000004,0.10400300000000007,937.6058190000003,0.24414825439453125
462.9563055038452,925.1525539999998,0.09600000000000009,925.0565539999998,0.24414825439453125
