walltime(s),cputime(s),systime(s),usertime(s),memory(GB)
535.4573948383331,1070.7998430000002,0.039551,1070.7602920000002,0.245941162109375
529.6083827018738,1059.1311980000003,0.016000000000000014,1059.1151980000002,0.245941162109375
522.2950100898743,1044.506385,0.02000099999999999,1044.4863839999998,0.245941162109375
523.4522581100464,1046.8420509999999,0.028000000000000025,1046.8140509999998,0.245941162109375
515.8719537258148,1031.669028,0.016002000000000016,1031.653026,0.245941162109375
513.8676347732544,1027.679169,0.02800199999999997,1027.651167,0.245941162109375
