walltime(s),cputime(s),systime(s),usertime(s),memory(GB)
380.8034634590149,761.328118,0.04424400000000006,761.283874,0.22882080078125
375.1574912071228,750.1409849999999,0.00801799999999997,750.1329669999999,0.22997665405273438
383.55841064453125,766.9286740000001,0.024009999999999976,766.9046640000001,0.23008346557617188
382.6862542629242,765.1871509999999,0.020001999999999964,765.1671489999999,0.23020553588867188
382.5827851295471,764.9775870000002,0.016000000000000014,764.9615870000002,0.23023223876953125
377.6036710739136,755.0161960000003,0.020001999999999964,754.9961940000003,0.23023605346679688
378.3849332332611,756.5900920000004,0.008005999999999958,756.5820860000003,0.2302398681640625
377.4584217071533,754.7348279999999,0.02400100000000005,754.7108269999999,0.23026657104492188
377.51830101013184,754.856984,0.012000999999999928,754.844983,0.23026657104492188
