walltime(s),cputime(s),systime(s),usertime(s),memory(GB)
568.2120807170868,1136.312674,0.01856000000000002,1136.294114,0.22867202758789062
577.2048366069794,1154.3357449999999,0.011998000000000009,1154.323747,0.23003005981445312
562.319188117981,1124.582492,0.023998999999999993,1124.558493,0.23003005981445312
547.7427501678467,1095.4168080000002,0.008001000000000036,1095.4088070000003,0.23003005981445312
557.283361196518,1114.524676,0.016000999999999987,1114.508675,0.23003005981445312
556.4831495285034,1112.9162650000005,0.004001000000000032,1112.9122640000005,0.23003005981445312
