walltime(s),cputime(s),systime(s),usertime(s),memory(GB)
163.79036831855774,1291.021241,0.39920200000000006,1290.6220389999999,0.409423828125
157.96374583244324,1260.0322339999998,0.31995700000000005,1259.7122769999999,0.4203834533691406
157.60281491279602,1257.0959540000001,0.19598199999999988,1256.8999720000002,0.42169952392578125
158.5403265953064,1264.654187,0.32796899999999996,1264.3262180000002,0.4280281066894531
157.13705730438232,1253.4203159999997,0.2519800000000003,1253.1683359999997,0.4309883117675781
160.3542022705078,1279.391058,0.2679870000000002,1279.123071,0.4309883117675781
156.9956033229828,1252.1781129999995,0.2959900000000002,1251.8821229999994,0.4309883117675781
158.46170783042908,1264.2386210000002,0.27599600000000013,1263.9626250000001,0.4309883117675781
154.16795682907104,1229.4595309999997,0.29197700000000015,1229.1675539999997,0.4309883117675781
164.49226784706116,1281.9000270000006,0.29175700000000004,1281.6082700000006,0.4309883117675781
159.55471992492676,1273.5168280000014,0.168018,1273.3488100000013,0.4309883117675781
158.83410573005676,1267.5961279999995,0.1800200000000003,1267.4161079999994,0.4309883117675781
158.01668787002563,1260.8054710000008,0.1760250000000001,1260.6294460000008,0.4309883117675781
157.33041834831238,1255.3570779999986,0.18800099999999986,1255.1690769999987,0.4309883117675781
159.72972226142883,1274.739866,0.18801600000000018,1274.5518499999998,0.4309883117675781
159.01705932617188,1268.832160000003,0.2319969999999998,1268.6001630000028,0.4309883117675781
156.93851709365845,1252.4365669999975,0.17600000000000016,1252.2605669999975,0.4309883117675781
160.85169959068298,1283.461241000001,0.14801800000000043,1283.313223000001,0.4309883117675781
160.32110595703125,1279.4034739999995,0.20800199999999958,1279.1954719999994,0.4309883117675781
158.33739280700684,1263.6228809999998,0.16000999999999976,1263.4628709999997,0.4309883117675781
157.58024191856384,1257.2588000000017,0.1760060000000001,1257.0827940000017,0.4309883117675781
160.52568411827087,1280.924592000002,0.22000000000000064,1280.7045920000019,0.4309883117675781
