walltime(s),cputime(s),systime(s),usertime(s),memory(GB)
477.4524915218353,939.3172030000001,0.7441770000000001,938.573026,0.6416778564453125
464.53067350387573,926.2713739999999,0.5480709999999998,925.7233029999999,0.6543121337890625
454.6033945083618,906.4152769999997,0.6640989999999998,905.7511779999998,0.6543121337890625
454.27484130859375,906.0162259999997,0.6840250000000001,905.3322009999997,0.6543121337890625
446.4695682525635,890.489745,0.5919470000000002,889.897798,0.6543121337890625
463.3698809146881,923.873232,0.7960580000000004,923.077174,0.6543121337890625
466.6894187927246,930.1369649999999,0.7800000000000002,929.356965,0.6543121337890625
