walltime(s),cputime(s),systime(s),usertime(s),memory(GB)
524.9240527153015,1049.7384470000002,0.022177000000000002,1049.7162700000001,0.2350006103515625
503.1330428123474,1006.2052490000001,0.023988999999999983,1006.1812600000001,0.23666000366210938
517.9269781112671,1035.7903859999997,0.007998999999999978,1035.7823869999997,0.23666000366210938
518.238199710846,1036.40217,0.02399800000000002,1036.3781720000002,0.23666000366210938
519.1124565601349,1038.15885,0.015998000000000068,1038.142852,0.23666000366210938
513.8931877613068,1027.7107339999995,0.023997999999999964,1027.6867359999997,0.23666000366210938
521.1872661113739,1042.2967400000007,0.023998999999999993,1042.2727410000007,0.23666000366210938
