walltime(s),cputime(s),systime(s),usertime(s),memory(GB)
481.04591631889343,961.516265,0.05341800000000002,961.462847,0.2636299133300781
477.6997320652008,955.194999,0.10399499999999995,955.091004,0.26517486572265625
485.9702088832855,971.74386,0.05200100000000002,971.691859,0.26517486572265625
473.6163799762726,947.0668920000004,0.055997000000000074,947.0108950000003,0.26517486572265625
473.77602458000183,947.3857259999999,0.03999900000000001,947.3457269999999,0.26517486572265625
477.50247502326965,954.856236,0.07599900000000004,954.7802369999999,0.26517486572265625
452.36249899864197,904.5770660000005,0.099997,904.4770690000005,0.26517486572265625
