walltime(s),cputime(s),systime(s),usertime(s),memory(GB)
418.3176648616791,836.477116,0.011809999999999987,836.465306,0.224700927734375
414.0941698551178,828.0662280000001,0.012000999999999984,828.0542270000001,0.224700927734375
431.20069646835327,862.284642,0.0040000000000000036,862.280642,0.224700927734375
421.4442386627197,842.7807959999999,0.00800099999999998,842.7727949999999,0.224700927734375
427.3989589214325,854.7011159999998,0.011999000000000037,854.6891169999999,0.224700927734375
430.9383385181427,861.7821390000001,0.01200000000000001,861.7701390000002,0.224700927734375
426.76171112060547,853.4349049999996,0.020000000000000018,853.4149049999996,0.224700927734375
416.3288640975952,832.5697079999999,0.019999000000000045,832.5497089999999,0.224700927734375
