walltime(s),cputime(s),systime(s),usertime(s),memory(GB)
274.6495609283447,1531.082566,1.081687,1530.000879,1.0473747253417969
182.27813959121704,1417.579299,0.8041499999999999,1416.775149,1.076141357421875
185.5483033657074,1444.084458,0.7760910000000001,1443.308367,1.076141357421875
185.3808012008667,1433.2006440000002,0.7840180000000001,1432.4166260000002,1.076141357421875
184.46508622169495,1428.3315629999997,0.9598279999999999,1427.3717349999997,1.076141357421875
186.44561409950256,1451.1887350000004,0.8361100000000006,1450.3526250000004,1.076141357421875
183.386967420578,1426.638083,0.7440509999999998,1425.8940320000002,1.076141357421875
185.04208135604858,1437.8488009999994,0.8201209999999994,1437.0286799999994,1.076141357421875
181.24061012268066,1407.8992939999991,0.6480820000000005,1407.2512119999992,1.076141357421875
182.28887033462524,1417.221728,0.6841380000000008,1416.53759,1.076141357421875
179.9831964969635,1399.2701259999994,0.8320530000000002,1398.4380729999993,1.076141357421875
182.337420463562,1417.6416809999992,0.8040910000000014,1416.8375899999992,1.076141357421875
182.38478875160217,1418.1848089999999,0.7761309999999995,1417.4086779999998,1.076141357421875
184.8599305152893,1438.029804000003,0.8840439999999994,1437.145760000003,1.076141357421875
183.89169454574585,1429.4162999999992,0.7442229999999999,1428.6720769999993,1.076141357421875
183.91496539115906,1431.0604490000028,0.7841339999999999,1430.2763150000028,1.076141357421875
185.56162691116333,1443.2091559999988,0.8041349999999987,1442.4050209999987,1.076141357421875
182.27501273155212,1416.5225240000002,0.7241549999999997,1415.798369,1.076141357421875
181.79863667488098,1413.2371360000009,0.8361380000000018,1412.400998000001,1.076141357421875
