walltime(s),cputime(s),systime(s),usertime(s),memory(GB)
401.4673969745636,764.67385,0.7409870000000001,763.932863,0.7454757690429688
361.5654344558716,719.5180210000001,0.7880510000000001,718.7299700000001,0.763824462890625
353.00679636001587,702.7379509999997,0.5320259999999997,702.2059249999998,0.763824462890625
348.111191034317,692.63844,0.532054,692.1063859999999,0.763824462890625
339.19311332702637,675.1289249999999,0.5960890000000001,674.5328359999999,0.763824462890625
335.27362418174744,667.6380480000004,0.45610399999999984,667.1819440000004,0.763824462890625
358.33288621902466,713.3464700000003,0.5920550000000002,712.7544150000003,0.763824462890625
349.53430795669556,695.9488179999997,0.5400460000000002,695.4087719999998,0.763824462890625
355.0704302787781,706.7521200000004,0.4560550000000001,706.2960650000005,0.763824462890625
344.066330909729,684.4846420000001,0.5600560000000003,683.9245860000001,0.763824462890625
