walltime(s),cputime(s),systime(s),usertime(s),memory(GB)
496.0861346721649,991.927767,0.04796299999999998,991.879804,0.25275421142578125
499.44944024086,998.851514,0.027994999999999992,998.8235189999999,0.2533683776855469
497.8849604129791,995.7232530000001,0.020000000000000018,995.7032530000001,0.253814697265625
501.4641888141632,1002.8797159999998,0.01999899999999999,1002.8597169999998,0.2539253234863281
487.6343696117401,975.2225220000003,0.028000000000000025,975.1945220000002,0.254058837890625
499.2279198169708,998.4148309999998,0.028000000000000025,998.3868309999998,0.2540779113769531
506.46645498275757,1012.8835940000005,0.03600099999999995,1012.8475930000004,0.2541961669921875
