walltime(s),cputime(s),systime(s),usertime(s),memory(GB)
336.9235804080963,673.63548,0.03553700000000004,673.599943,0.236175537109375
343.29624819755554,686.523134,0.007989999999999942,686.5151440000001,0.24580001831054688
341.61647748947144,683.177139,0.011994999999999978,683.165144,0.24580001831054688
347.8740291595459,695.7025980000002,0.027995000000000103,695.6746030000002,0.24596786499023438
344.4509036540985,688.8551489999999,0.01599600000000001,688.8391529999999,0.24596786499023438
339.1233265399933,678.2018409999998,0.023996999999999935,678.1778439999998,0.24645614624023438
346.66843366622925,693.2728770000002,0.03600000000000003,693.2368770000003,0.24645614624023438
340.538578748703,681.0040549999994,0.023998999999999993,680.9800559999994,0.24657440185546875
347.954074382782,695.8560050000001,0.008001999999999954,695.8480030000001,0.24657440185546875
340.3238844871521,680.5864159999996,0.020000000000000018,680.5664159999997,0.24658203125
