walltime(s),cputime(s),systime(s),usertime(s),memory(GB)
219.4668788909912,438.81557000000004,0.05959500000000001,438.75597500000003,0.2645683288574219
212.0216886997223,424.00057799999996,0.02802199999999999,423.97255599999994,0.2645683288574219
219.61056685447693,439.1852340000001,0.020009,439.1652250000001,0.2645683288574219
218.61898565292358,437.1979989999998,0.03600500000000001,437.1619939999998,0.2645683288574219
216.79264426231384,433.5345250000001,0.03200399999999992,433.5025210000001,0.2645683288574219
214.06643795967102,428.08948000000015,0.012002000000000068,428.07747800000016,0.2645683288574219
213.7847592830658,427.5337870000002,0.020002999999999993,427.5137840000002,0.2645683288574219
214.41557621955872,428.79749800000013,0.020001999999999964,428.77749600000016,0.2645683288574219
209.29354977607727,418.5349179999999,0.03600099999999995,418.4989169999999,0.2645683288574219
211.6496102809906,423.25915100000026,0.016001000000000043,423.24315000000024,0.2645683288574219
206.62552952766418,413.2159799999998,0.03200000000000003,413.1839799999998,0.2645683288574219
213.11633729934692,426.19140599999974,0.008001000000000036,426.18340499999977,0.2645683288574219
212.48588919639587,424.909036,0.023998999999999993,424.885037,0.2645683288574219
206.50118446350098,412.96009500000025,0.02400200000000008,412.93609300000026,0.2645683288574219
212.5673806667328,425.09317999999996,0.020000999999999935,425.073179,0.2645683288574219
208.87610507011414,417.7083439999999,0.02400100000000005,417.6843429999999,0.2645683288574219
