walltime(s),cputime(s),systime(s),usertime(s),memory(GB)
430.6911458969116,861.023301,0.13828300000000004,860.885018,0.26105499267578125
421.73231506347656,843.304071,0.09602699999999997,843.208044,0.26105499267578125
406.72758436203003,813.3265069999998,0.08400099999999999,813.2425059999998,0.26105499267578125
403.8149938583374,807.5043310000001,0.08400600000000003,807.420325,0.26105499267578125
405.8565273284912,811.6112830000003,0.08800299999999983,811.5232800000003,0.26105499267578125
411.17604088783264,822.1673400000002,0.07600200000000013,822.0913380000002,0.26105499267578125
401.46604180336,802.8212809999998,0.0760019999999999,802.7452789999998,0.26105499267578125
408.17121386528015,816.2152019999994,0.07600000000000007,816.1392019999994,0.26105499267578125
