walltime(s),cputime(s),systime(s),usertime(s),memory(GB)
580.729932308197,1161.3111599999997,0.048563999999999996,1161.2625959999998,0.24484634399414062
579.6115891933441,1159.115856,0.035995,1159.079861,0.24484634399414062
577.3651101589203,1154.5946630000003,0.011998000000000009,1154.5826650000004,0.24484634399414062
569.2504367828369,1138.3958159999995,0.02799699999999994,1138.3678189999996,0.24484634399414062
568.7075402736664,1137.2870819999994,0.016000000000000014,1137.2710819999993,0.24484634399414062
564.1128704547882,1128.1423100000006,0.016000000000000014,1128.1263100000006,0.24484634399414062
