walltime(s),cputime(s),systime(s),usertime(s),memory(GB)
494.3666727542877,986.4792199999999,0.115734,986.363486,0.3180999755859375
492.08504366874695,983.707792,0.10799299999999995,983.5997990000001,0.3371620178222656
489.19176173210144,977.8140120000002,0.11599100000000007,977.6980210000002,0.3371620178222656
483.714204788208,966.974015,0.09599799999999992,966.878017,0.3371620178222656
486.7131268978119,972.608143,0.10799500000000006,972.5001480000001,0.3371620178222656
491.7318334579468,982.5833129999997,0.23598799999999998,982.3473249999997,0.3371620178222656
496.3990743160248,992.0727480000006,0.18399100000000002,991.8887570000006,0.3371620178222656
