walltime(s),cputime(s),systime(s),usertime(s),memory(GB)
603.6946580410004,1207.286459,0.04375499999999999,1207.242704,0.24205780029296875
619.3139979839325,1238.4349919999997,0.027998000000000023,1238.4069939999997,0.2533607482910156
622.2751896381378,1244.3571760000002,0.04000100000000001,1244.3171750000001,0.2533607482910156
640.7298669815063,1281.385267,0.02000300000000005,1281.365264,0.2537651062011719
624.0809926986694,1248.090518,0.012000999999999928,1248.078517,0.2537651062011719
