walltime(s),cputime(s),systime(s),usertime(s),memory(GB)
890.8642892837524,1668.9066990000001,0.9462819999999998,1667.960417,1.063079833984375
775.6557095050812,1546.81389,0.6040729999999999,1546.209817,1.0684165954589844
771.1585822105408,1538.0909330000004,0.6160779999999999,1537.4748550000004,1.0703926086425781
775.3467020988464,1546.6308790000005,0.6320650000000003,1545.9988140000005,1.0703926086425781
