walltime(s),cputime(s),systime(s),usertime(s),memory(GB)
664.1691846847534,1588.194079,2.505261,1585.688818,2.1263580322265625
147.7243971824646,1062.6800890000002,1.6966520000000003,1060.983437,2.1717262268066406
142.8492715358734,1036.006687,1.7844190000000006,1034.222268,2.204273223876953
144.64644646644592,1048.9855869999997,1.7603860000000005,1047.2252009999997,2.204273223876953
145.14582991600037,1050.988773,1.8043650000000007,1049.184408,2.204273223876953
146.0371482372284,1059.5403209999997,1.784078000000001,1057.7562429999998,2.204273223876953
147.74709630012512,1066.567309,1.6562610000000006,1064.911048,2.204273223876953
148.70301485061646,1067.4075529999996,1.744142,1065.6634109999995,2.204273223876953
143.81778478622437,1043.5291100000009,1.6323570000000007,1041.896753000001,2.204273223876953
140.65821599960327,1023.5838750000004,1.6960000000000015,1021.8878750000003,2.204273223876953
146.90898323059082,1065.5025339999988,1.7721550000000015,1063.7303789999987,2.204273223876953
144.37515425682068,1046.9200069999993,1.596183,1045.3238239999991,2.204273223876953
149.48984456062317,1086.4796320000005,1.632232000000002,1084.8474000000006,2.204273223876953
147.55144453048706,1070.1560709999992,1.6163339999999984,1068.5397369999991,2.204273223876953
145.9563844203949,1059.6280059999997,1.564195999999999,1058.0638099999996,2.204273223876953
146.07769346237183,1054.1318189999981,1.568211999999999,1052.5636069999982,2.204273223876953
146.86750316619873,1066.5074449999972,1.7162310000000005,1064.7912139999971,2.204273223876953
142.54761457443237,1032.5870819999993,1.5282809999999998,1031.0588009999992,2.204273223876953
145.8929843902588,1057.894602999999,1.8283340000000017,1056.066268999999,2.204273223876953
146.0263476371765,1052.8343360000033,1.8041079999999994,1051.0302280000033,2.204273223876953
143.6078519821167,1041.994261999999,1.6081530000000015,1040.3861089999991,2.204273223876953
