walltime(s),cputime(s),systime(s),usertime(s),memory(GB)
308.3982021808624,1596.876228,1.057628,1595.8186,1.1304740905761719
189.53527855873108,1478.4397790000003,0.7839179999999999,1477.6558610000002,1.1731758117675781
188.9931139945984,1477.1296909999999,0.9400920000000004,1476.1895989999998,1.1731758117675781
187.76523399353027,1467.7610759999998,0.7840790000000002,1466.9769969999998,1.1731758117675781
189.0630340576172,1478.2250180000005,0.9600740000000005,1477.2649440000005,1.1731758117675781
185.9035770893097,1451.3320349999988,0.7800509999999994,1450.5519839999988,1.1783103942871094
193.0138418674469,1510.7251010000002,0.792071,1509.9330300000001,1.1783103942871094
192.20410537719727,1505.346542,0.7840959999999999,1504.562446,1.1783103942871094
191.55266046524048,1499.3882609999998,0.7800579999999995,1498.6082029999998,1.1783103942871094
192.09814882278442,1503.4489870000014,0.7680380000000007,1502.6809490000014,1.1848068237304688
191.54265332221985,1499.1683879999987,0.8560960000000009,1498.3122919999987,1.1848068237304688
191.08016920089722,1495.957757999999,0.7680579999999999,1495.189699999999,1.1848068237304688
191.27925443649292,1497.334462000002,0.6880600000000001,1496.6464020000021,1.1848068237304688
189.86022639274597,1486.0190049999985,0.8559999999999999,1485.1630049999985,1.1898384094238281
190.97738218307495,1495.0023029999998,0.8600560000000002,1494.1422469999998,1.1898384094238281
187.45752382278442,1464.5352020000007,0.6240280000000009,1463.9111740000008,1.1898384094238281
189.47414588928223,1483.4726050000002,0.7000050000000009,1482.7726000000002,1.1898384094238281
195.83185648918152,1533.911559999998,0.6599970000000006,1533.251562999998,1.1898384094238281
