walltime(s),cputime(s),systime(s),usertime(s),memory(GB)
841.7061443328857,1683.201781,0.024751000000000023,1683.17703,0.246978759765625
856.3385188579559,1712.5436189999998,0.019996000000000014,1712.5236229999998,0.246978759765625
858.9730319976807,1717.7823110000004,0.015995999999999955,1717.7663150000003,0.2507476806640625
812.586755990982,1625.0063740000005,0.007998000000000005,1624.9983760000005,0.2507476806640625
