walltime(s),cputime(s),systime(s),usertime(s),memory(GB)
650.1254818439484,1299.9550279999999,0.016861999999999933,1299.938166,0.2660560607910156
645.3508062362671,1290.612893,0.015990999999999977,1290.596902,0.2747154235839844
650.1347916126251,1300.176535,0.015996999999999928,1300.160538,0.2769012451171875
648.8452134132385,1297.603659,0.02799600000000002,1297.575663,0.2769012451171875
649.7790665626526,1299.4723169999997,0.03599700000000006,1299.4363199999998,0.277374267578125
