walltime(s),cputime(s),systime(s),usertime(s),memory(GB)
175.55142903327942,324.243853,0.5660919999999999,323.677761,0.6451148986816406
144.4836449623108,285.79845,0.39214300000000013,285.406307,0.6781997680664062
149.22177267074585,295.47619799999995,0.35612200000000005,295.1200759999999,0.6875762939453125
157.8100597858429,312.511521,0.44411900000000015,312.067402,0.7024002075195312
146.68528008460999,290.792584,0.3601079999999999,290.43247599999995,0.705169677734375
148.09271121025085,293.20917700000007,0.37197999999999976,292.83719700000006,0.705169677734375
147.20236921310425,291.3909630000002,0.42405000000000026,290.9669130000002,0.705169677734375
150.01704287528992,297.132497,0.38406600000000024,296.748431,0.705169677734375
153.05262660980225,302.9385789999998,0.38796500000000034,302.55061399999977,0.705169677734375
145.41967368125916,288.25325600000014,0.3721370000000004,287.8811190000001,0.705169677734375
152.88059067726135,303.052699,0.38412700000000033,302.66857200000004,0.705169677734375
146.64706420898438,290.65004000000005,0.35206599999999977,290.29797400000007,0.705169677734375
146.2958161830902,289.9190890000004,0.34003599999999956,289.5790530000004,0.705169677734375
154.06655359268188,305.6841559999998,0.4040549999999996,305.28010099999983,0.705169677734375
146.4559268951416,290.35624599999994,0.3600449999999995,289.9962009999999,0.705169677734375
150.87033534049988,299.38921599999935,0.352036,299.03717999999935,0.705169677734375
147.3604826927185,292.13988400000045,0.3520479999999999,291.7878360000004,0.705169677734375
147.06643414497375,291.41867200000013,0.3399770000000002,291.07869500000015,0.705169677734375
141.13968801498413,279.65870100000024,0.3480109999999996,279.31069000000025,0.705169677734375
149.77804136276245,297.1740590000007,0.3280529999999997,296.84600600000067,0.705169677734375
149.3948256969452,295.9403569999996,0.4279920000000015,295.5123649999996,0.705169677734375
141.68438386917114,280.6945500000005,0.36802199999999985,280.3265280000005,0.705169677734375
143.69830703735352,284.78155800000025,0.372069999999999,284.40948800000024,0.705169677734375
145.33102536201477,287.95597799999996,0.4039450000000002,287.55203299999994,0.705169677734375
