walltime(s),cputime(s),systime(s),usertime(s),memory(GB)
612.2685544490814,1223.316724,0.14182000000000006,1223.174904,0.3293952941894531
605.3997859954834,1210.3957580000001,0.11200100000000002,1210.2837570000002,0.3293952941894531
595.8169968128204,1191.2425119999998,0.136,1191.1065119999998,0.3293952941894531
594.1788694858551,1188.0102869999998,0.11200299999999996,1187.8982839999999,0.3293952941894531
592.1716947555542,1183.9780750000007,0.0800010000000001,1183.8980740000006,0.3293952941894531
594.673225402832,1188.9803030000003,0.05600099999999997,1188.9243020000004,0.3293952941894531
