walltime(s),cputime(s),systime(s),usertime(s),memory(GB)
2143.0708615779877,4284.887665,0.277805,4284.6098600000005,0.34326171875
