walltime(s),cputime(s),systime(s),usertime(s),memory(GB)
855.5637457370758,1664.6929209999998,0.9275809999999999,1663.76534,0.7235107421875
816.0441355705261,1627.9981420000001,0.4000499999999998,1627.5980920000002,0.7235107421875
801.5608351230621,1599.1695770000003,0.33205200000000024,1598.8375250000004,0.7272186279296875
799.8411576747894,1595.3038130000002,0.3480279999999998,1594.955785,0.7272186279296875
