walltime(s),cputime(s),systime(s),usertime(s),memory(GB)
1252.270525932312,1673.3400230000002,4.938791,1668.4012320000002,2.5668067932128906
431.20002269744873,840.1526820000003,2.91205,837.2406320000002,2.6261863708496094
433.2008957862854,844.697299,2.652127,842.0451720000001,2.6261863708496094
428.73320055007935,835.5933759999995,2.8601589999999995,832.7332169999995,2.6441307067871094
434.0575199127197,846.2598700000001,3.5601030000000016,842.6997670000001,2.6547470092773438
416.56641149520874,811.85954,2.964036,808.8955040000001,2.6547470092773438
