walltime(s),cputime(s),systime(s),usertime(s),memory(GB)
354.3059697151184,708.5047050000001,0.019204999999999972,708.4855,0.23782730102539062
362.3282172679901,724.5874140000001,0.027974,724.5594400000001,0.24063491821289062
362.6408567428589,725.2164910000001,0.019990000000000008,725.1965010000001,0.24074172973632812
369.216379404068,738.3674129999999,0.02399499999999999,738.3434179999999,0.24081039428710938
375.09436297416687,750.1002770000001,0.023996000000000017,750.0762810000001,0.2408294677734375
362.0137138366699,723.908015,0.027993999999999963,723.8800209999999,0.24115753173828125
364.7776367664337,729.4786890000003,0.03999799999999998,729.4386910000003,0.24116134643554688
369.53774762153625,738.9972720000004,0.01999899999999999,738.9772730000004,0.2411651611328125
373.78089118003845,747.4829819999998,0.01999800000000007,747.4629839999998,0.24124908447265625
