walltime(s),cputime(s),systime(s),usertime(s),memory(GB)
964.8886914253235,1949.1271130000002,3.869779,1945.2573340000001,2.575244903564453
166.56243562698364,1156.280826,2.73238,1153.548446,2.690074920654297
162.5941665172577,1133.0177880000006,2.387988,1130.6298000000006,2.7450103759765625
163.63283395767212,1140.9826219999998,2.248194,1138.7344279999998,2.7450103759765625
167.51778554916382,1173.798243,2.364174,1171.434069,2.7450103759765625
165.28749442100525,1159.3918219999996,2.4041869999999985,1156.9876349999995,2.7450103759765625
167.5278036594391,1163.1432150000003,2.344014999999999,1160.7992000000004,2.7488975524902344
167.33698225021362,1176.2193539999992,2.3877710000000008,1173.8315829999992,2.7488975524902344
166.9328954219818,1170.0958669999998,2.187963,1167.9079039999997,2.7488975524902344
160.57103514671326,1122.1544549999983,2.0399700000000003,1120.1144849999982,2.7488975524902344
163.19422841072083,1143.4165300000004,2.391807,1141.0247230000004,2.7488975524902344
161.47931671142578,1126.3189540000012,2.671824000000001,1123.6471300000012,2.762958526611328
160.56301879882812,1121.8167469999996,2.124095000000004,1119.6926519999997,2.762958526611328
165.54292011260986,1161.1402910000015,2.6000310000000013,1158.5402600000016,2.7657546997070312
165.93950867652893,1160.247715999998,2.495508000000001,1157.752207999998,2.7657546997070312
167.39864087104797,1172.9178829999994,2.6395470000000003,1170.2783359999994,2.7657546997070312
