walltime(s),cputime(s),systime(s),usertime(s),memory(GB)
329.55508303642273,2339.537013,0.539332,2338.9976810000003,0.744598388671875
282.2901825904846,2236.16007,0.38008299999999995,2235.779987,0.75848388671875
282.1388475894928,2235.032634,0.36406800000000006,2234.6685660000003,0.7663307189941406
289.26943016052246,2282.1703179999995,0.3600059999999998,2281.8103119999996,0.7711639404296875
284.1827509403229,2250.5766380000005,0.38806799999999964,2250.1885700000003,0.774505615234375
282.87328004837036,2240.525220000001,0.392077,2240.133143000001,0.774505615234375
287.937970161438,2281.0141529999996,0.37605500000000003,2280.6380979999994,0.774505615234375
283.81194615364075,2247.296932999998,0.3880189999999999,2246.908913999998,0.774505615234375
284.4512264728546,2251.3488100000022,0.3480399999999997,2251.0007700000024,0.774505615234375
284.45002603530884,2251.7298999999985,0.29201800000000055,2251.4378819999984,0.774505615234375
285.60045099258423,2261.316576000001,0.3479840000000003,2260.968592000001,0.774505615234375
287.0167441368103,2273.4868490000003,0.4079809999999995,2273.0788680000005,0.774505615234375
