walltime(s),cputime(s),systime(s),usertime(s),memory(GB)
531.7679464817047,1063.231657,0.03450900000000001,1063.197148,0.2847785949707031
542.8106727600098,1085.5283610000004,0.01997199999999999,1085.5083890000003,0.2934722900390625
530.8144257068634,1061.54683,0.023997999999999964,1061.522832,0.2934722900390625
537.9671528339386,1075.8383199999998,0.02399499999999999,1075.8143249999998,0.2941436767578125
531.0843193531036,1062.0776689999998,0.03999600000000003,1062.0376729999998,0.2944183349609375
533.8802452087402,1067.6391349999994,0.011997999999999953,1067.6271369999995,0.2944183349609375
