walltime(s),cputime(s),systime(s),usertime(s),memory(GB)
1154.2322137355804,2308.116928,0.05261499999999997,2308.064313,0.25963592529296875
1121.6070401668549,2243.001175,0.028002000000000027,2242.973173,0.25963592529296875
1111.5834424495697,2222.92782,0.04799999999999999,2222.87982,0.25963592529296875
