walltime(s),cputime(s),systime(s),usertime(s),memory(GB)
928.9672336578369,1322.352727,3.7225889999999997,1318.630138,2.1227188110351562
406.4514260292053,797.3035670000003,2.2962359999999995,795.0073310000002,2.157562255859375
402.13036704063416,789.0396049999999,2.0081819999999997,787.0314229999999,2.157562255859375
403.6021921634674,792.2841139999997,1.824045,790.4600689999997,2.157562255859375
396.3817455768585,778.326023,1.9001249999999992,776.425898,2.1632232666015625
397.37852025032043,780.3996339999999,2.344087,778.0555469999999,2.1632232666015625
397.3063623905182,780.1585629999998,1.699923,778.4586399999998,2.1632232666015625
