walltime(s),cputime(s),systime(s),usertime(s),memory(GB)
1973.237258195877,2248.499759,5.835545000000001,2242.664214,2.6706161499023438
308.51465034484863,581.6574620000001,3.8521479999999997,577.8053140000002,3.1210174560546875
326.0965938568115,616.0167999999999,4.280678999999999,611.7361209999999,3.2498435974121094
347.14104771614075,648.4932629999998,5.296836000000001,643.1964269999999,3.2560691833496094
352.0554563999176,658.3686319999997,5.016717,653.3519149999997,3.2560691833496094
