walltime(s),cputime(s),systime(s),usertime(s),memory(GB)
372.32468581199646,744.516863,0.015368999999999966,744.501494,0.22459793090820312
360.38670921325684,720.70191,0.023985999999999952,720.677924,0.22459793090820312
371.1747658252716,742.2934260000002,0.007994000000000001,742.2854320000001,0.22459793090820312
373.53535318374634,747.00633,0.01599600000000001,746.9903340000001,0.22459793090820312
371.41920256614685,742.7866150000001,0.007998999999999978,742.778616,0.22459793090820312
369.6945095062256,739.3212289999994,0.031999,739.2892299999994,0.22459793090820312
386.6900990009308,773.3173770000005,0.01999799999999996,773.2973790000005,0.22459793090820312
386.800133228302,773.5141319999997,0.023997999999999964,773.4901339999997,0.22459793090820312
382.5694332122803,765.0807039999996,0.035997999999999974,765.0447059999997,0.22459793090820312
