walltime(s),cputime(s),systime(s),usertime(s),memory(GB)
489.0023078918457,977.311439,0.07866099999999998,977.2327779999999,0.2682952880859375
490.0866186618805,979.727301,0.11198599999999997,979.615315,0.2682952880859375
485.12662506103516,969.8317519999998,0.03598699999999999,969.7957649999998,0.2682952880859375
479.8248972892761,959.2759090000001,0.03599000000000008,959.2399190000001,0.2682952880859375
474.52570128440857,948.6334909999998,0.04400099999999996,948.5894899999998,0.2682952880859375
476.5057451725006,952.6621600000003,0.05599999999999994,952.6061600000003,0.2682952880859375
479.56847763061523,958.772598,0.04399900000000001,958.728599,0.2682952880859375
