walltime(s),cputime(s),systime(s),usertime(s),memory(GB)
604.579208612442,1208.895219,0.03552300000000003,1208.859696,0.259033203125
601.4216768741608,1202.670803,0.008008000000000015,1202.662795,0.259033203125
588.7008113861084,1177.205592,0.02000200000000002,1177.18559,0.259033203125
588.8553869724274,1177.5026659999996,0.028000000000000025,1177.4746659999996,0.259033203125
593.5956897735596,1186.936074,0.015998999999999985,1186.920075,0.259033203125
583.0574903488159,1165.9110319999993,0.01200000000000001,1165.8990319999994,0.259033203125
