walltime(s),cputime(s),systime(s),usertime(s),memory(GB)
196.06205081939697,1549.001665,0.05075799999999997,1548.950907,0.24468231201171875
193.08916091918945,1544.1067559999997,0.048065000000000024,1544.0586909999997,0.2597236633300781
191.1498885154724,1528.6165809999995,0.04401699999999997,1528.5725639999996,0.2597236633300781
190.37658643722534,1522.4364770000002,0.01600899999999994,1522.4204680000003,0.260406494140625
195.10553455352783,1560.219526,0.03200700000000001,1560.187519,0.260406494140625
191.55341911315918,1531.7835450000005,0.04000199999999998,1531.7435430000005,0.2605628967285156
190.57792329788208,1524.0077420000002,0.036003999999999925,1523.9717380000002,0.2605628967285156
192.93271350860596,1542.8818100000008,0.027999000000000107,1542.8538110000009,0.2606239318847656
193.46917915344238,1547.0354200000004,0.06000099999999997,1546.9754190000003,0.2606239318847656
195.78059148788452,1565.5689350000005,0.028000999999999943,1565.5409340000006,0.2607460021972656
190.14594912528992,1520.5576880000003,0.024002999999999997,1520.5336850000003,0.2607460021972656
194.14085030555725,1552.4751350000024,0.06399899999999992,1552.4111360000024,0.2608070373535156
185.3493025302887,1482.1565959999984,0.03199799999999997,1482.1245979999985,0.2608070373535156
192.0976390838623,1536.1118049999986,0.04799800000000021,1536.0638069999986,0.2608070373535156
192.86547255516052,1542.2915729999986,0.03600000000000003,1542.2555729999985,0.2608070373535156
196.11330914497375,1568.2398039999998,0.040000000000000036,1568.1998039999999,0.261138916015625
189.81413435935974,1517.8819980000014,0.031999999999999806,1517.8499980000015,0.261138916015625
191.66214275360107,1531.6717419999989,0.03199099999999988,1531.6397509999988,0.261138916015625
