walltime(s),cputime(s),systime(s),usertime(s),memory(GB)
596.8004450798035,1193.169527,0.054388999999999965,1193.1151380000001,0.233612060546875
594.3236792087555,1188.5543369999998,0.011983999999999995,1188.5423529999998,0.233612060546875
580.1213457584381,1160.151096,0.01599700000000004,1160.135099,0.233612060546875
586.8571081161499,1173.5438870000003,0.03200100000000006,1173.5118860000002,0.233612060546875
589.3329503536224,1178.5597510000005,0.015998999999999985,1178.5437520000005,0.233612060546875
582.6279861927032,1165.1539000000005,0.01200000000000001,1165.1419000000005,0.233612060546875
