walltime(s),cputime(s),systime(s),usertime(s),memory(GB)
711.7070643901825,1423.274662,0.08537499999999998,1423.189287,0.2261199951171875
712.4024474620819,1424.7060350000002,0.09198800000000001,1424.6140470000003,0.2261199951171875
702.6354219913483,1405.1706450000001,0.015996999999999928,1405.1546480000002,0.2261199951171875
705.9238364696503,1411.7443390000005,0.019997000000000043,1411.7243420000004,0.2261199951171875
705.882538318634,1411.6754200000005,0.023998999999999993,1411.6514210000005,0.2261199951171875
