walltime(s),cputime(s),systime(s),usertime(s),memory(GB)
468.91007018089294,937.750518,0.025787999999999978,937.72473,0.23040771484375
464.6669030189514,929.2769650000001,0.02399000000000001,929.2529750000001,0.23759841918945312
467.86348724365234,935.6604970000002,0.01599600000000001,935.6445010000002,0.23759841918945312
463.6251938343048,927.1928059999998,0.004001000000000032,927.1888049999998,0.23792266845703125
463.3046934604645,926.5555080000001,0.008000000000000007,926.5475080000001,0.23792266845703125
455.0908646583557,910.129194,0.01999899999999999,910.109195,0.23792266845703125
443.1034643650055,886.1297019999997,0.020000000000000018,886.1097019999997,0.23792266845703125
