walltime(s),cputime(s),systime(s),usertime(s),memory(GB)
520.0981142520905,1039.969903,0.06683,1039.903073,0.26033782958984375
522.587436914444,1044.9984399999998,0.040005999999999986,1044.958434,0.26033782958984375
527.2233533859253,1054.29437,0.020002999999999993,1054.274367,0.26033782958984375
516.8828053474426,1033.6324380000003,0.01600200000000007,1033.6164360000002,0.26033782958984375
514.5114238262177,1028.8883429999998,0.04000199999999998,1028.848341,0.26033782958984375
513.1278266906738,1026.1066209999997,0.03600300000000001,1026.0706179999997,0.26033782958984375
