walltime(s),cputime(s),systime(s),usertime(s),memory(GB)
477.34947967529297,951.9508780000001,0.28902199999999995,951.6618560000001,0.4134368896484375
481.2020547389984,961.7327639999999,0.191971,961.5407929999999,0.42655181884765625
482.58681416511536,964.5429620000001,0.18399900000000002,964.3589630000001,0.42655181884765625
473.94412326812744,947.2365039999997,0.19998499999999986,947.0365189999998,0.42655181884765625
477.8923439979553,955.110596,0.16797400000000007,954.942622,0.42655181884765625
476.91938614845276,953.2024780000004,0.16400000000000015,953.0384780000004,0.4286537170410156
476.25753235816956,951.8754490000001,0.1160000000000001,951.7594490000001,0.4286537170410156
