walltime(s),cputime(s),systime(s),usertime(s),memory(GB)
626.2154672145844,1154.81935,1.021048,1153.798302,1.0202484130859375
551.8431270122528,1097.4051029999998,0.720132,1096.684971,1.0394439697265625
546.2015109062195,1085.9095730000004,0.6801430000000002,1085.2294300000003,1.0400581359863281
545.1927211284637,1083.834637,0.644104,1083.190533,1.0497398376464844
524.8563485145569,1043.5671299999997,0.556127,1043.0110029999996,1.0497398376464844
544.2235825061798,1082.4392420000006,0.5441070000000003,1081.8951350000007,1.0497398376464844
