walltime(s),cputime(s),systime(s),usertime(s),memory(GB)
558.0644237995148,1111.9349829999999,0.320175,1111.6148079999998,0.47441864013671875
538.1977822780609,1075.6716689999998,0.28798899999999994,1075.38368,0.4811058044433594
542.016286611557,1083.3439389999999,0.35601400000000005,1082.987925,0.4817962646484375
534.0531260967255,1067.393169,0.26000999999999985,1067.133159,0.4817962646484375
538.4878437519073,1076.2528330000002,0.2880020000000001,1075.9648310000002,0.4817962646484375
523.4763996601105,1046.2727459999999,0.2679989999999999,1046.004747,0.4817962646484375
