walltime(s),cputime(s),systime(s),usertime(s),memory(GB)
819.7110452651978,1639.249023,0.02493799999999996,1639.224085,0.24840927124023438
816.0609772205353,1631.96357,0.015997999999999957,1631.9475719999998,0.24840927124023438
809.2844099998474,1618.4165349999996,0.01999799999999996,1618.3965369999996,0.24840927124023438
805.3889329433441,1610.6475470000005,0.01999899999999999,1610.6275480000004,0.24840927124023438
