walltime(s),cputime(s),systime(s),usertime(s),memory(GB)
729.2855279445648,1457.9853380000002,0.266076,1457.719262,0.231903076171875
736.827728509903,1473.158465,0.21598099999999998,1472.942484,0.231903076171875
744.6903703212738,1489.2515700000004,0.02400000000000002,1489.2275700000005,0.231903076171875
747.3309142589569,1494.5233709999998,0.027997999999999967,1494.4953729999997,0.231903076171875
