walltime(s),cputime(s),systime(s),usertime(s),memory(GB)
474.55853056907654,948.93724,0.030764000000000014,948.906476,0.2527923583984375
482.54538202285767,964.945198,0.035997,964.909201,0.2599029541015625
486.6867365837097,973.2326459999999,0.02399699999999999,973.2086489999999,0.2599029541015625
483.1897349357605,966.2444619999997,0.015996999999999983,966.2284649999997,0.2599029541015625
487.51634526252747,974.8924349999996,0.031996000000000024,974.8604389999996,0.2599029541015625
484.79672265052795,969.4309299999999,0.03599600000000003,969.3949339999999,0.2599029541015625
480.72161531448364,961.3085830000006,0.03199800000000008,961.2765850000005,0.2599029541015625
