walltime(s),cputime(s),systime(s),usertime(s),memory(GB)
960.8412308692932,1138.862889,3.003619,1135.85927,2.1260719299316406
201.12100338935852,381.119885,2.3882260000000004,378.73165900000004,2.275463104248047
191.40568017959595,361.75088299999993,1.6443129999999995,360.1065699999999,2.295970916748047
195.97856163978577,371.82233700000023,2.772392000000001,369.0499450000002,2.31756591796875
199.61548614501953,379.29485999999997,1.9725380000000001,377.322322,2.317901611328125
204.05480980873108,388.4685639999997,1.772202,386.6963619999997,2.317901611328125
195.12624526023865,371.09906,1.9163380000000014,369.182722,2.3408660888671875
196.5229516029358,373.995628,1.8403680000000016,372.15526,2.3417320251464844
195.672137260437,372.2083460000002,1.608188000000002,370.6001580000002,2.3417320251464844
194.62025213241577,371.07842400000004,2.0842860000000023,368.994138,2.3417320251464844
197.05237936973572,375.8882959999997,1.352093,374.53620299999966,2.3417320251464844
191.67266249656677,365.04651599999954,1.7643190000000004,363.28219699999954,2.3417320251464844
195.83634901046753,373.38474200000024,1.688295,371.69644700000026,2.3417320251464844
185.30527877807617,352.9145180000004,1.9884749999999976,350.9260430000004,2.3594703674316406
