walltime(s),cputime(s),systime(s),usertime(s),memory(GB)
624.440970659256,1248.7839510000001,0.045933,1248.738018,0.25119781494140625
628.5917363166809,1257.12079,0.03600500000000001,1257.084785,0.25920867919921875
623.0068295001984,1245.91366,0.03999800000000009,1245.873662,0.25920867919921875
618.4685397148132,1236.8987130000003,0.01600200000000007,1236.8827110000002,0.25920867919921875
605.6999650001526,1211.3510609999996,0.02400099999999994,1211.3270599999996,0.25920867919921875
