walltime(s),cputime(s),systime(s),usertime(s),memory(GB)
609.0060803890228,1217.607303,0.09093699999999993,1217.516366,0.22623443603515625
595.7064888477325,1191.262031,0.09596399999999994,1191.1660669999999,0.22623443603515625
603.3489489555359,1206.5248500000002,0.10398299999999994,1206.4208670000003,0.22623443603515625
585.1508314609528,1170.1309740000006,0.10398600000000013,1170.0269880000005,0.22623443603515625
595.5870685577393,1191.0233650000007,0.07599,1190.9473750000006,0.22623443603515625
581.5643990039825,1162.9628020000005,0.0919890000000001,1162.8708130000005,0.22623443603515625
