walltime(s),cputime(s),systime(s),usertime(s),memory(GB)
472.1901533603668,944.2638610000001,0.023123000000000005,944.2407380000001,0.23613357543945312
471.5703775882721,943.07359,0.015995999999999955,943.057594,0.23857498168945312
471.09965085983276,942.1115870000001,0.028000000000000025,942.0835870000001,0.23860931396484375
474.45960545539856,948.8454750000001,0.003998999999999975,948.8414760000001,0.23860931396484375
473.5732820034027,947.0832950000001,0.01200000000000001,947.0712950000002,0.23860931396484375
477.695383310318,955.3170989999999,0.023998999999999993,955.2930999999999,0.23860931396484375
447.86709451675415,895.6449370000006,0.011998999999999982,895.6329380000006,0.23860931396484375
