walltime(s),cputime(s),systime(s),usertime(s),memory(GB)
241.77933859825134,1933.2426520000001,0.06471100000000002,1933.1779410000001,0.2502479553222656
254.20929408073425,2032.9454790000002,0.09200300000000006,2032.8534760000002,0.260406494140625
248.9123785495758,1990.518566,0.05200399999999994,1990.466562,0.26076507568359375
245.17521166801453,1960.7268250000009,0.039993999999999974,1960.686831000001,0.2609291076660156
244.14586639404297,1952.4913689999996,0.04000199999999998,1952.4513669999997,0.261199951171875
246.9892475605011,1975.2778969999997,0.05599900000000002,1975.2218979999998,0.2612800598144531
251.98664236068726,2007.7807010000001,0.04399399999999998,2007.736707,0.2612800598144531
246.98170280456543,1962.9237120000016,0.05598800000000015,1962.8677240000015,0.26151275634765625
246.91643691062927,1974.6320090000015,0.03200000000000003,1974.6000090000016,0.26163482666015625
253.9505455493927,2030.8795530000002,0.07600399999999996,2030.8035490000002,0.2617034912109375
248.43876004219055,1986.643650000001,0.179991,1986.463659000001,0.26187896728515625
251.57425260543823,2011.8412250000006,0.055997000000000074,2011.7852280000006,0.26187896728515625
249.74330592155457,1997.2413670000005,0.07199400000000011,1997.1693730000006,0.26187896728515625
245.51991891860962,1963.464984999999,0.052000000000000046,1963.412984999999,0.26187896728515625
