walltime(s),cputime(s),systime(s),usertime(s),memory(GB)
257.6988003253937,515.32646,0.022967000000000015,515.303493,0.22650527954101562
259.42633605003357,518.7849209999999,0.0039980000000000016,518.7809229999999,0.227020263671875
253.45184803009033,506.8363999999999,0.019998000000000016,506.8164019999999,0.227020263671875
245.5199134349823,490.99093999999997,0.015998999999999985,490.97494099999994,0.227020263671875
249.39729833602905,498.75543699999986,0.007998999999999978,498.7474379999999,0.227020263671875
246.57391142845154,493.1018670000001,0.004001000000000032,493.09786600000007,0.227020263671875
244.48207068443298,488.92907400000007,0.016000000000000014,488.91307400000005,0.227020263671875
249.77019357681274,499.50112599999994,0.01200000000000001,499.48912599999994,0.227020263671875
245.18724656105042,490.33852800000005,0.015998999999999985,490.32252900000003,0.227020263671875
243.49828791618347,486.95656599999967,0.015998999999999985,486.94056699999965,0.227020263671875
247.34574270248413,494.65453900000006,0.01200100000000004,494.64253800000006,0.227020263671875
244.28042364120483,488.52912299999963,0.01200000000000001,488.51712299999963,0.227020263671875
244.89133620262146,489.7488920000003,0.004000999999999921,489.7448910000003,0.227020263671875
246.92318415641785,493.8174969999994,0.01200000000000001,493.8054969999994,0.227020263671875
