walltime(s),cputime(s),systime(s),usertime(s),memory(GB)
660.9292223453522,1189.908598,0.844705,1189.063893,1.1193389892578125
527.5286748409271,1050.2198549999998,0.652045,1049.5678099999998,1.1448860168457031
525.704149723053,1046.8616459999996,0.6720420000000003,1046.1896039999997,1.1458740234375
524.1182367801666,1043.623889,0.7360180000000001,1042.887871,1.1486282348632812
518.9385678768158,1033.2750310000001,0.7640319999999998,1032.510999,1.1486282348632812
530.977591753006,1057.5158249999993,0.8360190000000003,1056.6798059999992,1.1504631042480469
