walltime(s),cputime(s),systime(s),usertime(s),memory(GB)
526.77499127388,1053.468995,0.03246399999999999,1053.436531,0.23221206665039062
531.3902559280396,1062.716527,0.03199099999999999,1062.684536,0.2346343994140625
531.7191247940063,1063.3616039999997,0.020000000000000018,1063.3416039999997,0.23485183715820312
531.3053123950958,1062.546295,0.007998000000000005,1062.538297,0.23590469360351562
536.3597972393036,1072.6680879999997,0.011999999999999955,1072.6560879999997,0.23596572875976562
511.50241231918335,1022.9560599999998,0.01200000000000001,1022.9440599999998,0.23596572875976562
