walltime(s),cputime(s),systime(s),usertime(s),memory(GB)
1312.1879448890686,2622.785589,0.297344,2622.488245,0.35695648193359375
1224.2511801719666,2447.7716119999995,0.28798099999999993,2447.4836309999996,0.35747528076171875
