walltime(s),cputime(s),systime(s),usertime(s),memory(GB)
574.878583908081,1149.6782320000002,0.03764899999999999,1149.640583,0.24161148071289062
563.2080206871033,1126.360397,0.01999799999999996,1126.340399,0.24161148071289062
553.7976176738739,1107.554725,0.01999899999999999,1107.5347259999999,0.24161148071289062
537.5562467575073,1075.0837589999996,0.020000000000000018,1075.0637589999997,0.24161148071289062
538.9514966011047,1077.8633000000004,0.016000000000000014,1077.8473000000004,0.24161148071289062
548.022029876709,1095.995474,0.028000000000000025,1095.967474,0.24161148071289062
