walltime(s),cputime(s),systime(s),usertime(s),memory(GB)
688.7323393821716,1377.042218,0.050082000000000015,1376.992136,0.25594329833984375
698.32057762146,1396.3963799999997,0.040005999999999986,1396.3563739999997,0.25594329833984375
674.5167510509491,1348.76148,0.04799999999999999,1348.71348,0.25594329833984375
680.0766341686249,1359.8615189999998,0.055998999999999965,1359.80552,0.25594329833984375
682.0886199474335,1363.9650559999998,0.023997000000000046,1363.9410589999998,0.25594329833984375
