walltime(s),cputime(s),systime(s),usertime(s),memory(GB)
774.3656570911407,6185.843654,0.396037,6185.447617,0.36782073974609375
767.3707220554352,6134.406872,0.49599100000000007,6133.910881,0.3740653991699219
774.4559030532837,6190.551666999999,0.31999299999999997,6190.231673999999,0.3740653991699219
781.3690388202667,6246.434420999999,0.31998799999999994,6246.114432999999,0.3740653991699219
