walltime(s),cputime(s),systime(s),usertime(s),memory(GB)
486.4916412830353,970.090894,0.277152,969.813742,0.40293121337890625
485.20585894584656,969.7734139999999,0.1839630000000001,969.5894509999999,0.4129486083984375
483.7912118434906,967.1313770000002,0.18797700000000017,966.9434000000001,0.4142341613769531
487.0717406272888,973.5628379999999,0.14798699999999987,973.414851,0.4170188903808594
490.67302417755127,980.8289549999996,0.19598100000000018,980.6329739999996,0.4170188903808594
493.35326766967773,986.1561369999995,0.12799400000000016,986.0281429999995,0.4170188903808594
492.2345221042633,983.921155,0.1599870000000001,983.761168,0.4170188903808594
