walltime(s),cputime(s),systime(s),usertime(s),memory(GB)
231.25581526756287,231.25208299999997,2.872427,228.37965599999998,3.8333206176757812
233.06682991981506,233.062889,1.9638879999999999,231.09900100000002,3.8333206176757812
234.06034517288208,234.05627900000002,2.1839380000000004,231.872341,3.8334197998046875
236.08958983421326,236.08572400000006,2.0239199999999995,234.06180400000005,3.8334197998046875
233.03579592704773,233.032479,2.091958,230.940521,3.8334197998046875
233.1724259853363,233.169041,2.1719679999999997,230.997073,3.8334999084472656
233.08815574645996,233.08471099999997,2.1279660000000007,230.95674499999996,3.8334999084472656
233.49649119377136,233.49318999999994,2.195972000000001,231.29721799999993,3.8334999084472656
233.40379190444946,233.40051900000014,2.0319649999999996,231.36855400000013,3.8334999084472656
233.49493098258972,233.49163099999976,1.975957000000001,231.51567399999976,3.8334999084472656
233.32308554649353,233.3195590000003,2.2239569999999986,231.09560200000033,3.8334999084472656
234.01938915252686,234.01595099999997,2.1639990000000004,231.85195199999998,3.8334999084472656
234.89547610282898,234.89171200000027,2.2079590000000024,232.68375300000025,3.8334999084472656
233.4377863407135,233.43467899999956,2.1239869999999996,231.31069199999956,3.8334999084472656
233.39218592643738,233.38892100000035,2.167970999999998,231.22095000000036,3.8334999084472656
