walltime(s),cputime(s),systime(s),usertime(s),memory(GB)
0.18355083465576172,0.1835340000000003,0.0,0.1835340000000003,0.19414901733398438
0.18124103546142578,0.18122999999999978,0.0,0.18122999999999978,0.1943359375
0.18266963958740234,0.182658,0.0,0.182658,0.1943359375
0.1814134120941162,0.18140300000000043,0.0,0.18140300000000043,0.1943359375
0.18120813369750977,0.18119899999999944,0.0,0.18119899999999944,0.1943359375
0.1814253330230713,0.18140599999999996,0.0,0.18140599999999996,0.1943359375
0.1810605525970459,0.18104999999999993,0.0,0.18104999999999993,0.1943359375
0.1811351776123047,0.1811240000000005,0.0,0.1811240000000005,0.1943359375
0.18290424346923828,0.1828820000000002,0.0,0.1828820000000002,0.1943359375
0.18123269081115723,0.18119999999999958,0.0,0.18119999999999958,0.1943359375
0.18105840682983398,0.1810489999999998,0.0,0.1810489999999998,0.1943359375
0.18361520767211914,0.18360500000000002,0.0,0.18360500000000002,0.1943359375
0.1811082363128662,0.18109800000000043,0.0,0.18109800000000043,0.1943359375
0.18591690063476562,0.18589400000000023,0.0,0.18589400000000023,0.1943359375
0.18358230590820312,0.18357200000000073,0.0,0.18357200000000073,0.1943359375
0.18131041526794434,0.18129099999999987,0.0,0.18129099999999987,0.1943359375
0.1813490390777588,0.18133899999999947,0.0,0.18133899999999947,0.1943359375
0.1841738224029541,0.1841620000000006,0.0,0.1841620000000006,0.1943359375
0.18244147300720215,0.18242400000000014,0.0,0.18242400000000014,0.1943359375
0.18363523483276367,0.183624,0.0,0.183624,0.1943359375
0.18134403228759766,0.18133399999999966,0.0,0.18133399999999966,0.1943359375
0.18123698234558105,0.1812269999999998,0.0,0.1812269999999998,0.1943359375
0.1811976432800293,0.18118699999999954,0.0,0.18118699999999954,0.1943359375
0.18978381156921387,0.18977299999999886,0.0,0.18977299999999886,0.1943359375
0.18149828910827637,0.18148899999999912,0.0,0.18148899999999912,0.1943359375
0.1811676025390625,0.18115700000000068,0.0,0.18115700000000068,0.1943359375
0.1811847686767578,0.18117499999999964,0.0,0.18117499999999964,0.1943359375
0.18416571617126465,0.18415300000000023,0.0,0.18415300000000023,0.1943359375
0.18500900268554688,0.18499800000000022,0.0,0.18499800000000022,0.1943359375
0.18464946746826172,0.184626999999999,0.0,0.184626999999999,0.1943359375
