walltime(s),cputime(s),systime(s),usertime(s),memory(GB)
870.6432304382324,870.660592,10.549598999999999,860.110993,13.522682189941406
873.6347992420197,873.652731,10.968259000000002,862.684472,13.523468017578125
873.8092296123505,873.821263,10.552155999999997,863.2691070000001,13.523468017578125
872.6415412425995,872.6536089999996,9.784147000000004,862.8694619999997,13.523468017578125
