walltime(s),cputime(s),systime(s),usertime(s),memory(GB)
0.12742900848388672,0.12742200000000015,0.0,0.12742200000000015,0.19439697265625
0.12572097778320312,0.1257109999999999,0.0,0.1257109999999999,0.19439697265625
0.12696480751037598,0.12695399999999957,0.0,0.12695399999999957,0.19439697265625
0.12488055229187012,0.12487100000000062,0.0,0.12487100000000062,0.19439697265625
0.12509536743164062,0.1250859999999996,0.0,0.1250859999999996,0.19439697265625
0.12384510040283203,0.12383599999999984,0.0,0.12383599999999984,0.19439697265625
0.12393546104431152,0.12392700000000012,0.0,0.12392700000000012,0.19439697265625
0.12714004516601562,0.12713100000000033,0.0,0.12713100000000033,0.19439697265625
0.12805891036987305,0.12804799999999972,0.0,0.12804799999999972,0.19439697265625
0.1266179084777832,0.12660699999999991,0.0,0.12660699999999991,0.19439697265625
0.12641263008117676,0.1263930000000002,0.0,0.1263930000000002,0.19439697265625
0.12624835968017578,0.1262249999999998,0.0,0.1262249999999998,0.19439697265625
0.13103199005126953,0.1310209999999996,0.0,0.1310209999999996,0.19439697265625
0.12636661529541016,0.1263570000000005,0.0,0.1263570000000005,0.19439697265625
0.12813949584960938,0.1281289999999995,0.0,0.1281289999999995,0.19439697265625
0.12593579292297363,0.12592499999999962,0.0,0.12592499999999962,0.19439697265625
0.12536978721618652,0.12535499999999988,0.0,0.12535499999999988,0.19439697265625
0.12691473960876465,0.12687699999999946,0.0,0.12687699999999946,0.19439697265625
0.12641644477844238,0.12640600000000113,0.0,0.12640600000000113,0.19439697265625
0.1272904872894287,0.12727999999999895,0.0,0.12727999999999895,0.19439697265625
0.12790942192077637,0.1278990000000011,0.0,0.1278990000000011,0.19439697265625
0.12690424919128418,0.12689400000000006,0.0,0.12689400000000006,0.19439697265625
0.12679672241210938,0.1267870000000002,0.0,0.1267870000000002,0.19439697265625
0.12654948234558105,0.12651900000000005,0.0,0.12651900000000005,0.19439697265625
0.12734365463256836,0.12733300000000014,0.0,0.12733300000000014,0.19439697265625
0.12620139122009277,0.12619199999999964,0.0,0.12619199999999964,0.19439697265625
0.12925004959106445,0.12924100000000038,0.0,0.12924100000000038,0.19439697265625
0.12654852867126465,0.12653900000000107,0.0,0.12653900000000107,0.19439697265625
0.1298835277557373,0.12987400000000093,0.0,0.12987400000000093,0.19439697265625
0.12673139572143555,0.1267119999999995,0.0,0.1267119999999995,0.19439697265625
