walltime(s),cputime(s),systime(s),usertime(s),memory(GB)
914.5708525180817,914.566612,12.887706999999999,901.678905,13.070919036865234
924.7212157249451,924.715927,11.339857,913.3760699999999,13.072662353515625
936.6112368106842,936.6062590000001,11.939907000000002,924.6663520000002,13.072799682617188
