walltime(s),cputime(s),systime(s),usertime(s),memory(GB)
0.11043405532836914,0.11042400000000047,0.00013699999999999823,0.11028700000000047,0.1947021484375
0.10933494567871094,0.1093149999999996,0.0,0.1093149999999996,0.1947021484375
0.11154651641845703,0.11153499999999994,0.0,0.11153499999999994,0.1947021484375
0.10556578636169434,0.10555499999999984,0.0,0.10555499999999984,0.1947021484375
0.11098384857177734,0.11097200000000029,0.0,0.11097200000000029,0.1947021484375
0.10329651832580566,0.1032869999999999,0.0,0.1032869999999999,0.1947021484375
0.10302066802978516,0.10301100000000041,0.0,0.10301100000000041,0.1947021484375
0.10509610176086426,0.10508600000000001,0.0,0.10508600000000001,0.1947021484375
0.10806584358215332,0.108047,0.0,0.108047,0.1947021484375
0.10785508155822754,0.10784400000000005,0.0,0.10784400000000005,0.1947021484375
0.11241436004638672,0.11240399999999973,0.0,0.11240399999999973,0.1947021484375
0.10329318046569824,0.1032820000000001,0.0,0.1032820000000001,0.1947021484375
0.1065816879272461,0.10657199999999989,0.0,0.10657199999999989,0.1947021484375
0.11389327049255371,0.11388199999999937,0.0,0.11388199999999937,0.1947021484375
0.11095356941223145,0.11094299999999979,0.0,0.11094299999999979,0.1947021484375
0.11128711700439453,0.11127700000000029,0.0,0.11127700000000029,0.1947021484375
0.11090421676635742,0.11089500000000019,0.0,0.11089500000000019,0.1947021484375
0.10548019409179688,0.10546999999999951,0.0,0.10546999999999951,0.1947021484375
0.11460661888122559,0.11459500000000045,0.0,0.11459500000000045,0.1947021484375
0.10534238815307617,0.10533200000000065,0.0,0.10533200000000065,0.1947021484375
0.10459756851196289,0.10458699999999954,0.0,0.10458699999999954,0.1947021484375
0.10418510437011719,0.1041729999999994,0.0,0.1041729999999994,0.1947021484375
0.10331368446350098,0.10330200000000023,0.0,0.10330200000000023,0.1947021484375
0.11330509185791016,0.11329600000000006,0.0,0.11329600000000006,0.1947021484375
0.11375021934509277,0.11373999999999995,0.0,0.11373999999999995,0.1947021484375
0.10491037368774414,0.10489899999999963,0.0,0.10489899999999963,0.1947021484375
0.11304783821105957,0.11303799999999953,0.0,0.11303799999999953,0.1947021484375
0.1036078929901123,0.10359799999999986,0.0,0.10359799999999986,0.1947021484375
0.11441302299499512,0.11440100000000086,0.0,0.11440100000000086,0.1947021484375
0.1060338020324707,0.10602300000000042,0.0,0.10602300000000042,0.1947021484375
