walltime(s),cputime(s),systime(s),usertime(s),memory(GB)
1736.760243654251,1736.764578,32.796986000000004,1703.967592,24.992122650146484
1781.9342379570007,1781.9556370000003,37.73258799999999,1744.2230490000002,25.00082778930664
