walltime(s),cputime(s),systime(s),usertime(s),memory(GB)
192.24620389938354,192.246617,3.180039,189.066578,2.7192306518554688
188.7102427482605,188.71060100000003,2.863975,185.84662600000001,2.7193069458007812
191.39359736442566,191.39405300000004,2.9919670000000007,188.40208600000005,2.7193565368652344
189.4831645488739,189.48344200000005,2.8839900000000007,186.59945200000004,2.7193603515625
191.90147471427917,191.901894,3.0000110000000006,188.901883,2.7193603515625
192.99856185913086,192.999217,2.935987000000001,190.06322999999998,2.7193603515625
192.4534833431244,192.45413700000003,2.940011000000002,189.51412600000003,2.7193603515625
192.77994108200073,192.78044000000008,2.9640060000000013,189.81643400000007,2.7193603515625
194.32407236099243,194.32456799999989,3.043951,191.2806169999999,2.7193603515625
192.62228560447693,192.62259799999998,2.9840409999999977,189.638557,2.7193603515625
192.26451778411865,192.26512399999982,3.0440010000000015,189.2211229999998,2.7193603515625
190.5693337917328,190.56963400000012,2.8480050000000006,187.72162900000012,2.7193603515625
191.0489113330841,191.049118,2.9600010000000054,188.089117,2.7193603515625
189.87556338310242,189.87590300000014,2.9559700000000007,186.91993300000013,2.7193603515625
190.6959149837494,190.69658300000003,2.884009000000006,187.81257400000004,2.7193603515625
192.56487226486206,192.565225,2.9599939999999947,189.605231,2.7193603515625
193.0544273853302,193.05490899999992,3.0159690000000055,190.0389399999999,2.7193603515625
192.87596368789673,192.87657099999984,3.016008999999997,189.86056199999985,2.7193603515625
