walltime(s),cputime(s),systime(s),usertime(s),memory(GB)
1307.7241959571838,1307.674385,26.478119,1281.196266,20.13605499267578
1309.6239795684814,1309.577268,21.767286000000002,1287.809982,20.138309478759766
