walltime(s),cputime(s),systime(s),usertime(s),memory(GB)
464.85145831108093,464.83590300000003,11.466318000000001,453.36958500000003,3.500041961669922
472.60406613349915,472.59032899999994,8.648988000000001,463.94134099999997,3.5020751953125
415.0027325153351,414.9727579999999,7.894724,407.0780339999999,3.502086639404297
415.91822147369385,415.889837,7.891003000000001,407.998834,3.502086639404297
481.79259514808655,481.7817179999999,9.319586000000001,472.4621319999999,3.502086639404297
480.43419766426086,480.42410499999977,8.919556,471.50454899999977,3.502086639404297
494.92051100730896,494.907224,8.971567,485.935657,3.502086639404297
