walltime(s),cputime(s),systime(s),usertime(s),memory(GB)
0.17791342735290527,0.1779010000000003,0.0,0.1779010000000003,0.19451904296875
0.1578047275543213,0.157794,0.0,0.157794,0.19451904296875
0.1367969512939453,0.136787,0.0,0.136787,0.19451904296875
0.13771724700927734,0.13768699999999967,0.0,0.13768699999999967,0.19451904296875
0.13713955879211426,0.13712999999999997,0.0,0.13712999999999997,0.19451904296875
0.13689374923706055,0.13688399999999934,0.0,0.13688399999999934,0.19451904296875
0.1373729705810547,0.13734299999999955,0.0,0.13734299999999955,0.19451904296875
0.13576292991638184,0.1357520000000001,0.0,0.1357520000000001,0.19451904296875
0.13666057586669922,0.13663200000000053,0.0,0.13663200000000053,0.19451904296875
0.13716530799865723,0.13715499999999992,0.0,0.13715499999999992,0.19451904296875
0.13687920570373535,0.1368689999999999,0.0,0.1368689999999999,0.19451904296875
0.13671493530273438,0.13670500000000008,0.0,0.13670500000000008,0.19451904296875
0.13641858100891113,0.13640899999999867,0.0,0.13640899999999867,0.19451904296875
0.1357114315032959,0.13570100000000096,0.0,0.13570100000000096,0.19451904296875
0.1376943588256836,0.13768399999999836,0.0,0.13768399999999836,0.19451904296875
0.13712668418884277,0.13711699999999993,0.0,0.13711699999999993,0.19451904296875
0.13585686683654785,0.13584700000000005,0.0,0.13584700000000005,0.19451904296875
0.13358616828918457,0.1335759999999997,0.0,0.1335759999999997,0.19451904296875
0.1367332935333252,0.13672299999999993,0.0,0.13672299999999993,0.19451904296875
0.13687705993652344,0.13686700000000052,0.0,0.13686700000000052,0.19451904296875
0.1375904083251953,0.13758100000000084,0.0,0.13758100000000084,0.19451904296875
0.1370987892150879,0.13708800000000032,0.0,0.13708800000000032,0.19451904296875
0.13715195655822754,0.13714099999999974,0.0,0.13714099999999974,0.19451904296875
0.13645529747009277,0.13644500000000015,0.0,0.13644500000000015,0.19451904296875
0.1365964412689209,0.13658599999999943,0.0,0.13658599999999943,0.19451904296875
0.1382763385772705,0.13826699999999903,0.0,0.13826699999999903,0.19451904296875
0.13619041442871094,0.13618100000000055,0.0,0.13618100000000055,0.19451904296875
0.1355438232421875,0.13553300000000057,0.0,0.13553300000000057,0.19451904296875
0.13727974891662598,0.1372510000000009,0.0,0.1372510000000009,0.19451904296875
0.13718748092651367,0.1371779999999987,0.0,0.1371779999999987,0.19451904296875
