walltime(s),cputime(s),systime(s),usertime(s),memory(GB)
297.76802706718445,297.740473,4.394811,293.345662,3.8647842407226562
281.3710300922394,281.36744699999997,3.0199310000000006,278.347516,3.8647842407226562
280.4476716518402,280.444224,2.519933,277.92429100000004,3.8647842407226562
280.7244338989258,280.72081899999995,2.5199689999999997,278.20084999999995,3.8647842407226562
280.2234482765198,280.2200809999998,2.4079630000000005,277.8121179999998,3.8647842407226562
314.21111035346985,314.2035419999999,2.7759159999999987,311.4276259999999,3.8647842407226562
293.3638904094696,293.35720899999984,2.5679359999999996,290.78927299999987,3.8647842407226562
312.9695529937744,312.9633019999999,2.8279529999999973,310.1353489999999,3.8647842407226562
316.4495527744293,316.4435120000003,2.8359200000000016,313.6075920000003,3.8647842407226562
310.679247379303,310.6732350000003,2.9159359999999985,307.75729900000033,3.8647842407226562
287.6598026752472,287.5499839999997,2.5318679999999993,285.01811599999974,3.8647842407226562
280.40745997428894,280.401217,2.679934999999997,277.721282,3.8647842407226562
