walltime(s),cputime(s),systime(s),usertime(s),memory(GB)
510.5018856525421,510.492502,7.896839,502.595663,7.760646820068359
506.5875310897827,506.5781329999999,6.891737000000001,499.68639599999995,7.761180877685547
494.8336412906647,494.824429,6.635814999999999,488.18861400000003,7.761180877685547
489.85663628578186,489.8471659999999,6.079844000000001,483.7673219999999,7.761180877685547
741.4365794658661,522.3742420000001,26.507981000000004,495.8662610000001,7.761180877685547
517.2169315814972,517.1083530000001,7.034810999999998,510.0735420000001,7.761180877685547
