walltime(s),cputime(s),systime(s),usertime(s),memory(GB)
182.66534185409546,182.58546199999998,3.291621,179.293841,2.7732772827148438
198.76305413246155,198.75789099999997,3.335862,195.42202899999998,2.7733383178710938
201.30157160758972,201.29637499999998,3.307918999999999,197.98845599999999,2.7733383178710938
199.6789207458496,199.67383999999996,3.567919,196.10592099999997,2.7733383178710938
199.48437190055847,199.4793239999999,3.427908000000002,196.0514159999999,2.7733383178710938
166.10397720336914,166.09967200000003,2.6759120000000003,163.42376000000002,2.7733383178710938
158.59144639968872,158.58794000000006,2.5839510000000026,156.00398900000005,2.7733383178710938
159.1128749847412,159.10952700000013,2.491912000000003,156.61761500000011,2.7733383178710938
158.67333126068115,158.66972800000016,2.5599629999999998,156.10976500000015,2.7733383178710938
158.5226902961731,158.51931300000007,2.6398800000000016,155.87943300000006,2.7733383178710938
158.87564539909363,158.87205899999995,2.6039350000000034,156.26812399999994,2.7733383178710938
158.70654344558716,158.70292499999996,2.615915000000001,156.08700999999996,2.7733383178710938
158.33729600906372,158.33237700000026,2.687939,155.64443800000026,2.7733383178710938
151.08340573310852,151.0741089999999,2.6798439999999957,148.3942649999999,2.7733383178710938
151.8357503414154,151.82629400000005,2.351796,149.47449800000004,2.7733383178710938
151.06995725631714,151.066618,2.523977000000002,148.542641,2.7733383178710938
151.50098037719727,151.4980570000001,2.535924999999999,148.9621320000001,2.7733383178710938
151.95184755325317,151.9488539999998,2.4839489999999955,149.46490499999982,2.7733383178710938
151.2804627418518,151.27747699999995,2.347923999999999,148.92955299999994,2.7733383178710938
150.64407086372375,150.6409610000003,1.651966999999999,148.98899400000028,2.7733383178710938
150.62609839439392,150.62305100000006,1.7239350000000044,148.89911600000005,2.7733383178710938
