walltime(s),cputime(s),systime(s),usertime(s),memory(GB)
136.15729451179504,136.101425,2.247116,133.854309,2.3253135681152344
138.24646091461182,138.24574300000003,1.9761199999999999,136.26962300000002,2.3253135681152344
138.5488624572754,138.54818199999997,1.9680609999999996,136.58012099999996,2.3253135681152344
138.28849744796753,138.287854,2.151937,136.135917,2.3253135681152344
138.47817397117615,138.450312,1.9839969999999987,136.466315,2.3253135681152344
138.74984431266785,138.74923600000005,1.9999720000000014,136.74926400000004,2.3253135681152344
138.56656670570374,138.56596499999992,2.1679650000000006,136.3979999999999,2.3253135681152344
138.58583879470825,138.58524899999998,2.071961999999999,136.513287,2.3253135681152344
138.86333417892456,138.86266700000007,2.091982999999999,136.77068400000007,2.3253135681152344
138.54256296157837,138.541957,1.980039999999999,136.561917,2.3253135681152344
138.62936663627625,138.62874900000003,2.0000180000000007,136.62873100000002,2.3253135681152344
138.63773655891418,138.6371100000002,2.1800130000000024,136.4570970000002,2.3253135681152344
138.95960593223572,138.9588250000001,2.1879789999999986,136.77084600000012,2.3253135681152344
138.7975149154663,138.7969709999999,2.0879559999999984,136.7090149999999,2.3253135681152344
139.13395714759827,139.13325900000004,2.252013999999999,136.88124500000004,2.3253135681152344
139.05626249313354,139.05556400000003,2.087995999999997,136.96756800000003,2.3253135681152344
138.57202553749084,138.57140100000032,2.0079959999999986,136.56340500000033,2.3253135681152344
138.8137903213501,138.8132259999997,2.1160190000000014,136.6972069999997,2.3253135681152344
138.57541346549988,138.57478900000007,2.0759829999999937,136.49880600000006,2.3253135681152344
138.61986351013184,138.6192470000001,2.019991999999995,136.59925500000008,2.3253135681152344
138.63324165344238,138.63234400000027,2.112006000000001,136.52033800000027,2.3253135681152344
138.61549377441406,138.6146970000003,2.0439819999999997,136.5707150000003,2.3253135681152344
138.1088342666626,138.10819900000016,2.083942999999998,136.02425600000015,2.3253135681152344
138.3136568069458,138.31298099999992,1.9360199999999992,136.37696099999994,2.3253135681152344
134.22941660881042,134.22852100000006,1.9839490000000026,132.24457200000006,2.3253135681152344
129.88923335075378,129.8882269999999,1.8799459999999968,128.0082809999999,2.3253135681152344
