walltime(s),cputime(s),systime(s),usertime(s),memory(GB)
795.7817013263702,795.769736,10.735814,785.033922,11.762611389160156
747.243221282959,747.135703,8.711870000000001,738.4238330000001,11.762611389160156
725.8794651031494,725.8718670000001,8.431887,717.4399800000001,11.762611389160156
731.0591900348663,731.0511439999999,8.811889,722.239255,11.762611389160156
