walltime(s),cputime(s),systime(s),usertime(s),memory(GB)
0.3045370578765869,0.30452199999999996,0.003821999999999992,0.30069999999999997,0.195068359375
0.2846860885620117,0.28467900000000057,0.0,0.28467900000000057,0.19523239135742188
0.28295207023620605,0.2829449999999998,0.0,0.2829449999999998,0.1953582763671875
0.28266406059265137,0.282648,0.0,0.282648,0.1953582763671875
0.2890646457672119,0.2890579999999998,0.0,0.2890579999999998,0.19536590576171875
0.2836940288543701,0.28367699999999996,0.0,0.28367699999999996,0.19537734985351562
0.281329870223999,0.2813099999999995,0.0,0.2813099999999995,0.19537734985351562
0.2832987308502197,0.2832929999999996,0.0,0.2832929999999996,0.19537734985351562
0.2828545570373535,0.2828379999999999,0.0,0.2828379999999999,0.19537734985351562
0.27973222732543945,0.27971599999999963,0.0,0.27971599999999963,0.19537734985351562
0.28034496307373047,0.28033899999999967,0.0,0.28033899999999967,0.19537734985351562
0.28536534309387207,0.28535799999999956,0.0,0.28535799999999956,0.19537734985351562
0.2792325019836426,0.27921700000000005,0.0,0.27921700000000005,0.19537734985351562
0.280214786529541,0.280208,0.0,0.280208,0.19537734985351562
0.2824900150299072,0.2824819999999999,0.0,0.2824819999999999,0.19537734985351562
0.27901506423950195,0.2789950000000001,0.0,0.2789950000000001,0.19537734985351562
0.2807161808013916,0.2807089999999999,0.0,0.2807089999999999,0.19537734985351562
0.28286314010620117,0.2828559999999989,0.0,0.2828559999999989,0.19537734985351562
0.280195951461792,0.2801810000000007,0.0,0.2801810000000007,0.19537734985351562
0.27573704719543457,0.2757310000000004,0.0,0.2757310000000004,0.19537734985351562
0.2776813507080078,0.27765400000000007,0.0,0.27765400000000007,0.19537734985351562
0.2714099884033203,0.2712859999999999,0.0,0.2712859999999999,0.19537734985351562
0.27132630348205566,0.27131999999999934,0.0,0.27131999999999934,0.19537734985351562
0.27303075790405273,0.2730239999999995,0.0,0.2730239999999995,0.19537734985351562
0.2755286693572998,0.2755200000000002,0.0,0.2755200000000002,0.19537734985351562
0.2761213779449463,0.2761130000000005,0.0,0.2761130000000005,0.19537734985351562
0.27887463569641113,0.278867,0.0,0.278867,0.19537734985351562
0.276123046875,0.27611399999999975,0.0,0.27611399999999975,0.19537734985351562
0.2726263999938965,0.2726190000000006,0.0,0.2726190000000006,0.19537734985351562
0.2705349922180176,0.2705289999999998,0.0,0.2705289999999998,0.19537734985351562
