walltime(s),cputime(s),systime(s),usertime(s),memory(GB)
0.11786103248596191,0.11785300000000021,0.0,0.11785300000000021,0.19476318359375
0.12070775032043457,0.12069500000000044,0.0,0.12069500000000044,0.19476318359375
0.11482882499694824,0.11481700000000039,0.0,0.11481700000000039,0.19476318359375
0.11631131172180176,0.11629999999999985,0.0,0.11629999999999985,0.19476318359375
0.11513352394104004,0.11512299999999964,0.0,0.11512299999999964,0.19476318359375
0.1210782527923584,0.12106700000000004,0.0,0.12106700000000004,0.19476318359375
0.12195944786071777,0.1219399999999995,0.0,0.1219399999999995,0.19476318359375
0.11651444435119629,0.1165029999999998,0.0,0.1165029999999998,0.19476318359375
0.12526702880859375,0.1252570000000004,0.0,0.1252570000000004,0.19476318359375
0.1150059700012207,0.1149950000000004,0.0,0.1149950000000004,0.19476318359375
0.1151268482208252,0.11511599999999955,0.0,0.11511599999999955,0.19476318359375
0.11500859260559082,0.11499799999999993,0.0,0.11499799999999993,0.19476318359375
0.11513352394104004,0.11512299999999964,0.0,0.11512299999999964,0.19476318359375
0.1167898178100586,0.1167789999999993,0.0,0.1167789999999993,0.19476318359375
0.12068629264831543,0.12067600000000045,0.0,0.12067600000000045,0.19476318359375
0.1182260513305664,0.11821600000000032,0.0,0.11821600000000032,0.19476318359375
0.11567187309265137,0.11566199999999949,0.0,0.11566199999999949,0.19476318359375
0.1150200366973877,0.11500900000000058,0.0,0.11500900000000058,0.19476318359375
0.11498308181762695,0.11497199999999985,0.0,0.11497199999999985,0.19476318359375
0.11903738975524902,0.119027,0.0,0.119027,0.19476318359375
0.11539363861083984,0.1153840000000006,0.0,0.1153840000000006,0.19476318359375
0.1188051700592041,0.11879400000000029,0.0,0.11879400000000029,0.19476318359375
0.11674904823303223,0.11673799999999979,0.0,0.11673799999999979,0.19476318359375
0.11535120010375977,0.11534099999999992,0.0,0.11534099999999992,0.19476318359375
0.12097573280334473,0.12096499999999999,0.0,0.12096499999999999,0.19476318359375
0.11507678031921387,0.11506499999999953,0.0,0.11506499999999953,0.19476318359375
0.11885404586791992,0.11884400000000017,0.0,0.11884400000000017,0.19476318359375
0.11901664733886719,0.11900699999999986,0.0,0.11900699999999986,0.19476318359375
0.11857390403747559,0.11856200000000072,0.0,0.11856200000000072,0.19476318359375
0.11843442916870117,0.11842299999999994,0.0,0.11842299999999994,0.19476318359375
