walltime(s),cputime(s),systime(s),usertime(s),memory(GB)
1788.3451495170593,1788.3368639999999,29.615333,1758.721531,28.05756378173828
1822.5200288295746,1822.50916,31.823814000000002,1790.685346,28.058307647705078
