walltime(s),cputime(s),systime(s),usertime(s),memory(GB)
199.92829990386963,199.926873,4.891222,195.035651,2.1789016723632812
203.67249011993408,203.67230800000002,3.7079689999999994,199.96433900000002,2.1789016723632812
204.11413550376892,204.11354699999995,3.575934,200.53761299999996,2.1789016723632812
202.95030736923218,202.94982399999998,3.4399489999999986,199.50987499999997,2.1789016723632812
204.78532934188843,204.78469599999994,3.6079320000000017,201.17676399999993,2.1789016723632812
201.63900709152222,201.63874500000006,3.4120450000000027,198.22670000000005,2.1789016723632812
204.0493507385254,204.04903799999988,3.7559439999999995,200.29309399999988,2.1789016723632812
205.44848728179932,205.44819100000015,3.5879270000000005,201.86026400000014,2.1789016723632812
204.8873326778412,204.70945300000002,3.6078769999999984,201.10157600000002,2.1789016723632812
202.7570517063141,202.75524199999984,3.3799120000000045,199.37532999999985,2.1789016723632812
201.159907579422,201.15815500000002,3.751965999999996,197.40618900000004,2.1789016723632812
201.01984024047852,201.01812300000006,3.519950999999999,197.49817200000007,2.1789016723632812
189.08230090141296,189.0805840000002,3.363937,185.7166470000002,2.1789016723632812
192.90144872665405,192.89948600000008,3.247990999999999,189.65149500000007,2.1789016723632812
195.6273009777069,195.6254080000002,3.555917000000001,192.0694910000002,2.1789016723632812
203.19863772392273,203.1970719999997,3.508020000000002,199.68905199999972,2.1789016723632812
194.16755318641663,194.16646599999993,3.2119669999999942,190.95449899999994,2.1789016723632812
