walltime(s),cputime(s),systime(s),usertime(s),memory(GB)
806.2337536811829,806.231466,13.968587000000001,792.262879,11.192935943603516
817.5130560398102,817.5102800000002,10.163927999999999,807.3463520000001,11.19314193725586
814.4498608112335,814.4475630000003,9.080008,805.3675550000003,11.193214416503906
814.209094285965,814.2069370000002,9.091994999999997,805.1149420000002,11.193214416503906
