walltime(s),cputime(s),systime(s),usertime(s),memory(GB)
501.15202498435974,501.145978,6.2157729999999995,494.930205,7.757595062255859
498.13234066963196,498.12688900000006,4.991851,493.13503800000007,7.758403778076172
498.8226273059845,498.8168270000001,4.891888000000002,493.9249390000001,7.758403778076172
499.1807358264923,499.17370699999987,4.7279160000000005,494.4457909999999,7.758403778076172
553.1828110218048,553.1783519999999,12.592029999999998,540.5863219999999,7.758411407470703
555.8307292461395,555.7473140000001,6.780087000000002,548.9672270000001,7.758411407470703
