walltime(s),cputime(s),systime(s),usertime(s),memory(GB)
854.2048449516296,854.21901,12.473773999999999,841.745236,13.102264404296875
844.3221669197083,844.339265,10.116142,834.223123,13.102798461914062
845.7855083942413,845.8025389999998,10.172212000000002,835.6303269999999,13.102821350097656
845.0144746303558,845.031488,10.040174999999998,834.991313,13.102832794189453
