walltime(s),cputime(s),systime(s),usertime(s),memory(GB)
0.5061445236206055,0.506132,0.0,0.506132,0.19887542724609375
0.41568636894226074,0.4156810000000002,0.0,0.4156810000000002,0.19887542724609375
0.415111780166626,0.41510800000000003,0.0,0.41510800000000003,0.19887542724609375
0.41028380393981934,0.41026700000000016,0.0,0.41026700000000016,0.19887542724609375
0.41527390480041504,0.41526900000000033,0.0,0.41526900000000033,0.19887542724609375
0.4096224308013916,0.4096069999999994,0.0,0.4096069999999994,0.19887542724609375
0.4126729965209961,0.4126670000000008,0.0,0.4126670000000008,0.19887542724609375
0.41933679580688477,0.4193180000000005,0.0,0.4193180000000005,0.19887542724609375
0.416003942489624,0.4159980000000001,0.0,0.4159980000000001,0.19887542724609375
0.4140970706939697,0.4140910000000009,0.0,0.4140910000000009,0.19887542724609375
0.4141209125518799,0.41411700000000096,0.0,0.41411700000000096,0.19887542724609375
0.41454172134399414,0.41453700000000104,0.0,0.41453700000000104,0.19887542724609375
0.4153859615325928,0.415381,0.0,0.415381,0.19887542724609375
0.4152092933654785,0.41520399999999924,0.0,0.41520399999999924,0.19887542724609375
0.4123659133911133,0.41235900000000036,0.0,0.41235900000000036,0.19887542724609375
0.4171793460845947,0.417173,0.0,0.417173,0.19887542724609375
0.41286516189575195,0.4128469999999993,0.0,0.4128469999999993,0.19887542724609375
0.4144454002380371,0.4144419999999993,0.0,0.4144419999999993,0.19887542724609375
0.41600656509399414,0.4160019999999989,0.0,0.4160019999999989,0.19887542724609375
0.4099581241607666,0.40993100000000027,0.0,0.40993100000000027,0.19887542724609375
0.4181067943572998,0.4180980000000005,0.0,0.4180980000000005,0.19887542724609375
0.4101226329803467,0.4101190000000017,0.0,0.4101190000000017,0.19887542724609375
0.414839506149292,0.41483500000000006,0.0,0.41483500000000006,0.19887542724609375
0.40793490409851074,0.4079189999999997,0.0,0.4079189999999997,0.19887542724609375
0.4159736633300781,0.41595000000000226,0.0,0.41595000000000226,0.19887542724609375
0.41356682777404785,0.41355899999999934,0.0,0.41355899999999934,0.19887542724609375
0.40963053703308105,0.4096209999999978,0.0,0.4096209999999978,0.19887542724609375
0.4120066165924072,0.4120050000000006,0.0,0.4120050000000006,0.19887542724609375
0.4167299270629883,0.4167240000000021,0.0,0.4167240000000021,0.19887542724609375
0.4153711795806885,0.41536299999999926,0.0,0.41536299999999926,0.19887542724609375
