walltime(s),cputime(s),systime(s),usertime(s),memory(GB)
368.45936250686646,368.39882300000005,5.955299,362.443524,5.808666229248047
373.03959465026855,373.034881,5.767815000000001,367.267066,5.809074401855469
376.5348663330078,376.53,6.035885999999998,370.49411399999997,5.809108734130859
373.39803886413574,373.39364100000006,5.899884999999998,367.4937560000001,5.809108734130859
373.28990173339844,373.2852939999998,5.91995,367.3653439999998,5.809108734130859
373.2846267223358,373.28036900000006,5.631927999999995,367.64844100000005,5.809108734130859
373.22496461868286,373.22073099999994,5.755878000000003,367.46485299999995,5.809108734130859
374.53215432167053,374.52771400000006,5.799928999999999,368.72778500000004,5.809108734130859
373.2984881401062,373.29429000000005,5.595966999999995,367.6983230000001,5.809108734130859
