walltime(s),cputime(s),systime(s),usertime(s),memory(GB)
1494.1531281471252,1494.078648,21.340681,1472.737967,21.82274627685547
1420.055864572525,1420.0217220000002,19.787518,1400.234204,21.830394744873047
