walltime(s),cputime(s),systime(s),usertime(s),memory(GB)
0.9783153533935547,0.9783189999999997,0.007344000000000017,0.9709749999999997,0.20532608032226562
0.9860665798187256,0.9860540000000002,0.0,0.9860540000000002,0.20532608032226562
0.9820902347564697,0.9820829999999994,0.0,0.9820829999999994,0.20532608032226562
0.976050615310669,0.975962,0.0,0.975962,0.20532608032226562
0.9392802715301514,0.9392090000000008,0.0,0.9392090000000008,0.20532608032226562
0.9219610691070557,0.9219540000000013,0.0,0.9219540000000013,0.20532608032226562
0.9342453479766846,0.9342410000000001,0.0,0.9342410000000001,0.20532608032226562
0.9400219917297363,0.940016,0.0,0.940016,0.20532608032226562
0.9371538162231445,0.9371379999999991,0.0,0.9371379999999991,0.20532608032226562
0.943875789642334,0.9438769999999987,0.0,0.9438769999999987,0.20532608032226562
0.9218769073486328,0.9218709999999994,0.0,0.9218709999999994,0.20532608032226562
0.922644853591919,0.9226320000000001,0.0,0.9226320000000001,0.20532608032226562
0.9310300350189209,0.9310319999999983,0.0,0.9310319999999983,0.20532608032226562
0.9205145835876465,0.9205160000000028,0.0,0.9205160000000028,0.20532608032226562
0.9206235408782959,0.9206280000000007,0.0,0.9206280000000007,0.20532608032226562
0.9365136623382568,0.9364109999999997,0.0,0.9364109999999997,0.20532608032226562
0.9202451705932617,0.9202469999999998,0.0,0.9202469999999998,0.20532608032226562
0.9425647258758545,0.9425680000000014,0.0,0.9425680000000014,0.20532608032226562
0.9268877506256104,0.9268900000000002,0.0,0.9268900000000002,0.20532608032226562
0.9361541271209717,0.9361490000000003,0.0,0.9361490000000003,0.20532608032226562
0.9213125705718994,0.9212990000000012,0.0,0.9212990000000012,0.20532608032226562
0.9228746891021729,0.9228659999999991,0.0,0.9228659999999991,0.20532608032226562
0.9251480102539062,0.9251419999999975,0.0,0.9251419999999975,0.20532608032226562
0.9258198738098145,0.925815,0.0,0.925815,0.20532608032226562
0.9409942626953125,0.9409980000000004,0.0,0.9409980000000004,0.20532608032226562
0.9263181686401367,0.9263100000000009,0.0,0.9263100000000009,0.20532608032226562
0.9216747283935547,0.9216629999999988,0.0,0.9216629999999988,0.20532608032226562
0.9426324367523193,0.9426169999999985,0.0,0.9426169999999985,0.20532608032226562
0.9848222732543945,0.9848169999999961,0.0,0.9848169999999961,0.20532608032226562
0.9716470241546631,0.9716519999999988,0.0,0.9716519999999988,0.20532608032226562
