walltime(s),cputime(s),systime(s),usertime(s),memory(GB)
0.23223519325256348,0.23222700000000002,0.011952000000000018,0.220275,0.19482421875
0.2179718017578125,0.217962,0.0,0.217962,0.19482421875
0.198716402053833,0.19870699999999974,0.0,0.19870699999999974,0.19482421875
0.17375493049621582,0.17374499999999937,0.0,0.17374499999999937,0.19482421875
0.1843128204345703,0.18430299999999988,0.0,0.18430299999999988,0.19482421875
0.17402195930480957,0.1740119999999994,0.0,0.1740119999999994,0.19482421875
0.17496252059936523,0.17494500000000013,0.0,0.17494500000000013,0.19482421875
0.18880867958068848,0.18879799999999936,0.0,0.18879799999999936,0.19482421875
0.1759037971496582,0.17589400000000044,0.0,0.17589400000000044,0.19482421875
0.17956113815307617,0.17955100000000002,0.0,0.17955100000000002,0.19482421875
0.1744692325592041,0.17445999999999984,0.0,0.17445999999999984,0.19482421875
0.1736462116241455,0.17363699999999938,0.0,0.17363699999999938,0.19482421875
0.22372865676879883,0.2236019999999998,0.006690000000000029,0.21691199999999977,0.19482421875
0.17793774604797363,0.17792799999999964,0.0,0.17792799999999964,0.19482421875
0.1848893165588379,0.18487900000000046,0.0,0.18487900000000046,0.19482421875
0.18287134170532227,0.18286100000000083,0.0,0.18286100000000083,0.19482421875
0.19692277908325195,0.1969119999999993,0.0,0.1969119999999993,0.19482421875
0.19233393669128418,0.1923250000000003,0.0,0.1923250000000003,0.19482421875
0.17309260368347168,0.17308400000000113,0.0,0.17308400000000113,0.19482421875
0.19615554809570312,0.1961460000000006,0.0,0.1961460000000006,0.19482421875
0.17917203903198242,0.1791609999999988,0.0,0.1791609999999988,0.19482421875
0.17982244491577148,0.17981299999999933,0.0,0.17981299999999933,0.19482421875
0.18839621543884277,0.18838600000000127,0.0,0.18838600000000127,0.19482421875
0.17882966995239258,0.17881900000000073,0.0,0.17881900000000073,0.19482421875
0.19569611549377441,0.19568700000000128,0.0,0.19568700000000128,0.19482421875
0.17943906784057617,0.17943099999999923,0.0,0.17943099999999923,0.19482421875
0.17946934700012207,0.17945299999999875,0.0,0.17945299999999875,0.19482421875
0.18215513229370117,0.18214500000000022,0.0,0.18214500000000022,0.19482421875
0.17626285552978516,0.17625300000000088,0.0,0.17625300000000088,0.19482421875
0.19515156745910645,0.19514199999999882,0.0,0.19514199999999882,0.19482421875
