walltime(s),cputime(s),systime(s),usertime(s),memory(GB)
1182.2541575431824,1182.2548310000002,21.524016,1160.7308150000001,17.20806121826172
1147.6916122436523,1147.693331,16.783988,1130.909343,17.214344024658203
1188.7209174633026,1188.637005,17.604076999999997,1171.032928,17.214344024658203
