walltime(s),cputime(s),systime(s),usertime(s),memory(GB)
487.4332058429718,487.41831,9.643164,477.775146,8.259578704833984
487.5636920928955,487.553675,8.6678,478.885875,8.259578704833984
488.53453612327576,488.5198889999999,8.515710000000002,480.0041789999999,8.259578704833984
487.58889055252075,487.58078,8.435878000000002,479.144902,8.259578704833984
491.64100098609924,491.6316199999997,8.511783000000001,483.11983699999973,8.259578704833984
488.5794186592102,488.5703280000001,8.471832,480.09849600000007,8.259578704833984
489.66206431388855,489.6530139999998,8.551808000000001,481.1012059999998,8.259578704833984
