walltime(s),cputime(s),systime(s),usertime(s),memory(GB)
0.8831431865692139,0.8830099999999999,0.023520999999999903,0.859489,0.19451522827148438
0.714500904083252,0.7144690000000002,0.0,0.7144690000000002,0.19475936889648438
0.7270588874816895,0.7270190000000003,0.0,0.7270190000000003,0.19475936889648438
0.7172937393188477,0.7172629999999991,0.0,0.7172629999999991,0.19475936889648438
0.7201492786407471,0.7201360000000001,0.0,0.7201360000000001,0.19475936889648438
0.7330513000488281,0.7317689999999999,0.0,0.7317689999999999,0.19475936889648438
0.7583291530609131,0.7582609999999992,0.0,0.7582609999999992,0.19475936889648438
0.7180871963500977,0.718071,6.999999999979245e-06,0.718064,0.19475936889648438
0.5984454154968262,0.5984119999999997,0.0,0.5984119999999997,0.19475936889648438
0.6556663513183594,0.6556509999999989,0.0,0.6556509999999989,0.19475936889648438
0.6696760654449463,0.6696540000000013,0.0,0.6696540000000013,0.19475936889648438
0.6613421440124512,0.6613229999999994,0.0,0.6613229999999994,0.19475936889648438
0.6658802032470703,0.6658640000000009,0.0,0.6658640000000009,0.19475936889648438
0.6663360595703125,0.6663050000000013,0.0,0.6663050000000013,0.19475936889648438
0.6651802062988281,0.6651670000000003,0.0,0.6651670000000003,0.19475936889648438
0.6649630069732666,0.6649460000000005,0.0,0.6649460000000005,0.19475936889648438
0.6518402099609375,0.6518300000000004,0.0,0.6518300000000004,0.19475936889648438
0.6432609558105469,0.6432439999999993,0.0,0.6432439999999993,0.19475936889648438
0.6416635513305664,0.6416509999999995,0.0,0.6416509999999995,0.19475936889648438
0.6506237983703613,0.6506100000000004,0.0,0.6506100000000004,0.19475936889648438
0.6592118740081787,0.659201999999997,0.0,0.659201999999997,0.19475936889648438
0.6493291854858398,0.6493139999999968,0.0,0.6493139999999968,0.19475936889648438
0.6607167720794678,0.660699000000001,0.0,0.660699000000001,0.19475936889648438
0.636263370513916,0.6362480000000019,0.0,0.6362480000000019,0.19475936889648438
0.6591601371765137,0.6591290000000001,0.0,0.6591290000000001,0.19475936889648438
0.6447389125823975,0.6447249999999976,0.0,0.6447249999999976,0.19475936889648438
0.6464188098907471,0.6464010000000009,0.0,0.6464010000000009,0.19475936889648438
0.6714832782745361,0.671443,0.0,0.671443,0.19475936889648438
0.6416537761688232,0.6416399999999989,0.0,0.6416399999999989,0.19475936889648438
0.6410388946533203,0.6410039999999988,0.0,0.6410039999999988,0.19475936889648438
