walltime(s),cputime(s),systime(s),usertime(s),memory(GB)
206.84166646003723,206.842914,3.428293,203.414621,3.357868194580078
208.17481589317322,208.176312,3.1280049999999995,205.048307,3.3590469360351562
207.62338781356812,207.62488200000004,2.9960009999999997,204.62888100000004,3.3590469360351562
208.47248339653015,208.47383199999996,2.8719649999999994,205.60186699999997,3.3590469360351562
207.48061752319336,207.48197300000004,2.776028,204.70594500000004,3.3590469360351562
207.63094830513,207.632344,2.8799960000000002,204.75234799999998,3.3590469360351562
207.0956904888153,207.09713299999999,2.6680030000000023,204.42913,3.3590469360351562
207.9463062286377,207.94771900000006,2.7240409999999997,205.22367800000006,3.3590469360351562
207.78014492988586,207.78140000000002,2.8480089999999976,204.93339100000003,3.3590469360351562
207.7672519683838,207.76869899999997,2.8600030000000025,204.90869599999996,3.3590469360351562
207.7918999195099,207.79330100000007,2.9760120000000008,204.81728900000007,3.3590469360351562
207.89353203773499,207.89500399999986,2.7999849999999995,205.09501899999987,3.3590469360351562
207.55988597869873,207.56125999999966,2.7760000000000034,204.78525999999965,3.3590469360351562
207.16638016700745,207.16765500000002,2.675994000000003,204.49166100000002,3.3590469360351562
208.979407787323,208.980841,2.8480029999999985,206.132838,3.3590469360351562
212.3621962070465,212.36318800000006,2.7320410000000024,209.63114700000006,3.3590469360351562
215.15132784843445,215.130445,3.120001000000002,212.010444,3.3590469360351562
