walltime(s),cputime(s),systime(s),usertime(s),memory(GB)
0.5098450183868408,0.509836,0.0,0.509836,0.19965744018554688
0.4208247661590576,0.4208129999999999,0.0,0.4208129999999999,0.19965744018554688
0.4228634834289551,0.4228519999999998,0.0,0.4228519999999998,0.19965744018554688
0.4183526039123535,0.41835100000000036,0.0,0.41835100000000036,0.19965744018554688
0.4175262451171875,0.4175070000000005,0.0,0.4175070000000005,0.19965744018554688
0.418548583984375,0.41853499999999944,0.0,0.41853499999999944,0.19965744018554688
0.42276954650878906,0.4227610000000004,0.0,0.4227610000000004,0.19965744018554688
0.4238603115081787,0.4238590000000002,0.0,0.4238590000000002,0.19965744018554688
0.41807031631469727,0.418069,0.0,0.418069,0.19965744018554688
0.4262669086456299,0.4262669999999993,0.0,0.4262669999999993,0.19965744018554688
0.4227328300476074,0.42272200000000026,0.0,0.42272200000000026,0.19965744018554688
0.4209713935852051,0.4209689999999995,0.0,0.4209689999999995,0.19965744018554688
0.4229092597961426,0.42290599999999934,0.0,0.42290599999999934,0.19965744018554688
0.417818546295166,0.4178170000000012,0.0,0.4178170000000012,0.19965744018554688
0.4178049564361572,0.417802,0.0,0.417802,0.19965744018554688
0.41765761375427246,0.4176549999999999,0.0,0.4176549999999999,0.19965744018554688
0.4174070358276367,0.4174059999999997,0.0,0.4174059999999997,0.19965744018554688
0.42009544372558594,0.4200929999999996,0.0,0.4200929999999996,0.19965744018554688
0.424882173538208,0.4248689999999993,0.0,0.4248689999999993,0.19965744018554688
0.4180593490600586,0.41805800000000026,0.0,0.41805800000000026,0.19965744018554688
0.41918134689331055,0.4191800000000008,0.0,0.4191800000000008,0.19965744018554688
0.41823458671569824,0.4182319999999997,0.0,0.4182319999999997,0.19965744018554688
0.42436742782592773,0.4243579999999998,0.0,0.4243579999999998,0.19965744018554688
0.417402982711792,0.4174009999999999,0.0,0.4174009999999999,0.19965744018554688
0.4258267879486084,0.4258259999999989,0.0,0.4258259999999989,0.19965744018554688
0.4190206527709961,0.41901700000000197,0.0,0.41901700000000197,0.19965744018554688
0.4296445846557617,0.42964299999999866,0.0,0.42964299999999866,0.19965744018554688
0.42127251625061035,0.4212619999999987,0.0,0.4212619999999987,0.19965744018554688
0.4192180633544922,0.41921699999999973,0.0,0.41921699999999973,0.19965744018554688
0.41861844062805176,0.4186150000000026,0.0,0.4186150000000026,0.19965744018554688
