walltime(s),cputime(s),systime(s),usertime(s),memory(GB)
2097.399154186249,2097.379901,34.689328,2062.690573,28.160972595214844
