walltime(s),cputime(s),systime(s),usertime(s),memory(GB)
805.7640762329102,805.72021,13.736106,791.984104,13.158367156982422
803.7660939693451,803.748118,13.075778,790.67234,13.163105010986328
805.2546064853668,805.2405929999999,13.123805999999998,792.1167869999999,13.163177490234375
804.9538872241974,804.9393610000001,13.151722,791.7876390000001,13.1632080078125
