walltime(s),cputime(s),systime(s),usertime(s),memory(GB)
650.2327227592468,650.2253499999999,7.958945999999999,642.266404,10.41595458984375
648.3890030384064,648.386839,6.439787000000001,641.947052,10.416839599609375
647.78626537323,647.7848720000001,6.683957999999999,641.1009140000001,10.416839599609375
647.7457430362701,647.7442790000001,6.591929,641.1523500000001,10.416839599609375
648.2734014987946,648.2716180000001,6.907990000000002,641.3636280000001,10.416839599609375
