walltime(s),cputime(s),systime(s),usertime(s),memory(GB)
483.2865746021271,483.201325,9.438015,473.76331,8.298564910888672
479.3162159919739,479.30895399999997,7.723919,471.58503499999995,8.299491882324219
480.35169219970703,480.343526,8.119863000000002,472.223663,8.299491882324219
477.2649550437927,477.25859,6.455951000000002,470.802639,8.299491882324219
482.06966757774353,482.0624000000001,6.9238810000000015,475.1385190000001,8.299491882324219
478.03467416763306,478.0281319999998,6.527930999999995,471.50020099999983,8.299491882324219
479.85664987564087,479.8494639999999,6.831873999999999,473.0175899999999,8.299491882324219
