walltime(s),cputime(s),systime(s),usertime(s),memory(GB)
159.15567111968994,159.148916,2.064433,157.084483,2.0669212341308594
173.9736409187317,173.967531,1.47194,172.49559100000002,2.0678253173828125
173.3086712360382,173.30269,1.355969,171.94672100000003,2.0678939819335938
177.98454761505127,177.97841299999996,1.4399409999999992,176.53847199999996,2.0678939819335938
177.4151782989502,177.408916,1.5359399999999992,175.872976,2.0678939819335938
175.15510773658752,175.149273,1.3239859999999997,173.825287,2.0678977966308594
172.60964584350586,172.60369200000005,1.3359290000000001,171.26776300000006,2.0678977966308594
172.18455624580383,172.16099600000007,1.2639130000000005,170.89708300000007,2.0678977966308594
169.60641646385193,169.60027799999995,1.4719689999999996,168.12830899999994,2.0678977966308594
171.67929673194885,171.67343499999993,1.191955,170.48147999999992,2.0678977966308594
163.84988522529602,163.84409900000006,1.1599509999999995,162.68414800000005,2.0678977966308594
165.4939820766449,165.48817100000016,1.36796,164.12021100000015,2.0678977966308594
164.0395827293396,164.03332399999994,1.2999560000000017,162.73336799999993,2.0678977966308594
160.8606026172638,160.85480800000028,1.3199249999999978,159.53488300000026,2.0678977966308594
160.66916728019714,160.66373799999982,1.2039669999999987,159.45977099999982,2.0678977966308594
159.9578549861908,159.952346,1.2519719999999985,158.700374,2.0678977966308594
160.73887610435486,160.73292200000006,1.1999390000000005,159.53298300000006,2.0678977966308594
161.93303275108337,161.92734400000023,1.2839310000000026,160.64341300000024,2.0678977966308594
162.65461039543152,162.64878200000015,1.123981999999998,161.52480000000014,2.0678977966308594
162.14215302467346,162.13666800000004,1.2719480000000019,160.86472000000003,2.0678977966308594
162.31609892845154,162.31038499999985,1.2599359999999997,161.05044899999984,2.0678977966308594
