walltime(s),cputime(s),systime(s),usertime(s),memory(GB)
0.55548095703125,0.5554649999999999,0.0,0.5554649999999999,0.19879531860351562
0.4766697883605957,0.47666200000000014,0.0,0.47666200000000014,0.19879531860351562
0.4600677490234375,0.4600460000000002,0.0,0.4600460000000002,0.19879531860351562
0.47736287117004395,0.4773579999999997,0.0,0.4773579999999997,0.19879531860351562
0.49535179138183594,0.49532499999999935,0.0,0.49532499999999935,0.19879531860351562
0.46941065788269043,0.4693940000000003,0.0,0.4693940000000003,0.19903564453125
0.4726378917694092,0.4726330000000001,0.0,0.4726330000000001,0.19903564453125
0.4600095748901367,0.4599889999999993,0.0,0.4599889999999993,0.19903564453125
0.4825284481048584,0.4825230000000005,0.0,0.4825230000000005,0.19903564453125
0.4709136486053467,0.4708970000000008,0.0,0.4708970000000008,0.19903564453125
0.47107362747192383,0.47105900000000034,0.0,0.47105900000000034,0.19903564453125
0.46243906021118164,0.4624220000000001,0.0,0.4624220000000001,0.19903564453125
0.4736766815185547,0.4736699999999985,0.0,0.4736699999999985,0.19903564453125
0.47566843032836914,0.47566299999999906,0.0,0.47566299999999906,0.19903564453125
0.48082780838012695,0.4808229999999991,0.0,0.4808229999999991,0.19903564453125
0.4623570442199707,0.46235299999999846,0.0,0.46235299999999846,0.19903564453125
0.4714925289154053,0.4714860000000005,0.0,0.4714860000000005,0.19903564453125
0.46520519256591797,0.4651999999999994,0.0,0.4651999999999994,0.19903564453125
0.47521042823791504,0.47519699999999965,0.0,0.47519699999999965,0.19903564453125
0.47106409072875977,0.47105900000000034,0.0,0.47105900000000034,0.19903564453125
0.47151947021484375,0.4715030000000002,0.0,0.4715030000000002,0.19903564453125
0.47234106063842773,0.4723360000000003,0.0,0.4723360000000003,0.19903564453125
0.4653458595275879,0.46534100000000045,0.0,0.46534100000000045,0.19903564453125
0.47585582733154297,0.4758509999999987,0.0,0.4758509999999987,0.19903564453125
0.46523594856262207,0.4652309999999993,0.0,0.4652309999999993,0.19903564453125
0.46190309524536133,0.4618979999999979,0.0,0.4618979999999979,0.19903564453125
0.46075439453125,0.4607430000000008,0.0,0.4607430000000008,0.19903564453125
0.46296143531799316,0.4629560000000019,0.0,0.4629560000000019,0.19903564453125
0.46288514137268066,0.46288099999999943,0.0,0.46288099999999943,0.19903564453125
0.4710202217102051,0.4710150000000013,0.0,0.4710150000000013,0.19903564453125
