walltime(s),cputime(s),systime(s),usertime(s),memory(GB)
1017.6365613937378,1017.614097,19.538632000000003,998.075465,17.16671371459961
1025.1438291072845,1025.126844,17.143601999999998,1007.9832419999999,17.172698974609375
1028.7694969177246,1028.749799,17.811588999999998,1010.93821,17.172698974609375
