walltime(s),cputime(s),systime(s),usertime(s),memory(GB)
1661.2539277076721,1661.165478,21.575067,1639.590411,25.129985809326172
1674.433363199234,1674.41864,26.723965999999997,1647.694674,25.13949966430664
