walltime(s),cputime(s),systime(s),usertime(s),memory(GB)
0.265275239944458,0.2652589999999999,0.0,0.2652589999999999,0.19473648071289062
0.28678464889526367,0.28676499999999994,0.0,0.28676499999999994,0.19498062133789062
0.2784392833709717,0.2784009999999997,0.0,0.2784009999999997,0.19498062133789062
0.28832340240478516,0.288303,0.0,0.288303,0.19498062133789062
0.28724098205566406,0.2872209999999997,0.0,0.2872209999999997,0.19498062133789062
0.27960944175720215,0.279579,0.0,0.279579,0.19498062133789062
0.2886514663696289,0.2886319999999998,0.0,0.2886319999999998,0.19498062133789062
0.2714812755584717,0.2714609999999995,0.0,0.2714609999999995,0.19498062133789062
0.2743113040924072,0.2742800000000001,0.0,0.2742800000000001,0.19498062133789062
0.28463053703308105,0.2845999999999993,0.0,0.2845999999999993,0.19498062133789062
0.292644739151001,0.2926140000000004,0.0,0.2926140000000004,0.19498062133789062
0.2724907398223877,0.27245200000000036,0.0,0.27245200000000036,0.19498062133789062
0.2836613655090332,0.28364300000000053,0.0,0.28364300000000053,0.19498062133789062
0.2721285820007324,0.2721090000000004,0.0,0.2721090000000004,0.19498062133789062
0.2702367305755615,0.2702080000000002,0.0,0.2702080000000002,0.19498062133789062
0.2937281131744385,0.2937080000000005,0.0,0.2937080000000005,0.19498062133789062
0.29205965995788574,0.2920400000000001,0.0,0.2920400000000001,0.19498062133789062
0.2942202091217041,0.29418900000000114,0.0,0.29418900000000114,0.19498062133789062
0.292952299118042,0.2929320000000004,0.0,0.2929320000000004,0.19498062133789062
0.30510759353637695,0.30506800000000034,0.0,0.30506800000000034,0.19498062133789062
0.2909696102142334,0.290934,0.0,0.290934,0.19498062133789062
0.29221248626708984,0.29219300000000104,0.0,0.29219300000000104,0.19498062133789062
0.27820873260498047,0.2781780000000005,0.0,0.2781780000000005,0.19498062133789062
0.27164244651794434,0.2716130000000003,0.0,0.2716130000000003,0.19498062133789062
0.2888009548187256,0.2887809999999984,0.0,0.2887809999999984,0.19498062133789062
0.285952091217041,0.285933,0.0,0.285933,0.19498062133789062
0.27759718894958496,0.27756899999999973,0.0,0.27756899999999973,0.19498062133789062
0.2912774085998535,0.2912580000000009,0.0,0.2912580000000009,0.19498062133789062
0.2856466770172119,0.28562699999999985,0.0,0.28562699999999985,0.19498062133789062
0.2962045669555664,0.2961840000000002,0.0,0.2961840000000002,0.19498062133789062
