walltime(s),cputime(s),systime(s),usertime(s),memory(GB)
673.7317380905151,673.701183,8.206835,665.4943480000001,10.477069854736328
678.0117530822754,677.987434,7.051786,670.935648,10.477912902832031
676.3961312770844,676.3732749999999,6.839790000000001,669.5334849999999,10.477912902832031
675.7742636203766,675.715064,7.17174,668.543324,10.477912902832031
675.2553422451019,675.2308859999999,7.083784000000001,668.1471019999999,10.477912902832031
