walltime(s),cputime(s),systime(s),usertime(s),memory(GB)
181.485769033432,181.479626,2.681626,178.798,2.52215576171875
181.64993572235107,181.64392199999998,2.4238899999999997,179.22003199999997,2.52215576171875
183.4173309803009,183.41123,2.6678630000000005,180.74336699999998,2.5224609375
177.9702308177948,177.96443099999996,2.6639360000000014,175.30049499999996,2.5224609375
182.47724413871765,182.4711059999999,2.5079079999999987,179.96319799999992,2.5224609375
184.4806945323944,184.474434,2.423908000000001,182.050526,2.5224609375
185.3280324935913,185.28363899999994,2.7318779999999983,182.55176099999994,2.5224609375
183.7585175037384,183.7524630000001,2.6879290000000005,181.0645340000001,2.5224609375
182.65610575675964,182.65008899999998,2.6838939999999987,179.96619499999997,2.5224609375
182.17922282218933,182.17326300000005,2.507935,179.66532800000004,2.5224609375
183.47846722602844,183.4722810000001,2.7398750000000014,180.73240600000008,2.5224609375
183.85126185417175,183.845127,2.5799009999999996,181.26522599999998,2.5224609375
187.26069974899292,187.25448600000018,2.711916999999996,184.54256900000019,2.5224609375
187.3936207294464,187.3873129999999,2.5279369999999943,184.85937599999988,2.5224609375
187.21912789344788,187.21288100000004,2.7518950000000046,184.46098600000005,2.5224609375
186.99277567863464,186.986267,2.7839129999999983,184.202354,2.5224609375
187.04170441627502,187.03566700000005,2.7078789999999984,184.32778800000006,2.5224609375
187.05763220787048,187.05127099999962,2.787928000000001,184.26334299999962,2.5224609375
187.1669955253601,187.16094700000002,2.7678959999999933,184.393051,2.5224609375
