walltime(s),cputime(s),systime(s),usertime(s),memory(GB)
218.316552400589,218.314104,2.676107,215.63799699999998,3.555347442626953
217.03321194648743,217.03072600000002,1.9081299999999999,215.12259600000002,3.555400848388672
217.06257390975952,217.05995899999994,2.019997,215.03996199999995,3.555400848388672
217.02077865600586,217.01814199999998,1.9159680000000012,215.102174,3.555400848388672
218.06177234649658,218.05885200000006,2.0120020000000007,216.04685000000006,3.555400848388672
218.6432502269745,218.64016400000014,2.011972,216.62819200000013,3.555400848388672
217.0188171863556,217.01617599999994,1.7800200000000004,215.23615599999994,3.555400848388672
217.09647941589355,217.09376800000007,1.8279910000000008,215.26577700000007,3.555400848388672
217.08420705795288,217.08145999999985,1.8319849999999995,215.24947499999985,3.555400848388672
217.0272445678711,217.0246090000001,1.9239730000000002,215.10063600000012,3.555400848388672
217.10821175575256,217.105457,1.755986,215.349471,3.555400848388672
217.02591753005981,217.0232880000002,1.9279590000000013,215.09532900000022,3.555400848388672
217.59144186973572,217.5307310000003,2.0199880000000014,215.51074300000028,3.555400848388672
217.65614414215088,217.65153300000003,1.9399599999999992,215.71157300000004,3.555400848388672
217.69998908042908,217.6950600000004,2.031953999999999,215.66310600000043,3.555400848388672
217.6001808643341,217.59532700000025,1.9479579999999963,215.64736900000025,3.555400848388672
