walltime(s),cputime(s),systime(s),usertime(s),memory(GB)
0.20611143112182617,0.20609800000000034,0.0,0.20609800000000034,0.19378662109375
0.20010948181152344,0.20009599999999939,0.0,0.20009599999999939,0.19378662109375
0.19261384010314941,0.19259899999999952,0.0,0.19259899999999952,0.19378662109375
0.1883242130279541,0.18830100000000005,0.0,0.18830100000000005,0.19378662109375
0.1886122226715088,0.18859799999999982,0.0,0.18859799999999982,0.19378662109375
0.18672609329223633,0.18671399999999938,0.0,0.18671399999999938,0.19378662109375
0.1882326602935791,0.1882199999999994,0.0,0.1882199999999994,0.19378662109375
0.18920421600341797,0.18918299999999988,0.0,0.18918299999999988,0.19378662109375
0.1945943832397461,0.19456400000000063,0.0,0.19456400000000063,0.19378662109375
0.19050097465515137,0.19048799999999932,0.0,0.19048799999999932,0.19378662109375
0.19106721878051758,0.191052,0.0,0.191052,0.19378662109375
0.18546795845031738,0.18544099999999997,0.0,0.18544099999999997,0.19378662109375
0.1897287368774414,0.18970300000000062,0.0,0.18970300000000062,0.19378662109375
0.18349289894104004,0.18347900000000017,0.0,0.18347900000000017,0.19378662109375
0.19533467292785645,0.19532099999999986,0.0,0.19532099999999986,0.19378662109375
0.18785476684570312,0.18782999999999994,0.0,0.18782999999999994,0.19378662109375
0.18380403518676758,0.18377800000000022,0.0,0.18377800000000022,0.19378662109375
0.19340062141418457,0.19338699999999953,0.0,0.19338699999999953,0.19378662109375
0.18815255165100098,0.18813799999999858,0.0,0.18813799999999858,0.19378662109375
0.18701672554016113,0.1870030000000007,0.0,0.1870030000000007,0.19378662109375
0.19277262687683105,0.19275800000000132,0.0,0.19275800000000132,0.19378662109375
0.18513131141662598,0.18511900000000026,0.0,0.18511900000000026,0.19378662109375
0.18417119979858398,0.18414499999999911,0.0,0.18414499999999911,0.19378662109375
0.1860942840576172,0.18608200000000075,0.0,0.18608200000000075,0.19378662109375
0.18565750122070312,0.18564399999999992,0.0,0.18564399999999992,0.19378662109375
0.18943285942077637,0.1894190000000009,0.0,0.1894190000000009,0.19378662109375
0.18497443199157715,0.1849609999999995,0.0,0.1849609999999995,0.19378662109375
0.18625164031982422,0.18623800000000124,0.0,0.18623800000000124,0.19378662109375
0.19022130966186523,0.19020699999999913,0.0,0.19020699999999913,0.19378662109375
0.18660473823547363,0.18656900000000043,0.0,0.18656900000000043,0.19378662109375
