walltime(s),cputime(s),systime(s),usertime(s),memory(GB)
387.4479925632477,387.421496,5.083702000000001,382.337794,5.858131408691406
384.44641613960266,384.40595199999996,3.627841,380.77811099999997,5.858615875244141
385.45229506492615,385.4138690000001,3.699743,381.7141260000001,5.858619689941406
387.1912114620209,387.19003900000007,3.564020000000001,383.62601900000004,5.858619689941406
388.93330216407776,388.91767,3.7360240000000005,385.181646,5.858619689941406
387.536988735199,387.51466800000003,3.8039440000000013,383.710724,5.858619689941406
389.6820366382599,389.6247859999998,3.651734000000001,385.9730519999998,5.858619689941406
394.81950974464417,394.76778400000006,3.683970000000002,391.0838140000001,5.858619689941406
385.77965211868286,385.77288099999987,3.775932000000001,381.99694899999986,5.858619689941406
