walltime(s),cputime(s),systime(s),usertime(s),memory(GB)
0.4412357807159424,0.44113700000000045,0.0024840000000000417,0.4386530000000004,0.199859619140625
0.34108853340148926,0.341075,0.0,0.341075,0.199859619140625
0.34041428565979004,0.34039100000000033,0.0,0.34039100000000033,0.199859619140625
0.3399996757507324,0.33998600000000057,0.0,0.33998600000000057,0.199859619140625
0.34349751472473145,0.3434840000000001,0.0,0.3434840000000001,0.199859619140625
0.3405730724334717,0.3405490000000002,0.0,0.3405490000000002,0.199859619140625
0.33844900131225586,0.3384360000000006,0.0,0.3384360000000006,0.199859619140625
0.34178829193115234,0.3417760000000003,0.0,0.3417760000000003,0.199859619140625
0.33908939361572266,0.3390759999999995,0.0,0.3390759999999995,0.199859619140625
0.33850622177124023,0.33848700000000065,0.0,0.33848700000000065,0.199859619140625
0.33830976486206055,0.33829699999999896,0.0,0.33829699999999896,0.199859619140625
0.3429427146911621,0.3429289999999998,0.0,0.3429289999999998,0.199859619140625
0.33998608589172363,0.33997299999999875,0.0,0.33997299999999875,0.199859619140625
0.33792567253112793,0.33791300000000035,0.0,0.33791300000000035,0.199859619140625
0.358964204788208,0.3589500000000001,0.0,0.3589500000000001,0.199859619140625
0.34153103828430176,0.3415179999999989,0.0,0.3415179999999989,0.199859619140625
0.37000322341918945,0.3699899999999996,0.0,0.3699899999999996,0.199859619140625
0.3409552574157715,0.34094299999999933,0.0,0.34094299999999933,0.199859619140625
0.34596920013427734,0.34595599999999926,0.0,0.34595599999999926,0.199859619140625
0.3380434513092041,0.3380309999999991,0.0,0.3380309999999991,0.199859619140625
0.3383505344390869,0.33832999999999913,0.0,0.33832999999999913,0.199859619140625
0.34277868270874023,0.342766000000001,0.0,0.342766000000001,0.199859619140625
0.3399176597595215,0.3399049999999999,0.0,0.3399049999999999,0.199859619140625
0.33836960792541504,0.33835700000000024,0.0,0.33835700000000024,0.199859619140625
0.3392786979675293,0.3392660000000003,0.0,0.3392660000000003,0.199859619140625
0.33767008781433105,0.33765599999999907,0.0,0.33765599999999907,0.199859619140625
0.33770227432250977,0.337689000000001,0.0,0.337689000000001,0.199859619140625
0.34667038917541504,0.34665699999999866,0.0,0.34665699999999866,0.199859619140625
0.3444385528564453,0.3444249999999993,0.0,0.3444249999999993,0.199859619140625
0.3435208797454834,0.34350900000000095,0.0,0.34350900000000095,0.199859619140625
