walltime(s),cputime(s),systime(s),usertime(s),memory(GB)
201.8922438621521,201.89388199999996,3.929264,197.96461799999997,3.4312515258789062
202.14878129959106,202.150945,3.287936,198.863009,3.4312515258789062
202.97627091407776,202.97814899999995,3.376002999999999,199.60214599999995,3.4312515258789062
202.92172861099243,202.92407400000002,3.1999700000000004,199.724104,3.4312515258789062
202.7611346244812,202.763405,3.416053,199.347352,3.4312515258789062
203.10042309761047,203.10230200000004,3.3680330000000005,199.73426900000004,3.4312515258789062
203.1593141555786,203.1611080000001,3.328023999999999,199.8330840000001,3.4312515258789062
204.48733830451965,204.48430599999986,3.2319979999999973,201.25230799999986,3.4312515258789062
203.30958461761475,203.31132699999986,3.259982000000001,200.05134499999986,3.4312515258789062
203.45548105239868,203.45690799999997,3.4920180000000016,199.96488999999997,3.4312515258789062
202.54196500778198,202.5435509999999,3.343989999999998,199.1995609999999,3.4312515258789062
203.21125745773315,203.21315599999974,3.3680850000000007,199.84507099999973,3.4312515258789062
203.50709199905396,203.5089759999999,3.428025000000005,200.0809509999999,3.4312515258789062
202.92828392982483,202.86496100000002,3.2878340000000037,199.57712700000002,3.4312515258789062
203.50314164161682,203.504909,3.2440110000000004,200.260898,3.4312515258789062
203.92995238304138,203.93154399999992,3.3279909999999973,200.60355299999992,3.4312515258789062
202.5479965209961,202.55025199999977,3.260035000000002,199.29021699999976,3.4312515258789062
