walltime(s),cputime(s),systime(s),usertime(s),memory(GB)
707.7482233047485,707.7361400000001,11.060870999999999,696.6752690000001,11.829002380371094
723.424026966095,723.41136,8.23177,715.17959,11.829002380371094
738.8708350658417,738.860189,8.167796000000003,730.692393,11.829002380371094
738.0299890041351,737.9181280000004,9.567720999999999,728.3504070000004,11.829002380371094
