walltime(s),cputime(s),systime(s),usertime(s),memory(GB)
1255.9670741558075,1255.89127,19.182494,1236.7087760000002,19.998241424560547
1269.3470051288605,1269.3078420000002,19.059362999999998,1250.248479,19.998241424560547
