walltime(s),cputime(s),systime(s),usertime(s),memory(GB)
0.5034065246582031,0.5033839999999997,0.003626999999999936,0.4997569999999998,0.198394775390625
0.4635636806488037,0.46352500000000063,0.0,0.46352500000000063,0.198638916015625
0.46202635765075684,0.46199999999999974,0.0,0.46199999999999974,0.198638916015625
0.46488332748413086,0.4648450000000004,0.0,0.4648450000000004,0.198638916015625
0.4654979705810547,0.4654720000000001,0.0,0.4654720000000001,0.198638916015625
0.46468544006347656,0.46464899999999965,0.0,0.46464899999999965,0.198638916015625
0.4562070369720459,0.4561609999999998,0.0,0.4561609999999998,0.198638916015625
0.44126105308532715,0.44122600000000034,0.0,0.44122600000000034,0.198638916015625
0.44214487075805664,0.44211899999999993,0.0,0.44211899999999993,0.198638916015625
0.4430835247039795,0.4429160000000003,0.0,0.4429160000000003,0.198638916015625
0.4427311420440674,0.44270699999999863,0.0,0.44270699999999863,0.198638916015625
0.4436061382293701,0.44358200000000103,0.0,0.44358200000000103,0.198638916015625
0.4510519504547119,0.4510280000000009,0.0,0.4510280000000009,0.198638916015625
0.4528162479400635,0.4527910000000013,0.0,0.4527910000000013,0.198638916015625
0.4408433437347412,0.4408190000000012,0.0,0.4408190000000012,0.198638916015625
0.43947863578796387,0.43945400000000134,0.0,0.43945400000000134,0.198638916015625
0.43919897079467773,0.4391739999999995,0.0,0.4391739999999995,0.198638916015625
0.45043110847473145,0.4504059999999992,0.0,0.4504059999999992,0.198638916015625
0.4397604465484619,0.4397359999999999,0.0,0.4397359999999999,0.198638916015625
0.4430990219116211,0.4430739999999993,0.0,0.4430739999999993,0.198638916015625
0.44344663619995117,0.443422,0.0,0.443422,0.198638916015625
0.44838881492614746,0.44835199999999986,0.0,0.44835199999999986,0.198638916015625
0.4391806125640869,0.4391480000000012,0.0,0.4391480000000012,0.198638916015625
0.44449543952941895,0.4444630000000007,0.0,0.4444630000000007,0.198638916015625
0.44226789474487305,0.4422360000000012,0.0,0.4422360000000012,0.198638916015625
0.4425480365753174,0.44252300000000133,0.0,0.44252300000000133,0.198638916015625
0.4419560432434082,0.4419249999999977,0.0,0.4419249999999977,0.198638916015625
0.4450817108154297,0.445056000000001,0.0,0.445056000000001,0.198638916015625
0.439314603805542,0.43928999999999974,0.0,0.43928999999999974,0.198638916015625
0.4472367763519287,0.44721099999999936,0.0,0.44721099999999936,0.198638916015625
