walltime(s),cputime(s),systime(s),usertime(s),memory(GB)
1555.737315416336,1555.7168,30.072363,1525.644437,21.830474853515625
1544.6644167900085,1544.583047,27.571787,1517.01126,21.830474853515625
