walltime(s),cputime(s),systime(s),usertime(s),memory(GB)
429.4321184158325,429.405911,6.55058,422.855331,6.271308898925781
429.08342242240906,429.058791,5.083404000000001,423.975387,6.271934509277344
432.3321807384491,432.31672399999985,5.267728,427.0489959999999,6.271938323974609
431.83359384536743,431.820282,5.043766999999999,426.776515,6.271938323974609
432.0579743385315,432.04591000000033,4.9358059999999995,427.1101040000003,6.271938323974609
432.7078764438629,432.678395,4.731620999999997,427.946774,6.271938323974609
430.3290650844574,430.31892600000003,4.819873000000001,425.499053,6.271938323974609
430.3425507545471,430.3284949999997,4.855844999999995,425.4726499999997,6.271938323974609
