walltime(s),cputime(s),systime(s),usertime(s),memory(GB)
637.791698217392,637.773698,9.804093,627.969605,9.966758728027344
636.599701166153,636.58731,8.359592999999998,628.227717,9.967815399169922
639.2267465591431,639.2225490000002,8.775877999999999,630.4466710000002,9.967815399169922
638.337735414505,638.3354750000001,8.50396,629.8315150000001,9.967815399169922
637.1589226722717,637.157337,8.339937999999997,628.817399,9.967815399169922
