walltime(s),cputime(s),systime(s),usertime(s),memory(GB)
154.38650798797607,154.38238299999998,2.120017,152.262366,2.590545654296875
152.06977581977844,152.065784,1.647844,150.41794000000002,2.5906143188476562
151.9424273967743,151.93809100000004,1.4518659999999999,150.48622500000005,2.5906143188476562
148.33060598373413,148.32800200000005,1.4799299999999995,146.84807200000006,2.590618133544922
147.613618850708,147.61068399999994,1.3719650000000003,146.23871899999995,2.590618133544922
148.3239724636078,148.32143900000003,1.3799419999999998,146.94149700000003,2.590618133544922
151.80308961868286,151.80047100000002,2.1759769999999996,149.62449400000003,2.5907821655273438
158.91201615333557,158.90978800000016,3.063981,155.84580700000015,2.5907821655273438
156.75714349746704,156.7548709999999,1.6719810000000006,155.0828899999999,2.5907821655273438
156.47673392295837,156.47425999999993,1.6999570000000013,154.77430299999992,2.5907821655273438
156.0436611175537,156.04152500000006,1.6479539999999986,154.39357100000007,2.5907821655273438
156.79900431632996,156.79683799999987,1.6719599999999986,155.12487799999985,2.5907821655273438
156.78728008270264,156.78510899999992,1.7159639999999996,155.06914499999993,2.5907821655273438
156.6257734298706,156.623583,1.6719449999999973,154.951638,2.5907821655273438
157.10521531105042,157.07228799999996,1.7399089999999973,155.33237899999995,2.5907821655273438
156.76515650749207,156.76291799999973,1.6719399999999993,155.09097799999972,2.5907821655273438
157.36051440238953,157.35781999999978,1.6639750000000006,155.69384499999978,2.5907821655273438
156.4470272064209,156.44444100000013,1.5559340000000006,154.88850700000012,2.5907821655273438
156.70639896392822,156.70375700000017,1.6999510000000022,155.00380600000017,2.5907821655273438
156.07593655586243,156.07323400000007,1.675969000000002,154.39726500000006,2.5907821655273438
156.53712105751038,156.53440900000035,1.659951999999997,154.87445700000035,2.5907821655273438
156.83267450332642,156.8299929999998,1.671953000000002,155.1580399999998,2.5907821655273438
156.9671275615692,156.9634890000003,1.715949000000002,155.2475400000003,2.5907821655273438
