walltime(s),cputime(s),systime(s),usertime(s),memory(GB)
0.19544267654418945,0.19542699999999957,0.0,0.19542699999999957,0.19583511352539062
0.191497802734375,0.19148799999999966,0.0,0.19148799999999966,0.196075439453125
0.19468212127685547,0.194674,0.0,0.194674,0.196075439453125
0.19139790534973145,0.19138700000000064,0.0,0.19138700000000064,0.196075439453125
0.19125056266784668,0.1912320000000003,0.0,0.1912320000000003,0.196075439453125
0.1942005157470703,0.194191,0.0,0.194191,0.196075439453125
0.19133305549621582,0.1913229999999997,0.0,0.1913229999999997,0.196075439453125
0.1987302303314209,0.19872099999999993,0.0,0.19872099999999993,0.196075439453125
0.1913137435913086,0.19128900000000026,0.0,0.19128900000000026,0.196075439453125
0.19201421737670898,0.19200699999999937,0.0,0.19200699999999937,0.196075439453125
0.19191884994506836,0.19190899999999989,0.0,0.19190899999999989,0.196075439453125
0.19277262687683105,0.19276400000000038,0.0,0.19276400000000038,0.196075439453125
0.19276213645935059,0.19275299999999973,0.0,0.19275299999999973,0.196075439453125
0.19091224670410156,0.1909029999999996,0.0,0.1909029999999996,0.196075439453125
0.1961815357208252,0.1961599999999999,0.0,0.1961599999999999,0.196075439453125
0.195540189743042,0.1955290000000005,0.0,0.1955290000000005,0.196075439453125
0.19348740577697754,0.19347899999999996,0.0,0.19347899999999996,0.196075439453125
0.1913604736328125,0.19135099999999916,0.0,0.19135099999999916,0.196075439453125
0.19162654876708984,0.1916159999999998,0.0,0.1916159999999998,0.196075439453125
0.2028183937072754,0.20280899999999846,0.0,0.20280899999999846,0.196075439453125
0.1912853717803955,0.19127699999999948,0.0,0.19127699999999948,0.196075439453125
0.19124150276184082,0.19122199999999978,0.0,0.19122199999999978,0.196075439453125
0.19342875480651855,0.19341900000000045,0.0,0.19341900000000045,0.196075439453125
0.19499707221984863,0.19498700000000113,0.0,0.19498700000000113,0.196075439453125
0.1923668384552002,0.1923579999999987,0.0,0.1923579999999987,0.196075439453125
0.1913602352142334,0.19134200000000057,0.0,0.19134200000000057,0.196075439453125
0.19150662422180176,0.19149799999999928,0.0,0.19149799999999928,0.196075439453125
0.19147896766662598,0.19146899999999967,0.0,0.19146899999999967,0.196075439453125
0.19514775276184082,0.19513899999999929,0.0,0.19513899999999929,0.196075439453125
0.19224047660827637,0.19222000000000072,0.0,0.19222000000000072,0.196075439453125
