walltime(s),cputime(s),systime(s),usertime(s),memory(GB)
0.18355894088745117,0.1835469999999999,0.0,0.1835469999999999,0.1949462890625
0.1794126033782959,0.1793990000000001,0.0,0.1793990000000001,0.1949462890625
0.17048382759094238,0.17047200000000018,0.0,0.17047200000000018,0.1949462890625
0.17001914978027344,0.17000700000000002,0.0,0.17000700000000002,0.1949462890625
0.16995930671691895,0.16992700000000038,0.0,0.16992700000000038,0.1949462890625
0.17187762260437012,0.1718649999999995,0.0,0.1718649999999995,0.1949462890625
0.17012667655944824,0.17011600000000016,0.0,0.17011600000000016,0.1949462890625
0.16971445083618164,0.16970200000000002,0.0,0.16970200000000002,0.1949462890625
0.1698133945465088,0.16980099999999965,0.0,0.16980099999999965,0.1949462890625
0.1696619987487793,0.16964999999999986,0.0,0.16964999999999986,0.1949462890625
0.16976547241210938,0.1697519999999999,0.0,0.1697519999999999,0.1949462890625
0.1710972785949707,0.17107099999999953,0.0,0.17107099999999953,0.1949462890625
0.1696033477783203,0.16959000000000035,0.0,0.16959000000000035,0.1949462890625
0.17186546325683594,0.1718409999999997,0.0,0.1718409999999997,0.1949462890625
0.16976594924926758,0.16975300000000004,0.0,0.16975300000000004,0.1949462890625
0.16979765892028809,0.1697849999999992,0.0,0.1697849999999992,0.1949462890625
0.16971230506896973,0.16968899999999998,0.0,0.16968899999999998,0.1949462890625
0.16963839530944824,0.1696270000000002,0.0,0.1696270000000002,0.1949462890625
0.169816255569458,0.16980399999999918,0.0,0.16980399999999918,0.1949462890625
0.1700117588043213,0.17000099999999918,0.0,0.17000099999999918,0.1949462890625
0.16937017440795898,0.169357999999999,0.0,0.169357999999999,0.1949462890625
0.16980195045471191,0.16979000000000077,0.0,0.16979000000000077,0.1949462890625
0.16974520683288574,0.16973299999999902,0.0,0.16973299999999902,0.1949462890625
0.16996359825134277,0.1699509999999993,0.0,0.1699509999999993,0.1949462890625
0.17003679275512695,0.17002499999999898,0.0,0.17002499999999898,0.1949462890625
0.16990900039672852,0.16989700000000063,0.0,0.16989700000000063,0.1949462890625
0.17034459114074707,0.17033200000000015,0.0,0.17033200000000015,0.1949462890625
0.1699974536895752,0.1699850000000005,0.0,0.1699850000000005,0.1949462890625
0.16997051239013672,0.16995899999999864,0.0,0.16995899999999864,0.1949462890625
0.16985464096069336,0.1698430000000002,0.0,0.1698430000000002,0.1949462890625
