walltime(s),cputime(s),systime(s),usertime(s),memory(GB)
549.4252555370331,549.414393,8.997624,540.416769,8.24118423461914
548.2250018119812,548.2151630000001,7.959683999999999,540.255479,8.246528625488281
549.0026218891144,548.993768,8.051794000000001,540.9419740000001,8.246528625488281
547.532143831253,547.523307,8.163846,539.359461,8.246746063232422
557.6682503223419,557.6590360000002,8.403849000000001,549.2551870000002,8.246749877929688
559.5311839580536,559.523224,8.423863000000004,551.099361,8.246749877929688
