walltime(s),cputime(s),systime(s),usertime(s),memory(GB)
179.90372467041016,179.899998,3.034803,176.865195,3.232654571533203
181.3017680644989,181.29894300000004,2.53174,178.76720300000002,3.2491188049316406
181.66336512565613,181.66071400000004,2.587898,179.07281600000005,3.257781982421875
181.79691362380981,181.79392199999995,2.5679060000000007,179.22601599999996,3.257781982421875
183.69414162635803,183.6913069999999,2.5279100000000003,181.16339699999992,3.257781982421875
181.77574038505554,181.77321300000006,2.495946,179.27726700000005,3.257781982421875
182.14330577850342,182.14027499999992,2.615931,179.52434399999993,3.257781982421875
181.36935210227966,181.36671399999994,2.463915,178.90279899999996,3.257781982421875
181.34597206115723,181.34370099999998,2.419930000000001,178.923771,3.257781982421875
181.20673036575317,181.20403299999987,2.3239350000000023,178.88009799999986,3.257781982421875
181.37115335464478,181.36868100000007,2.3719470000000022,178.99673400000006,3.257781982421875
182.51127672195435,182.5085430000002,2.3999210000000026,180.1086220000002,3.257781982421875
183.04512429237366,183.04243799999975,2.4559759999999997,180.58646199999976,3.257781982421875
181.63237690925598,181.629479,1.4039280000000005,180.225551,3.257781982421875
180.1264283657074,180.12347300000002,1.263926000000005,178.85954700000002,3.257781982421875
181.02103662490845,181.018686,1.3679729999999992,179.650713,3.257781982421875
179.9824903011322,179.9797859999997,1.279918000000002,178.6998679999997,3.257781982421875
179.5468909740448,179.54420600000017,1.3239469999999969,178.22025900000017,3.257781982421875
180.20684218406677,180.20450000000034,1.2959519999999998,178.90854800000034,3.257781982421875
