walltime(s),cputime(s),systime(s),usertime(s),memory(GB)
2187.0829133987427,2316.531878,686.860933,1629.6709449999998,3.821735382080078
