walltime(s),cputime(s),systime(s),usertime(s),memory(GB)
158.90874075889587,168.670317,47.762505,120.907812,0.3589935302734375
159.6898009777069,169.377977,47.147907,122.23007,0.3589935302734375
155.14575147628784,165.277892,46.071760999999995,119.20613100000003,0.3589935302734375
154.33506226539612,164.76330099999998,44.299768,120.46353299999998,0.3589935302734375
150.17838835716248,160.37464100000005,44.801468,115.57317300000005,0.3589935302734375
147.4694414138794,157.84597399999998,43.487363999999985,114.35861,0.3589935302734375
147.294499874115,157.49903299999994,43.83605,113.66298299999994,0.3589935302734375
147.4802691936493,157.551891,43.62182200000001,113.930069,0.3589935302734375
147.1922483444214,157.23228300000005,43.12445300000002,114.10783000000004,0.3589935302734375
151.5870897769928,162.20651999999995,44.33582200000001,117.87069799999995,0.3589935302734375
152.49611353874207,162.8275999999999,44.821038999999985,118.00656099999992,0.3589935302734375
152.4794499874115,162.84510399999994,44.747604999999965,118.09749899999997,0.3589935302734375
152.63434529304504,163.32081199999993,44.56414700000005,118.75666499999988,0.3589935302734375
154.6982262134552,164.8747400000001,45.83765800000003,119.03708200000005,0.3589935302734375
147.25814080238342,157.65149799999972,43.28586999999993,114.36562799999979,0.3589935302734375
144.51851773262024,155.0309189999998,41.37084099999993,113.66007799999988,0.3589935302734375
143.5149486064911,153.94404800000018,41.41148800000008,112.5325600000001,0.3589935302734375
147.38070249557495,157.97521599999993,42.22603300000003,115.7491829999999,0.3589935302734375
148.89042472839355,159.5063399999999,42.47048300000006,117.03585699999985,0.3589935302734375
148.7295436859131,159.33152000000007,42.23789599999998,117.09362400000009,0.3589935302734375
147.53394484519958,158.30264399999976,42.72608600000001,115.57655799999975,0.3589935302734375
143.13699674606323,153.67761499999983,40.93604600000003,112.7415689999998,0.3589935302734375
142.97525930404663,153.53667099999984,41.583834000000024,111.95283699999982,0.3589935302734375
147.39194536209106,158.01085300000034,41.674114999999915,116.33673800000042,0.3589935302734375
