walltime(s),cputime(s),systime(s),usertime(s),memory(GB)
554.7349572181702,601.975236,175.138527,426.83670900000004,0.9936599731445312
557.8087038993835,605.493279,174.72749199999998,430.765787,1.0032882690429688
557.9858343601227,605.4219830000001,173.913047,431.50893600000006,1.0032882690429688
559.4422807693481,606.851361,175.74434700000006,431.10701399999994,1.0032882690429688
560.1327495574951,607.4873900000002,176.204931,431.28245900000024,1.0032882690429688
558.8360764980316,606.1834600000001,174.065289,432.1181710000001,1.0032882690429688
