walltime(s),cputime(s),systime(s),usertime(s),memory(GB)
420.8497226238251,461.493943,123.893829,337.600114,0.5200271606445312
420.6428384780884,460.94337600000006,120.12823300000001,340.81514300000003,0.5200271606445312
419.4223327636719,459.52781100000004,121.31074600000002,338.21706500000005,0.5200271606445312
424.0665318965912,464.6720510000001,121.73089900000002,342.9411520000001,0.5200271606445312
424.21676087379456,464.8683770000001,121.843706,343.0246710000001,0.5200271606445312
4039.881442785263,465.1970349999999,123.00438899999995,342.19264599999997,0.5200271606445312
423.8206150531769,464.498879,123.50281199999995,340.99606700000004,0.5200271606445312
420.59961557388306,460.83774500000015,121.745002,339.09274300000016,0.5200271606445312
