walltime(s),cputime(s),systime(s),usertime(s),memory(GB)
173.401038646698,192.767835,12.105789999999999,180.662045,0.7331466674804688
175.64894270896912,195.41267900000003,12.336073,183.07660600000003,0.7535362243652344
175.62755370140076,195.36975000000004,11.842949999999998,183.52680000000004,0.7535362243652344
176.6498577594757,196.26104999999998,12.202193000000001,184.058857,0.7535362243652344
173.94039630889893,192.53759999999997,11.842748999999998,180.69485099999997,0.7535362243652344
175.11749362945557,194.82321899999994,11.896315000000001,182.92690399999992,0.7535362243652344
175.39576840400696,195.34554799999995,12.09646500000001,183.24908299999993,0.7535362243652344
174.81034231185913,194.39028999999994,11.917999999999992,182.47228999999993,0.7535362243652344
174.8296720981598,194.2639490000002,11.982277999999994,182.2816710000002,0.7535362243652344
174.08367347717285,192.98659899999996,11.739377000000005,181.24722199999997,0.7535362243652344
174.73297238349915,194.4514289999999,12.256691000000004,182.19473799999992,0.7535362243652344
174.68756127357483,194.3828729999999,12.256972000000019,182.12590099999989,0.7535362243652344
174.86108016967773,194.62617400000022,12.319572999999991,182.30660100000023,0.7535362243652344
175.7917604446411,196.52709000000002,12.018543999999991,184.50854600000002,0.7535362243652344
175.1217761039734,195.2180850000002,12.179127999999992,183.0389570000002,0.7535362243652344
174.31407070159912,193.32876200000015,11.810403000000008,181.51835900000015,0.7535362243652344
174.4955551624298,193.7034510000001,12.119860000000017,181.58359100000007,0.7535362243652344
174.75543665885925,194.2282039999997,12.052201999999994,182.1760019999997,0.7535362243652344
173.71561312675476,192.14263800000037,11.839023999999995,180.30361400000038,0.7535362243652344
175.00974941253662,194.72202699999985,12.178559000000007,182.54346799999985,0.7535362243652344
