walltime(s),cputime(s),systime(s),usertime(s),memory(GB)
197876.1538462639,1134.487822,304.510113,829.977709,0.9946823120117188
1127.1327230930328,1234.395278,343.36520299999995,891.0300750000001,1.0005569458007812
1099.783224105835,1205.158926,329.831191,875.3277350000001,1.0013160705566406
