walltime(s),cputime(s),systime(s),usertime(s),memory(GB)
609.0410797595978,649.521308,196.772935,452.74837299999996,0.9379730224609375
603.3253557682037,643.5076160000001,191.800541,451.70707500000003,0.9379730224609375
603.7093415260315,643.9282949999999,191.89408999999995,452.03420500000004,0.9379730224609375
598.6101722717285,638.650711,191.06864599999994,447.58206500000006,0.9379730224609375
594.5281798839569,634.729973,188.52042600000004,446.20954699999993,0.9379730224609375
575.4760811328888,617.1062589999999,180.63784899999996,436.46840999999995,0.9379730224609375
