walltime(s),cputime(s),systime(s),usertime(s),memory(GB)
199.47366857528687,218.927694,58.884434,160.04326,0.3471221923828125
201.24472403526306,220.651654,59.73823800000001,160.913416,0.3471565246582031
200.6105935573578,219.85061800000003,58.06896800000001,161.78165,0.3471565246582031
201.09919667243958,220.53062200000005,59.27629000000002,161.25433200000003,0.3471565246582031
201.27018022537231,220.69862499999996,59.58387400000001,161.11475099999996,0.3471565246582031
201.03298473358154,220.384798,59.059369000000004,161.32542899999999,0.3471565246582031
196.3692102432251,215.210353,57.29801100000003,157.91234199999997,0.3471565246582031
201.07208919525146,220.4736569999999,59.41354899999999,161.0601079999999,0.3471565246582031
201.50553393363953,220.9929380000001,59.047348000000056,161.94559000000004,0.3471565246582031
201.09497332572937,220.59728700000016,58.70808199999999,161.88920500000017,0.3471565246582031
201.48503470420837,220.8548820000002,59.47896800000001,161.3759140000002,0.3471565246582031
201.14593958854675,220.590422,59.347162000000026,161.24325999999996,0.3471565246582031
3816.767594575882,220.87033799999983,58.874731,161.99560699999984,0.3471565246582031
200.75752115249634,220.1479009999997,58.84815100000003,161.29974999999968,0.3471565246582031
201.3861527442932,220.83047499999986,59.04865600000005,161.7818189999998,0.3471565246582031
201.22396445274353,220.67976399999998,58.824298,161.85546599999998,0.3471565246582031
200.43591213226318,219.62107100000026,58.944299,160.67677200000026,0.3471565246582031
201.2790243625641,220.72975400000007,58.79978300000005,161.92997100000002,0.3471565246582031
