walltime(s),cputime(s),systime(s),usertime(s),memory(GB)
134.46815180778503,140.975964,42.230292,98.745672,0.3456573486328125
138.750150680542,145.657785,42.631161999999996,103.02662299999999,0.3503570556640625
139.9344084262848,147.14009299999998,42.627353,104.51273999999998,0.3506050109863281
139.54486274719238,146.60603600000005,42.95540300000002,103.65063300000003,0.3506278991699219
139.61829090118408,147.600374,42.17642699999999,105.423947,0.3506278991699219
138.59739184379578,146.14332500000006,42.16564199999999,103.97768300000007,0.35063934326171875
136.40176224708557,143.86257799999998,41.09109799999999,102.77148,0.3510246276855469
131.84564423561096,139.680223,39.80062700000002,99.87959599999999,0.353179931640625
131.69071865081787,139.496128,39.11504600000001,100.38108199999999,0.3531990051269531
130.6626513004303,137.76395499999995,39.522132,98.24182299999995,0.3532981872558594
129.47297477722168,136.8363730000001,38.73356899999999,98.1028040000001,0.3533134460449219
130.57946753501892,138.7373340000001,39.657482000000016,99.07985200000007,0.3533668518066406
130.372793674469,138.58302800000013,39.26150300000006,99.32152500000007,0.35340118408203125
130.3628008365631,138.47043699999983,39.59830199999999,98.87213499999984,0.3534088134765625
129.36837768554688,137.1956899999999,39.20873199999994,97.98695799999996,0.3534088134765625
128.71883916854858,136.86774700000024,39.011126000000104,97.85662100000013,0.3534088134765625
128.33552742004395,136.10233200000005,39.15694199999996,96.94539000000009,0.3534088134765625
129.46883082389832,137.43293700000004,39.09556199999997,98.33737500000007,0.3534088134765625
129.21454215049744,136.7849930000001,38.947467000000074,97.83752600000003,0.3534088134765625
130.36253929138184,137.98841100000004,39.58229600000004,98.406115,0.3534088134765625
130.71978759765625,139.11419499999977,38.91547099999991,100.19872399999986,0.3534088134765625
130.37562346458435,137.84357400000022,39.01669900000002,98.8268750000002,0.3534088134765625
129.72781801223755,137.99298899999985,40.024241000000075,97.96874799999978,0.3534088134765625
130.50570964813232,138.31478900000013,39.797631000000024,98.51715800000011,0.3534088134765625
131.997731924057,139.74777699999993,39.523947999999905,100.22382900000002,0.3534088134765625
130.64323210716248,138.3634380000001,39.51029300000005,98.85314500000004,0.3534088134765625
130.9687225818634,138.58904699999994,39.9583090000001,98.63073799999984,0.3534088134765625
