walltime(s),cputime(s),systime(s),usertime(s),memory(GB)
251.0536015033722,273.883635,74.707261,199.176374,0.3452873229980469
254.78067779541016,277.736176,75.20299700000001,202.533179,0.34577178955078125
257.8919153213501,281.14113599999996,74.222963,206.91817299999997,0.34577178955078125
257.5366060733795,280.66036800000006,73.450772,207.20959600000003,0.34577178955078125
257.37275195121765,280.590456,74.980504,205.60995200000002,0.34577178955078125
257.7553234100342,280.970643,74.84208799999999,206.128555,0.34577178955078125
257.73084592819214,280.95928099999986,75.229446,205.72983499999987,0.34577178955078125
257.444876909256,280.63380399999994,73.76338799999996,206.87041599999998,0.34577178955078125
257.62797570228577,280.866937,74.07436000000007,206.79257699999994,0.34577178955078125
257.61461067199707,280.87285599999996,73.82946500000003,207.04339099999993,0.34577178955078125
257.43143939971924,280.6576449999998,74.8272179999999,205.83042699999987,0.34577178955078125
257.8868429660797,281.1321089999998,74.49160799999993,206.64050099999986,0.34577178955078125
257.5589964389801,280.78861499999994,74.93928099999994,205.849334,0.34577178955078125
257.51432943344116,280.7347790000001,75.70141399999989,205.03336500000023,0.34577178955078125
