walltime(s),cputime(s),systime(s),usertime(s),memory(GB)
277.93099212646484,304.924997,92.728201,212.196796,0.3453369140625
281.9433946609497,308.934482,94.903599,214.030883,0.3456153869628906
281.7095775604248,308.71376799999996,94.17708099999999,214.53668699999997,0.3456153869628906
278.1260163784027,304.59199700000005,93.12497100000002,211.46702600000003,0.345977783203125
282.1069293022156,309.1236390000001,94.65610499999997,214.46753400000011,0.345977783203125
281.7816195487976,308.73632599999996,94.85249399999998,213.88383199999998,0.345977783203125
281.87150979042053,308.84506,95.10017099999993,213.74488900000006,0.34600830078125
281.9467840194702,308.86385700000017,95.05325800000003,213.81059900000014,0.34600830078125
281.90486216545105,308.89298799999995,95.41147899999999,213.48150899999996,0.34618377685546875
278.43124055862427,305.1822209999999,94.475548,210.7066729999999,0.34618377685546875
281.75965309143066,308.79513999999995,93.66901399999983,215.1261260000001,0.34618377685546875
282.2891402244568,309.2805209999999,95.59239400000001,213.6881269999999,0.34618377685546875
