walltime(s),cputime(s),systime(s),usertime(s),memory(GB)
2900.228549718857,3099.657389,894.6249690000001,2205.03242,3.5830955505371094
