walltime(s),cputime(s),systime(s),usertime(s),memory(GB)
240.72405624389648,258.436243,69.652978,188.783265,0.4833717346191406
248.45773148536682,266.752293,71.604637,195.147656,0.48343658447265625
250.55623269081116,268.96489800000006,72.21707699999999,196.74782100000004,0.483489990234375
251.22760605812073,269.65947900000003,71.58122400000002,198.078255,0.483489990234375
250.90666484832764,269.358616,71.55029400000001,197.80832199999998,0.48476409912109375
250.979416847229,269.3700120000001,71.41976699999998,197.9502450000001,0.48476409912109375
250.48777055740356,268.8828830000001,71.19072700000004,197.69215600000007,0.48476409912109375
251.23282408714294,269.928775,71.44046900000001,198.48830599999997,0.4885139465332031
249.82082152366638,268.593974,71.662146,196.931828,0.4887351989746094
251.2124297618866,269.76834900000017,71.3616770000001,198.40667200000007,0.4887351989746094
251.18509101867676,269.70336699999984,71.63781799999992,198.06554899999992,0.4887351989746094
244.256933927536,262.33455700000013,68.89762500000006,193.43693200000007,0.4887351989746094
229.36980152130127,246.58413600000017,65.50807499999996,181.0760610000002,0.4887351989746094
229.21384811401367,246.39951599999995,65.59117500000002,180.80834099999993,0.4887351989746094
