walltime(s),cputime(s),systime(s),usertime(s),memory(GB)
271.9813988208771,287.597169,83.890202,203.70696700000002,0.4448089599609375
252.39785432815552,269.41961000000003,76.78336900000001,192.636241,0.4448089599609375
245.94464206695557,263.2787000000001,73.759465,189.51923500000004,0.4448089599609375
244.20627999305725,261.6045,72.95607899999999,188.64842099999998,0.4448089599609375
255.18280267715454,273.051585,75.88998299999997,197.16160200000002,0.4448089599609375
255.8982434272766,273.38726299999996,77.23904200000004,196.14822099999992,0.4448089599609375
256.5357780456543,273.639207,78.27135000000004,195.36785699999996,0.4448089599609375
255.93155717849731,273.2035669999999,77.41076899999996,195.79279799999995,0.4448089599609375
257.581574678421,274.38196700000003,78.599512,195.78245500000003,0.4448089599609375
257.3532917499542,273.62465999999995,79.58483000000001,194.03982999999994,0.4448089599609375
258.5595486164093,274.896655,79.258061,195.638594,0.4448089599609375
258.7006814479828,275.12072199999966,79.64682300000004,195.47389899999962,0.4448089599609375
259.172874212265,275.8037969999998,79.59956299999999,196.20423399999981,0.4448089599609375
258.8723375797272,276.1259100000002,78.63565900000003,197.49025100000017,0.4448089599609375
