walltime(s),cputime(s),systime(s),usertime(s),memory(GB)
1380.8693516254425,1514.9594200000001,446.624328,1068.335092,1.0316276550292969
1392.6586027145386,1526.3019719999998,443.99788199999995,1082.3040899999999,1.0374679565429688
