walltime(s),cputime(s),systime(s),usertime(s),memory(GB)
323.0509719848633,340.126491,105.357702,234.768789,0.5699958801269531
323.4409339427948,340.62142600000004,105.268104,235.35332200000002,0.5763626098632812
304.09539222717285,321.424521,98.78021400000003,222.64430699999997,0.5765571594238281
300.4644031524658,318.499574,96.24471,222.254864,0.5765571594238281
297.781706571579,315.887924,96.14903600000002,219.73888799999997,0.5765571594238281
294.3056786060333,312.3172949999999,95.44672399999996,216.87057099999993,0.5765571594238281
294.764297246933,313.27713499999993,94.97569800000008,218.30143699999985,0.5765571594238281
294.30528140068054,312.81148199999984,95.80611999999996,217.00536199999988,0.5765571594238281
297.26809549331665,315.2249770000002,96.54861300000005,218.67636400000015,0.5765571594238281
301.38186621665955,319.99334899999997,96.826596,223.16675299999997,0.5765571594238281
300.3356862068176,318.437601,97.71136400000012,220.72623699999986,0.5765571594238281
