walltime(s),cputime(s),systime(s),usertime(s),memory(GB)
197.05835223197937,215.285686,55.638258,159.647428,0.337860107421875
197.8800904750824,216.096967,55.496728000000004,160.60023900000002,0.3381919860839844
194.49075198173523,212.43116100000003,54.95350499999999,157.47765600000002,0.3381919860839844
198.11513590812683,216.42176700000007,54.573812000000004,161.84795500000007,0.3381919860839844
197.96034121513367,216.24688200000003,56.094655999999986,160.15222600000004,0.3381919860839844
195.0911374092102,212.97779599999996,54.89645200000001,158.08134399999994,0.3381919860839844
197.29751753807068,215.45984500000003,56.014954000000046,159.44489099999998,0.3381919860839844
197.88689661026,216.14143200000007,55.025285999999994,161.11614600000007,0.3381919860839844
194.73387122154236,212.67825399999998,54.58585399999998,158.0924,0.3381919860839844
197.92977643013,216.11648399999996,55.44500799999997,160.67147599999998,0.3381919860839844
197.873779296875,216.09341700000004,55.69702600000005,160.396391,0.3381919860839844
198.12241411209106,216.3407850000001,55.668838999999934,160.67194600000016,0.3381919860839844
197.83038902282715,216.11228999999992,55.50924399999997,160.60304599999995,0.3381919860839844
198.44705486297607,216.78467399999988,55.929809999999975,160.8548639999999,0.3381919860839844
198.19200491905212,216.47176300000035,56.10900600000002,160.36275700000033,0.3381919860839844
198.04718661308289,216.35949800000003,55.834869000000026,160.524629,0.3381919860839844
194.75953030586243,212.6943530000001,54.734110999999984,157.9602420000001,0.3381919860839844
198.1965982913971,216.46145900000022,56.176814000000036,160.28464500000018,0.3381919860839844
