walltime(s),cputime(s),systime(s),usertime(s),memory(GB)
976.2080771923065,1074.0605460000002,295.192671,778.867875,0.9665794372558594
983.2996265888214,1082.129969,295.52551500000004,786.604454,0.9665794372558594
983.2951214313507,1082.051257,294.45922099999996,787.592036,0.9665794372558594
