walltime(s),cputime(s),systime(s),usertime(s),memory(GB)
314.7712953090668,337.611681,95.149011,242.46267,0.57720947265625
320.3428146839142,343.321601,94.31015099999999,249.01145,0.57720947265625
333.92629504203796,354.0635220000001,101.15763700000002,252.90588500000007,0.57720947265625
338.2145414352417,358.0276590000001,103.25176399999998,254.7758950000001,0.57720947265625
333.2734167575836,354.2335299999999,100.48978100000005,253.74374899999987,0.57720947265625
324.73574233055115,346.2614789999999,98.50951199999997,247.75196699999992,0.57720947265625
324.336532831192,346.10629200000017,97.850641,248.25565100000017,0.57720947265625
316.7554430961609,339.0424760000002,95.26852300000007,243.77395300000012,0.57720947265625
309.106751203537,331.5343059999999,92.27963899999997,239.25466699999993,0.57720947265625
302.1726326942444,324.51282100000003,91.70265700000004,232.810164,0.57720947265625
299.77222537994385,322.47715299999993,91.5918969999999,230.88525600000003,0.57720947265625
