walltime(s),cputime(s),systime(s),usertime(s),memory(GB)
713.758350610733,760.0144359999999,214.657537,545.356899,0.9216766357421875
727.7405757904053,773.4272080000001,213.19324699999999,560.2339610000001,0.9231376647949219
726.793041229248,773.833793,214.85384600000003,558.979947,0.9231376647949219
703.155237197876,751.3036809999999,206.26014600000008,545.0435349999998,0.9231376647949219
699.3230736255646,749.0741820000001,203.86205700000005,545.212125,0.9231376647949219
