walltime(s),cputime(s),systime(s),usertime(s),memory(GB)
2015.8901023864746,2132.455446,653.351938,1479.103508,2.8467178344726562
