walltime(s),cputime(s),systime(s),usertime(s),memory(GB)
319.09312105178833,339.274971,98.54717600000001,240.727795,0.5931320190429688
319.35364270210266,339.586615,98.58911199999999,240.997503,0.595306396484375
321.94509267807007,342.22946399999995,98.31514499999997,243.91431899999998,0.5961341857910156
314.34249353408813,334.3074669999999,96.50001400000002,237.8074529999999,0.5961685180664062
316.54798316955566,336.6759519999999,96.96584100000001,239.71011099999987,0.5961761474609375
318.0086507797241,338.34972099999976,96.18865999999997,242.1610609999998,0.5961761474609375
318.1694233417511,338.1711999999999,96.38065199999994,241.79054799999994,0.5961761474609375
319.2525939941406,339.42667900000004,97.32503299999996,242.10164600000007,0.5961875915527344
320.81850361824036,341.17173100000014,97.30605300000002,243.86567800000012,0.5961875915527344
325.1149830818176,345.90512999999976,99.63624300000004,246.26888699999972,0.5961875915527344
322.0267446041107,342.76183500000036,97.8106140000001,244.95122100000026,0.5961875915527344
