walltime(s),cputime(s),systime(s),usertime(s),memory(GB)
1318.45317196846,1397.884155,416.431776,981.452379,2.5074234008789062
1336.6843678951263,1417.517294,417.339951,1000.177343,2.5074234008789062
