walltime(s),cputime(s),systime(s),usertime(s),memory(GB)
139.4773874282837,146.935496,44.030158,102.905338,0.3711738586425781
132.73944544792175,141.184848,40.295381,100.889467,0.3741188049316406
127.33595085144043,135.90356100000002,38.813950000000006,97.08961100000002,0.3754005432128906
127.90315818786621,136.39196700000002,39.03453499999999,97.35743200000002,0.37557220458984375
128.7830832004547,137.10805200000001,39.36658800000001,97.74146400000001,0.37557220458984375
134.6290557384491,142.77764299999993,40.960481999999985,101.81716099999994,0.3756141662597656
134.4591236114502,142.52853600000006,40.512748000000016,102.01578800000004,0.37564849853515625
136.6463327407837,144.70735399999995,41.137361999999996,103.56999199999996,0.375701904296875
137.7837426662445,145.63538099999994,41.95880599999998,103.67657499999996,0.37575531005859375
138.10291409492493,146.03751000000005,42.19675000000001,103.84076000000005,0.37577056884765625
137.57059478759766,145.69686600000006,41.96493400000003,103.73193200000003,0.3758125305175781
137.90860080718994,146.001824,41.67835199999996,104.32347200000004,0.3758201599121094
138.3421859741211,146.40746799999994,41.41848699999997,104.98898099999997,0.3758277893066406
137.4916296005249,145.39870599999983,41.32473399999992,104.07397199999991,0.37584686279296875
137.88265371322632,145.81937099999993,41.21101699999997,104.60835399999996,0.37584686279296875
137.84950637817383,146.05800899999997,42.40638799999999,103.65162099999998,0.37584686279296875
137.39684891700745,145.3796410000001,41.472286000000054,103.90735500000005,0.37584686279296875
137.2766969203949,146.06975799999987,41.20183199999997,104.8679259999999,0.37584686279296875
136.292160987854,144.78322100000003,40.68460100000004,104.09861999999998,0.37584686279296875
136.6068630218506,145.17689700000017,40.295510000000036,104.88138700000013,0.37584686279296875
136.64012002944946,145.22593800000016,40.685818999999924,104.54011900000023,0.37584686279296875
136.3823492527008,144.94299300000034,41.22737200000006,103.71562100000028,0.37584686279296875
136.86451363563538,145.50145399999985,40.145353,105.35610099999985,0.37584686279296875
136.33356022834778,144.93806900000004,40.79500200000007,104.14306699999997,0.37584686279296875
134.9603636264801,143.63255100000003,40.483094999999935,103.1494560000001,0.37584686279296875
133.05123925209045,141.80428800000004,39.74576000000002,102.05852800000002,0.37584686279296875
