walltime(s),cputime(s),systime(s),usertime(s),memory(GB)
264.02497601509094,291.34038799999996,89.315008,202.02537999999998,0.3515892028808594
262.49350357055664,289.4491770000001,90.76824000000002,198.68093700000003,0.3515892028808594
266.3124918937683,293.579977,91.11954300000002,202.46043399999996,0.3515892028808594
266.6838688850403,293.92887,90.78732399999996,203.14154600000006,0.3515892028808594
266.28579783439636,293.538407,90.79227700000001,202.74613,0.3515892028808594
266.5561923980713,293.8292719999999,91.44446499999998,202.3848069999999,0.3515892028808594
266.69658637046814,293.964692,91.11180300000001,202.852889,0.3515892028808594
266.6983242034912,294.000277,90.95775300000003,203.04252399999996,0.3515892028808594
262.83726501464844,289.58126400000003,90.06265700000006,199.51860699999997,0.3515892028808594
266.48110914230347,293.78004999999996,91.73816999999997,202.04188,0.3515892028808594
266.33589363098145,293.653729,91.797684,201.856045,0.3515892028808594
266.6054503917694,293.855288,90.94569299999989,202.90959500000008,0.3515892028808594
266.45752596855164,293.7327379999999,92.09440199999995,201.63833599999998,0.3515892028808594
