walltime(s),cputime(s),systime(s),usertime(s),memory(GB)
1280.855707168579,1366.869989,394.39441600000004,972.475573,1.7002182006835938
1283.0193736553192,1368.108107,393.174882,974.9332250000001,1.7028121948242188
