walltime(s),cputime(s),systime(s),usertime(s),memory(GB)
2119.2029395103455,2333.164789,636.897524,1696.267265,1.7565231323242188
