walltime(s),cputime(s),systime(s),usertime(s),memory(GB)
436.7227852344513,480.947371,152.594544,328.352827,0.47483062744140625
439.20280838012695,483.56542999999994,153.66483599999998,329.90059399999996,0.4759407043457031
439.42174005508423,483.84407500000003,153.046542,330.79753300000004,0.4761466979980469
439.3874430656433,483.82049399999994,153.01294199999995,330.807552,0.47615814208984375
439.42716813087463,483.86474599999997,154.240092,329.62465399999996,0.47615814208984375
439.56330919265747,484.0018560000002,153.73178100000007,330.27007500000013,0.47615814208984375
437.0764808654785,481.25586799999996,151.4378589999999,329.8180090000001,0.47618865966796875
434.33198952674866,478.1439990000001,151.21136,326.9326390000001,0.47618865966796875
