walltime(s),cputime(s),systime(s),usertime(s),memory(GB)
1761.9195833206177,1909.058588,548.730311,1360.328277,2.735065460205078
1768.2249999046326,1915.132904,546.6177670000001,1368.515137,2.768402099609375
