walltime(s),cputime(s),systime(s),usertime(s),memory(GB)
158.62182331085205,168.653751,47.458586999999994,121.195164,0.3778076171875
160.60674834251404,170.588047,48.14341399999999,122.444633,0.3778076171875
159.04278922080994,169.003511,47.328453999999994,121.67505700000001,0.3778076171875
158.67356038093567,168.692702,47.57292699999999,121.119775,0.3778076171875
153.08978128433228,162.71138100000005,46.19150299999998,116.51987800000006,0.3778076171875
145.67195320129395,155.87567200000004,44.37261600000002,111.50305600000002,0.3778076171875
148.22015929222107,158.32585199999994,44.761442999999986,113.56440899999996,0.3778076171875
148.8701605796814,158.9063280000001,44.89505500000001,114.01127300000007,0.3778076171875
149.1178698539734,159.04405400000007,44.656289000000015,114.38776500000006,0.3778076171875
149.82962346076965,159.8060690000001,45.93105600000001,113.87501300000008,0.3778076171875
149.52183556556702,159.413768,44.33168499999999,115.08208300000001,0.3778076171875
149.291597366333,159.24896699999988,44.54086900000004,114.70809799999984,0.3778076171875
149.32322669029236,159.33146499999998,45.691283999999996,113.64018099999998,0.3778076171875
147.14096212387085,157.1706180000001,44.93315499999994,112.23746300000016,0.3778076171875
145.6588258743286,155.71512600000005,44.57440500000007,111.14072099999998,0.3778076171875
144.55535984039307,154.60813399999995,43.16808299999991,111.44005100000004,0.3778076171875
144.0133056640625,154.12767500000018,44.005758000000014,110.12191700000017,0.3778076171875
143.62160897254944,153.80838399999982,43.87937999999997,109.92900399999985,0.3778076171875
143.88035535812378,153.95701400000007,43.67944299999999,110.27757100000008,0.3778076171875
142.90180683135986,152.9762589999997,43.644476000000054,109.33178299999963,0.3778076171875
142.79614853858948,152.85575800000004,43.463728999999944,109.3920290000001,0.3778076171875
142.42491388320923,152.6532870000001,43.332186999999976,109.32110000000011,0.3778076171875
142.37630820274353,152.85811000000024,42.70966400000009,110.14844600000015,0.3778076171875
141.84434413909912,152.3363300000001,42.193808999999874,110.14252100000022,0.3778076171875
