walltime(s),cputime(s),systime(s),usertime(s),memory(GB)
2933.4225158691406,3112.000109,935.789624,2176.210485,3.705554962158203
