walltime(s),cputime(s),systime(s),usertime(s),memory(GB)
203.05307173728943,221.48262,56.527043,164.955577,0.33733367919921875
203.81676483154297,222.29672900000003,56.549471999999994,165.74725700000002,0.3376617431640625
203.39452052116394,221.63228399999997,55.942837999999995,165.68944599999998,0.3376617431640625
204.00101399421692,222.435538,56.589323999999976,165.84621400000003,0.3376617431640625
204.12866115570068,222.62123999999991,57.006568999999985,165.61467099999993,0.3376617431640625
199.82286643981934,217.80932,55.378128000000004,162.431192,0.3376617431640625
204.19548892974854,222.64229399999994,56.823706999999956,165.81858699999998,0.3376617431640625
203.9535894393921,222.39640899999995,56.600359000000026,165.79604999999992,0.3376617431640625
203.19728064537048,221.441147,55.785617,165.65553,0.3376617431640625
204.17753291130066,222.69776700000017,57.06052800000003,165.63723900000014,0.3376617431640625
203.9792823791504,222.44110499999988,56.106547999999975,166.3345569999999,0.3376617431640625
203.75179815292358,222.17852900000014,56.71480600000007,165.46372300000007,0.3376617431640625
204.0237967967987,222.54236700000024,56.24094100000002,166.30142600000022,0.3376617431640625
204.73793625831604,223.21409799999992,57.563274999999976,165.65082299999995,0.3376617431640625
203.94257378578186,222.41519200000005,56.891389000000004,165.52380300000004,0.3376617431640625
204.1486623287201,222.64827700000012,57.03415600000005,165.61412100000007,0.3376617431640625
203.27825593948364,221.57355200000018,56.39331299999992,165.18023900000026,0.3376617431640625
