walltime(s),cputime(s),systime(s),usertime(s),memory(GB)
187.89773559570312,206.33982899999998,8.998311,197.34151799999998,1.842681884765625
189.54904079437256,209.180464,8.481919,200.698545,1.8468246459960938
191.1892373561859,210.90561399999999,8.714934,202.19068,1.8511009216308594
190.446546792984,209.97416800000005,8.458559999999999,201.51560800000004,1.8511009216308594
193.17058515548706,215.07327199999992,9.474179999999997,205.59909199999993,1.8511009216308594
190.84370517730713,212.75942700000004,9.371608000000002,203.38781900000004,1.8511009216308594
189.49961066246033,209.762119,9.052019000000001,200.7101,1.8511009216308594
189.69791626930237,210.1296519999999,8.995069999999998,201.1345819999999,1.8511009216308594
188.62440037727356,208.0599499999998,8.572919999999996,199.48702999999978,1.8511009216308594
190.62714290618896,211.54277599999995,8.828142,202.71463399999993,1.8511009216308594
187.6962161064148,207.4008689999999,8.39267799999999,199.0081909999999,1.8511009216308594
188.22555804252625,208.0464810000002,8.369688999999994,199.6767920000002,1.8511009216308594
190.34888172149658,210.88508899999997,8.169793999999996,202.71529499999997,1.8511009216308594
186.7642068862915,207.48080999999988,9.051589000000007,198.42922099999987,1.8511009216308594
189.8904755115509,210.56484999999986,9.207097999999988,201.3577519999999,1.8511009216308594
190.49383163452148,211.36551800000018,8.789977000000022,202.57554100000016,1.8511009216308594
190.58019089698792,211.60917199999997,9.148517999999996,202.46065399999998,1.8511009216308594
190.67439603805542,212.03024800000003,9.58789200000001,202.44235600000002,1.8511009216308594
