walltime(s),cputime(s),systime(s),usertime(s),memory(GB)
230.5690302848816,253.507612,68.599531,184.90808099999998,0.3842124938964844
231.0310833454132,253.91113800000005,68.75663100000001,185.15450700000002,0.3842124938964844
231.4614109992981,254.52088699999996,68.41699499999999,186.10389199999997,0.3842124938964844
229.6375765800476,252.20237699999996,67.95385199999998,184.24852499999997,0.3842124938964844
231.7069010734558,254.74236100000002,68.65126000000004,186.09110099999998,0.3842124938964844
231.56856203079224,254.60988599999996,69.04413399999999,185.56575199999997,0.3842124938964844
226.78473901748657,249.21608800000007,68.739395,180.47669300000007,0.3842124938964844
231.642733335495,254.71185100000002,69.58389899999997,185.12795200000005,0.3842124938964844
231.70543336868286,254.8097879999999,69.55678599999999,185.25300199999992,0.3842124938964844
231.82152485847473,254.90262500000006,69.22308099999998,185.67954400000008,0.3842124938964844
230.54242253303528,253.41604900000004,68.94356800000003,184.47248100000002,0.3842124938964844
229.93260884284973,252.79867800000022,68.70738500000004,184.09129300000018,0.3842124938964844
231.33530521392822,254.31415800000025,69.38138700000002,184.93277100000023,0.3842124938964844
231.59589290618896,254.60831600000017,69.44471899999996,185.1635970000002,0.3842124938964844
231.4963719844818,254.55323399999952,69.69171099999994,184.86152299999958,0.3842124938964844
