walltime(s),cputime(s),systime(s),usertime(s),memory(GB)
564.0975897312164,620.858478,186.986472,433.872006,0.5336456298828125
570.8753728866577,627.745421,192.04059500000002,435.70482599999997,0.5354042053222656
570.554253578186,627.409545,191.55190499999998,435.85764000000006,0.5354042053222656
566.2901916503906,622.540818,191.13414899999998,431.40666899999997,0.5354347229003906
570.7264556884766,627.7348129999997,190.86362199999996,436.8711909999997,0.5354461669921875
571.114758014679,628.079518,192.27662499999997,435.80289300000004,0.5354461669921875
