walltime(s),cputime(s),systime(s),usertime(s),memory(GB)
336.4659655094147,355.939549,109.761207,246.178342,0.7265625
330.86741042137146,350.570869,105.41266800000001,245.158201,0.7308425903320312
330.94866037368774,350.74623099999997,105.63631799999999,245.10991299999995,0.7336044311523438
330.2639744281769,349.943491,106.28224999999998,243.66124100000002,0.7336273193359375
330.2150971889496,349.97196399999996,105.334206,244.63775799999996,0.7336273193359375
330.58521795272827,350.894954,104.88881600000002,246.00613799999996,0.7336273193359375
330.4121959209442,350.7489220000002,105.6027160000001,245.14620600000012,0.7336273193359375
322.7854034900665,343.8174520000001,102.51230500000008,241.30514700000003,0.7336273193359375
321.5713267326355,342.95085000000006,102.004008,240.94684200000006,0.7336273193359375
322.9120523929596,344.8337789999998,102.53493099999992,242.2988479999999,0.7336273193359375
