walltime(s),cputime(s),systime(s),usertime(s),memory(GB)
328.93572902679443,345.025982,103.137189,241.88879300000002,0.5642929077148438
335.20675325393677,352.617141,103.79507,248.822071,0.5642929077148438
338.637531042099,358.85346499999997,102.719447,256.13401799999997,0.5642929077148438
336.8320691585541,356.75186800000006,103.10932600000001,253.64254200000005,0.5642929077148438
337.81592202186584,357.9032179999999,103.06522099999995,254.83799699999997,0.5642929077148438
334.0943851470947,354.76376200000004,102.51227500000005,252.251487,0.5642929077148438
323.495658159256,343.847633,98.99672799999996,244.850905,0.5642929077148438
329.9825086593628,350.7454200000001,99.41573299999993,251.32968700000015,0.5642929077148438
330.0917856693268,350.5228760000001,98.46165699999995,252.06121900000016,0.5642929077148438
332.2669758796692,352.59067000000016,100.42843800000003,252.16223200000013,0.5642929077148438
