walltime(s),cputime(s),systime(s),usertime(s),memory(GB)
368.2976973056793,388.786839,115.056454,273.730385,0.714630126953125
370.717985868454,391.62610699999993,112.984096,278.64201099999997,0.7169075012207031
369.2710032463074,390.60435399999994,113.48927500000002,277.1150789999999,0.7206535339355469
369.5775625705719,390.93451799999985,112.57517999999999,278.35933799999987,0.7206535339355469
369.14544677734375,390.4260490000001,112.74599200000006,277.68005700000003,0.7206535339355469
369.98914551734924,391.9102150000001,112.10105399999998,279.80916100000013,0.7206535339355469
362.98171067237854,385.47430800000006,110.02945999999997,275.4448480000001,0.7206535339355469
359.72456550598145,382.7858729999999,109.94502599999998,272.84084699999994,0.7206535339355469
360.0270936489105,383.25540000000024,110.15917100000001,273.0962290000002,0.7206535339355469
