walltime(s),cputime(s),systime(s),usertime(s),memory(GB)
670.3185703754425,705.997558,215.80626600000002,490.191292,1.0002021789550781
650.4116771221161,688.513191,207.265244,481.24794699999995,1.0093574523925781
629.079380273819,668.284189,202.43089400000002,465.8532949999999,1.0095100402832031
624.4147028923035,664.077197,199.162739,464.91445799999997,1.0095100402832031
627.8245184421539,667.0406890000003,200.88519400000007,466.1554950000002,1.0095100402832031
