walltime(s),cputime(s),systime(s),usertime(s),memory(GB)
1241.9566826820374,1316.015945,385.174112,930.8418330000001,2.33172607421875
1241.0637066364288,1317.634103,376.317621,941.3164820000001,2.3380699157714844
