walltime(s),cputime(s),systime(s),usertime(s),memory(GB)
959.7137610912323,1051.830201,309.81480700000003,742.015394,0.7980003356933594
970.8712272644043,1063.1294369999998,305.59495899999996,757.5344779999999,0.7986221313476562
970.5957460403442,1062.8181399999999,306.4088039999999,756.4093359999999,0.7986221313476562
