walltime(s),cputime(s),systime(s),usertime(s),memory(GB)
718.1878974437714,776.254327,169.50364000000002,606.750687,1.1056480407714844
751.535596370697,812.6814569999999,174.81429699999998,637.8671599999999,1.4195518493652344
752.4298982620239,813.644752,174.91935,638.725402,1.4247550964355469
753.0556089878082,814.1798389999997,173.81450999999993,640.3653289999997,1.4247550964355469
