walltime(s),cputime(s),systime(s),usertime(s),memory(GB)
1351.199744939804,1453.943319,331.60002899999995,1122.34329,1.7426910400390625
1346.9080817699432,1449.2763250000003,327.071998,1122.2043270000001,1.798004150390625
