walltime(s),cputime(s),systime(s),usertime(s),memory(GB)
191.30476999282837,211.26793700000002,65.054721,146.21321600000002,0.3358001708984375
189.07551097869873,208.46443000000002,62.179843000000005,146.28458700000002,0.33663177490234375
190.21278142929077,209.776634,62.79721000000001,146.979424,0.33663177490234375
193.60875844955444,213.62042299999996,64.51195999999999,149.10846299999997,0.33663177490234375
192.8610143661499,212.70832599999994,63.99918600000001,148.70913999999993,0.33663177490234375
193.19718837738037,213.149541,64.00459000000001,149.144951,0.33663177490234375
193.16717314720154,213.154603,65.576075,147.578528,0.33663177490234375
193.40160489082336,213.332514,64.230118,149.102396,0.33663177490234375
193.31405472755432,213.35799299999996,65.25818300000003,148.09980999999993,0.33663177490234375
193.77902936935425,213.7980879999999,64.69087999999999,149.1072079999999,0.33663177490234375
192.22064852714539,211.94874500000003,62.90594700000008,149.04279799999995,0.33663177490234375
192.52392172813416,212.42086200000017,63.765895,148.65496700000017,0.33663177490234375
192.62620210647583,212.55778500000008,64.16274699999997,148.3950380000001,0.33663177490234375
192.58477401733398,212.48278200000027,63.457370999999966,149.0254110000003,0.33663177490234375
192.58903861045837,212.47816199999966,63.8820189999999,148.59614299999976,0.33663177490234375
191.93928694725037,211.734647,63.000863999999865,148.73378300000013,0.33663177490234375
192.8723692893982,212.87235299999975,64.490006,148.38234699999975,0.33663177490234375
193.33568406105042,213.33923600000026,64.37255400000004,148.96668200000022,0.33663177490234375
