walltime(s),cputime(s),systime(s),usertime(s),memory(GB)
695.6107335090637,743.889696,206.967467,536.922229,1.0396232604980469
698.2097308635712,746.596401,206.819822,539.776579,1.050537109375
697.9932770729065,746.6264160000001,207.561032,539.065384,1.0513153076171875
693.6061716079712,743.537209,203.47382800000003,540.0633809999999,1.0513153076171875
666.8546276092529,720.3186720000002,188.9352560000001,531.3834160000001,1.0513153076171875
