walltime(s),cputime(s),systime(s),usertime(s),memory(GB)
2252.770424604416,2463.019422,649.5701879999999,1813.449234,1.7879905700683594
