walltime(s),cputime(s),systime(s),usertime(s),memory(GB)
171.37358283996582,187.827285,9.242852000000001,178.584433,1.8483085632324219
170.19360327720642,187.879191,9.589378000000002,178.28981299999998,1.8483085632324219
167.22935700416565,184.03118300000003,8.578521000000002,175.45266200000003,1.8483085632324219
159.71703958511353,175.509437,7.874890999999998,167.634546,1.8483085632324219
159.6662859916687,177.10246299999994,8.177823000000004,168.92463999999995,1.8483085632324219
163.94172048568726,180.004025,8.179912999999999,171.824112,1.8483085632324219
166.814790725708,184.34262900000016,8.917664000000002,175.42496500000016,1.8483085632324219
165.73387789726257,182.082667,8.400385000000007,173.682282,1.8483085632324219
164.54298663139343,180.52074399999987,8.218459999999993,172.30228399999987,1.8483085632324219
164.9402666091919,180.66397300000006,8.360595000000004,172.30337800000007,1.8483085632324219
165.53664088249207,181.27752799999996,7.7587429999999955,173.51878499999998,1.8483085632324219
175.3153350353241,192.37283,9.87728899999999,182.495541,1.8483085632324219
174.29878449440002,191.60367999999966,9.100977,182.50270299999966,1.8483085632324219
176.20001673698425,193.44076699999994,9.272252999999992,184.16851399999996,1.8483085632324219
171.24384236335754,187.9143379999999,8.658530000000013,179.2558079999999,1.8483085632324219
165.91619420051575,182.29129099999977,8.70281799999998,173.5884729999998,1.8483085632324219
164.81545209884644,180.2414810000001,7.916604999999976,172.32487600000013,1.8483085632324219
165.87226366996765,181.79175599999985,8.419626999999991,173.37212899999986,1.8483085632324219
166.1659541130066,182.5012990000001,8.34062800000001,174.1606710000001,1.8483085632324219
163.05131363868713,178.72180000000043,8.149740000000008,170.57206000000042,1.8483085632324219
165.7513291835785,181.54400999999993,8.11278999999999,173.43121999999994,1.8483085632324219
