walltime(s),cputime(s),systime(s),usertime(s),memory(GB)
475.45065665245056,507.456431,141.462136,365.994295,0.7392349243164062
477.6297912597656,510.11379,140.63550899999998,369.47828100000004,0.7392349243164062
465.1067008972168,497.3481139999999,137.011124,360.3369899999999,0.7392349243164062
463.2774782180786,495.4644749999998,136.228991,359.2354839999998,0.7392349243164062
457.03831219673157,490.60938699999997,131.66951900000004,358.93986799999993,0.7392349243164062
443.71922492980957,477.5916639999999,128.05456900000001,349.5370949999999,0.7392349243164062
436.3041994571686,468.49326299999984,124.8251009999999,343.66816199999994,0.7392349243164062
