walltime(s),cputime(s),systime(s),usertime(s),memory(GB)
455.53710889816284,499.608816,145.699768,353.909048,0.4934349060058594
461.64010190963745,505.59472800000003,143.29679000000002,362.29793800000004,0.4946441650390625
462.1279630661011,506.119427,143.817943,362.30148399999996,0.4946861267089844
461.91502833366394,505.90062599999993,144.63489899999996,361.26572699999997,0.4948692321777344
462.2901794910431,506.29239799999993,143.277516,363.01488199999994,0.4948768615722656
458.51790046691895,502.0410549999999,143.795844,358.2452109999999,0.4948768615722656
462.18542075157166,506.1762190000002,144.16969300000005,362.0065260000001,0.4948844909667969
