walltime(s),cputime(s),systime(s),usertime(s),memory(GB)
1213.1597056388855,1277.844725,389.266552,888.578173,1.7284355163574219
1163.1973986625671,1230.967011,367.35249400000004,863.614517,1.7524070739746094
1190.5682072639465,1257.1034439999999,378.53153399999985,878.5719100000001,1.7524070739746094
