walltime(s),cputime(s),systime(s),usertime(s),memory(GB)
143.78182411193848,157.702418,42.138559,115.563859,0.3109130859375
144.37912273406982,158.249222,41.594581999999996,116.65464,0.3112068176269531
142.285546541214,155.905445,41.23388,114.67156499999999,0.31137847900390625
142.15217065811157,155.75703599999997,40.87228499999999,114.884751,0.31137847900390625
144.29666090011597,158.16021099999995,41.852869999999996,116.30734099999995,0.3114204406738281
144.56045532226562,158.49256399999996,41.97385700000001,116.51870699999995,0.31142425537109375
144.63332319259644,158.55096699999999,42.05694200000002,116.49402499999997,0.3114280700683594
144.56514692306519,158.48147999999998,40.77466099999998,117.706819,0.3114356994628906
144.61784100532532,158.54785500000003,41.35438599999998,117.19346900000005,0.3114356994628906
144.42554664611816,158.22025500000007,41.414619000000016,116.80563600000005,0.3114433288574219
144.6223247051239,158.60110699999984,41.86567200000002,116.73543499999982,0.3114433288574219
144.4331090450287,158.274423,41.41811999999999,116.85630300000003,0.3114433288574219
144.72644686698914,158.66116099999994,41.9708,116.69036099999994,0.3114433288574219
144.62204551696777,158.538181,41.57975799999997,116.95842300000004,0.3114433288574219
144.51987504959106,158.42635799999982,42.181375,116.24498299999982,0.3114433288574219
144.73107600212097,158.68347299999994,41.64906800000006,117.03440499999988,0.3114509582519531
143.56588077545166,157.31210099999998,41.06921299999999,116.242888,0.3114509582519531
144.63753700256348,158.5562299999999,41.90291400000001,116.6533159999999,0.3114509582519531
144.85590314865112,158.81098099999986,42.15685800000006,116.6541229999998,0.3114509582519531
144.40698385238647,158.2275420000002,41.06868399999996,117.15885800000024,0.3114509582519531
144.4350244998932,158.33666700000003,42.18881499999998,116.14785200000006,0.3114509582519531
144.39641523361206,158.28202700000008,41.64015400000005,116.64187300000003,0.3114509582519531
144.3816442489624,158.27212499999996,40.987951000000066,117.2841739999999,0.3114509582519531
144.41076683998108,158.32212500000014,42.389768000000004,115.93235700000014,0.3114509582519531
