walltime(s),cputime(s),systime(s),usertime(s),memory(GB)
233.5569531917572,248.852017,61.550526,187.301491,0.43399810791015625
244.02910685539246,260.157878,65.604222,194.55365599999996,0.43399810791015625
251.24658370018005,267.40785600000004,67.09412300000001,200.313733,0.43399810791015625
251.24066996574402,267.157319,68.14425699999998,199.013062,0.43399810791015625
251.92861413955688,268.39099600000003,67.98695000000004,200.404046,0.43399810791015625
251.85742616653442,268.0594540000001,67.040437,201.01901700000008,0.43399810791015625
251.02267861366272,267.003006,67.79051700000002,199.212489,0.43399810791015625
239.94729280471802,255.62811400000004,64.51145700000001,191.11665700000003,0.43399810791015625
238.71568727493286,254.57852100000014,62.53139299999998,192.04712800000016,0.43399810791015625
238.146422624588,253.87534300000016,62.61024500000008,191.26509800000008,0.43399810791015625
237.28154754638672,252.9517469999996,63.637543999999934,189.31420299999968,0.43399810791015625
237.5920217037201,253.39213899999982,62.759409000000005,190.6327299999998,0.43399810791015625
238.59883570671082,254.36944800000026,64.96188599999994,189.40756200000033,0.43399810791015625
230.11813616752625,246.41518400000007,61.32280800000001,185.09237600000006,0.43399810791015625
