walltime(s),cputime(s),systime(s),usertime(s),memory(GB)
239.53270077705383,252.030373,72.791071,179.23930199999998,0.4578361511230469
246.17990803718567,259.055967,73.279066,185.776901,0.46573638916015625
246.879323720932,259.66842699999995,74.21055500000003,185.45787199999995,0.46573638916015625
244.38368558883667,257.886892,73.12711300000001,184.75977899999998,0.46573638916015625
242.861181974411,256.84473199999996,72.97169500000001,183.87303699999995,0.46573638916015625
230.83686780929565,244.91011600000007,68.22637300000002,176.68374300000005,0.46573638916015625
230.242591381073,244.33231400000005,68.657401,175.67491300000006,0.46573638916015625
229.9651107788086,243.54890600000004,68.11477900000006,175.434127,0.46573638916015625
237.57249283790588,251.068218,70.36611699999992,180.70210100000008,0.46573638916015625
243.85311555862427,257.57463800000016,73.218164,184.35647400000016,0.46573638916015625
244.29432106018066,258.2199410000002,72.91755,185.30239100000017,0.46573638916015625
245.620778799057,258.92902200000015,73.42600200000004,185.5030200000001,0.46573638916015625
241.85012459754944,255.3522760000002,72.54618300000004,182.80609300000015,0.46573638916015625
233.89150977134705,247.2983499999999,70.47373000000005,176.82461999999987,0.46573638916015625
232.2376639842987,246.02877100000012,68.79049500000008,177.23827600000004,0.46573638916015625
