walltime(s),cputime(s),systime(s),usertime(s),memory(GB)
218.91702008247375,240.221569,74.013162,166.208407,0.28033447265625
230.37729239463806,252.16996699999999,76.96971599999999,175.20025099999998,0.2816276550292969
233.10117030143738,254.977959,76.668273,178.309686,0.28206634521484375
228.01904845237732,249.63510499999992,76.545826,173.08927899999992,0.2820892333984375
231.43458008766174,252.99769000000003,75.62652400000002,177.37116600000002,0.2820892333984375
229.615332365036,251.3592999999999,76.30936400000002,175.0499359999999,0.2820892333984375
233.37245535850525,255.23892999999998,77.07597499999997,178.162955,0.2820892333984375
233.7727038860321,255.62306000000012,77.66871900000001,177.9543410000001,0.2820892333984375
232.05597853660583,253.70724300000006,76.65886599999999,177.04837700000007,0.2820892333984375
232.4591736793518,254.18639100000007,76.52021400000001,177.66617700000006,0.2820892333984375
233.73775458335876,255.6814139999999,78.72808299999997,176.95333099999993,0.2820892333984375
233.66228580474854,255.55102299999976,76.659584,178.89143899999976,0.2820892333984375
233.80294251441956,255.77310599999987,76.88863500000002,178.88447099999985,0.2820892333984375
233.4498689174652,255.3294159999998,76.67009299999995,178.65932299999986,0.2820892333984375
233.67075967788696,255.63572999999997,77.48703299999988,178.14869700000008,0.2820892333984375
