walltime(s),cputime(s),systime(s),usertime(s),memory(GB)
387.7855944633484,426.279236,121.543315,304.735921,0.4732513427734375
396.1539468765259,435.608,124.927766,310.680234,0.4735603332519531
396.5430202484131,436.09944399999995,125.06497800000002,311.03446599999995,0.475067138671875
397.1270010471344,436.80075,125.20989299999997,311.590857,0.4755897521972656
396.6678800582886,436.2317189999999,124.45087699999999,311.7808419999999,0.4755897521972656
392.37516736984253,431.2163539999998,121.99010499999997,309.2262489999998,0.4755897521972656
395.0205466747284,434.47300000000007,124.05900099999997,310.4139990000001,0.4755897521972656
394.73583817481995,434.1968290000001,125.23686800000007,308.959961,0.4755897521972656
396.15722823143005,435.77240100000006,125.56446700000004,310.207934,0.4755897521972656
