walltime(s),cputime(s),systime(s),usertime(s),memory(GB)
259.48600006103516,275.014214,78.18512,196.829094,0.5461883544921875
256.40185952186584,272.67888600000003,75.72837200000001,196.95051400000003,0.5551033020019531
258.4243326187134,273.96684600000003,76.41466,197.55218600000006,0.5551033020019531
260.0930919647217,275.49761599999994,76.95837499999999,198.53924099999995,0.5551033020019531
260.7176864147186,276.043581,77.556689,198.486892,0.5551033020019531
260.17653346061707,275.262904,77.268666,197.994238,0.5551033020019531
260.38188791275024,275.2501410000001,77.24527799999998,198.0048630000001,0.5555992126464844
260.24781370162964,275.166376,77.21985899999993,197.94651700000009,0.5555992126464844
261.0280246734619,275.96719999999993,76.69451700000002,199.27268299999992,0.5555992126464844
255.72317218780518,271.4116190000002,76.5909160000001,194.8207030000001,0.5555992126464844
255.82559204101562,271.7235450000003,76.71473300000002,195.00881200000026,0.5555992126464844
254.483952999115,270.362083,76.72229500000003,193.63978799999995,0.5555992126464844
251.62511467933655,267.5199870000001,74.77948900000001,192.74049800000012,0.5555992126464844
249.84342908859253,265.985147,74.69543299999998,191.289714,0.5555992126464844
