walltime(s),cputime(s),systime(s),usertime(s),memory(GB)
2763.6114177703857,3031.4822400000003,830.941244,2200.540996,1.8737907409667969
