walltime(s),cputime(s),systime(s),usertime(s),memory(GB)
680.4190163612366,725.110221,187.60933,537.500891,0.95318603515625
651.3059678077698,698.1416360000001,175.29442999999998,522.847206,1.0376358032226562
643.7679181098938,692.5201999999999,170.09648299999998,522.4237169999999,1.0376358032226562
634.8639624118805,685.7398479999999,164.4571739999999,521.282674,1.0376358032226562
629.6927905082703,681.8517850000003,160.62790799999993,521.2238770000004,1.0376358032226562
