walltime(s),cputime(s),systime(s),usertime(s),memory(GB)
151.00419807434082,165.14996200000002,46.917321,118.232641,0.2957763671875
152.2476794719696,166.381915,46.560810000000004,119.82110499999999,0.2961883544921875
151.9556062221527,166.04353599999996,46.78578499999999,119.25775099999998,0.2961921691894531
152.05391144752502,166.17842900000002,46.700349999999986,119.47807900000004,0.29620361328125
152.08886218070984,166.22756300000003,46.7903,119.43726300000003,0.2963714599609375
151.94423079490662,166.07523600000002,46.82831799999997,119.24691800000005,0.29638671875
152.2331509590149,166.3637819999999,46.928462999999965,119.43531899999994,0.2965583801269531
152.15018773078918,166.29226200000005,46.68388200000004,119.60838000000001,0.2966461181640625
152.0997211933136,166.08047200000004,46.112787999999966,119.96768400000008,0.2966461181640625
152.16232895851135,166.3366939999999,46.66790199999997,119.66879199999994,0.2966461181640625
152.27937388420105,166.4786209999998,46.596716999999956,119.88190399999985,0.2966461181640625
152.35661005973816,166.50618300000008,46.49175600000001,120.01442700000007,0.2966461181640625
152.17037224769592,166.32986599999992,46.47509600000001,119.85476999999992,0.2966461181640625
152.2824568748474,166.45913299999995,47.07240100000001,119.38673199999994,0.2966461181640625
152.2604956626892,166.40620799999976,46.61877199999992,119.78743599999984,0.2966461181640625
152.0849633216858,166.25193799999988,46.976441999999906,119.27549599999998,0.2966461181640625
152.1587483882904,166.3181229999999,47.02807999999993,119.29004299999997,0.2966461181640625
147.39156007766724,160.92901699999993,44.809807999999975,116.11920899999996,0.2966461181640625
152.33397316932678,166.4921710000002,46.168677,120.32349400000021,0.2966461181640625
152.3951816558838,166.5459960000003,46.81631500000003,119.72968100000026,0.2966461181640625
152.33761405944824,166.48599400000012,46.637193000000025,119.8488010000001,0.2966461181640625
152.51405000686646,166.66653599999984,46.829331000000025,119.83720499999981,0.2966461181640625
152.05738162994385,166.22364799999968,46.53515299999981,119.68849499999988,0.2966461181640625
