walltime(s),cputime(s),systime(s),usertime(s),memory(GB)
168.63529086112976,184.304613,48.992978,135.311635,0.2869834899902344
169.70242762565613,185.442508,49.452349000000005,135.990159,0.2871818542480469
107552.33166646957,181.59639399999998,46.65552600000001,134.94086799999997,0.2871818542480469
159.61116433143616,173.03431000000006,41.656698000000006,131.37761200000006,0.2872467041015625
156.82355499267578,170.04815999999994,39.53404499999999,130.51411499999995,0.2872505187988281
151.65275859832764,164.73517400000003,39.809889999999996,124.92528400000003,0.28725433349609375
148.67332649230957,161.639906,38.10740699999997,123.53249900000003,0.2875175476074219
152.42546486854553,165.39359100000019,38.05350200000004,127.34008900000015,0.2875175476074219
155.45691227912903,168.46549899999997,40.18460699999997,128.280892,0.2875175476074219
151.05306124687195,164.14032199999997,39.24842699999999,124.89189499999998,0.28787994384765625
159.88442039489746,173.25197000000003,41.884906,131.36706400000003,0.28787994384765625
160.09281849861145,173.5005969999999,41.30616200000003,132.19443499999988,0.28787994384765625
160.68570113182068,174.13646299999994,41.777326000000016,132.35913699999992,0.28787994384765625
159.8123598098755,173.20744799999989,41.35532699999999,131.8521209999999,0.28787994384765625
159.6846785545349,173.11137599999995,41.39307700000006,131.7182989999999,0.2878913879394531
159.69996905326843,173.05013200000008,40.319324999999935,132.73080700000014,0.2878913879394531
150.99670147895813,164.0291779999999,39.710251000000085,124.3189269999998,0.2878913879394531
151.80610370635986,164.88999199999955,39.74753999999996,125.1424519999996,0.2878913879394531
150.66697120666504,163.69193899999993,38.48452899999995,125.20740999999998,0.2878913879394531
157.4931423664093,170.6767460000001,39.68925300000001,130.9874930000001,0.2878913879394531
151.81548380851746,164.863422,39.38427100000001,125.479151,0.28789520263671875
158.09143161773682,171.41970300000014,41.53524200000004,129.8844610000001,0.28789520263671875
