walltime(s),cputime(s),systime(s),usertime(s),memory(GB)
2933.8982243537903,3223.590513,979.124367,2244.466146,2.1440162658691406
