walltime(s),cputime(s),systime(s),usertime(s),memory(GB)
2126.2244584560394,2247.180186,674.71243,1572.467756,2.7428741455078125
