walltime(s),cputime(s),systime(s),usertime(s),memory(GB)
341.5419764518738,362.489661,106.093032,256.396629,0.655670166015625
350.05772495269775,372.13834599999996,107.908547,264.22979899999996,0.655670166015625
351.8071367740631,373.43679199999997,108.23757899999998,265.199213,0.655670166015625
349.9748435020447,371.7052360000001,107.76953900000001,263.9356970000001,0.655670166015625
346.0045757293701,368.7086280000001,105.76957100000004,262.93905700000005,0.655670166015625
344.721684217453,368.1075989999998,104.62155799999994,263.4860409999999,0.655670166015625
345.28802943229675,368.70055,105.31959899999993,263.3809510000001,0.655670166015625
348.04008960723877,371.51633800000013,105.05621500000007,266.46012300000007,0.655670166015625
334.0963065624237,358.04106699999977,102.00578499999995,256.0352819999998,0.655670166015625
319.69099283218384,344.43279500000006,96.173991,248.25880400000005,0.655670166015625
