walltime(s),cputime(s),systime(s),usertime(s),memory(GB)
330.2167823314667,364.85305200000005,114.02570100000001,250.82735100000002,0.3936309814453125
331.11411452293396,365.73858800000005,116.113046,249.62554200000005,0.3936424255371094
331.23985052108765,365.91527699999995,116.42837999999998,249.48689699999994,0.3936576843261719
331.03689408302307,365.633592,115.952537,249.68105500000001,0.3936576843261719
327.25829672813416,361.5610040000001,115.22273200000001,246.33827200000007,0.3936576843261719
330.81034564971924,365.357449,114.89999999999998,250.457449,0.3936576843261719
328.078533411026,362.13730999999996,113.03902800000003,249.09828199999993,0.3936576843261719
330.61886262893677,365.13882599999977,114.35317599999996,250.7856499999998,0.3936576843261719
330.9837579727173,365.53664000000015,115.08676900000012,250.44987100000003,0.3936576843261719
331.03431701660156,365.5592329999997,115.11175600000001,250.4474769999997,0.3936576843261719
