walltime(s),cputime(s),systime(s),usertime(s),memory(GB)
1152.4647307395935,1224.5453400000001,362.543745,862.0015950000001,1.6734161376953125
1149.0566983222961,1225.3572100000001,355.57275300000003,869.784457,1.6785736083984375
1117.087684392929,1198.2699710000002,341.465282,856.8046890000003,1.6785736083984375
