walltime(s),cputime(s),systime(s),usertime(s),memory(GB)
703.4498996734619,748.4845660000001,195.784893,552.6996730000001,0.9532814025878906
682.6857540607452,729.4118119999999,186.177063,543.234749,1.030609130859375
674.4152958393097,722.8787920000002,181.57046600000007,541.3083260000001,1.030609130859375
666.858425617218,714.7464249999998,179.76122499999997,534.9851999999998,1.030609130859375
664.1473619937897,712.0297100000001,178.813035,533.2166750000001,1.030609130859375
