walltime(s),cputime(s),systime(s),usertime(s),memory(GB)
480.05025911331177,529.735315,165.59878899999998,364.136526,0.45738983154296875
482.91405630111694,532.425495,166.030561,366.394934,0.4587059020996094
482.88043880462646,532.980533,166.035163,366.94537,0.4600830078125
477.2447850704193,526.654702,165.80157699999995,360.8531250000001,0.4601249694824219
482.58247923851013,532.653828,165.23429299999998,367.419535,0.4601860046386719
482.7632987499237,532.8674899999999,166.42272200000002,366.44476799999984,0.4602851867675781
483.04664945602417,532.9777369999998,163.55670599999996,369.42103099999986,0.4602851867675781
