walltime(s),cputime(s),systime(s),usertime(s),memory(GB)
504.8213572502136,551.808307,155.011473,396.796834,0.503997802734375
511.41311264038086,558.3910779999999,154.69782099999998,403.69325699999996,0.504913330078125
510.8391377925873,557.785117,154.982121,402.802996,0.5053291320800781
510.68865728378296,557.7278320000001,154.600464,403.12736800000016,0.50543212890625
510.9114468097687,557.9203060000001,156.00426800000002,401.91603800000007,0.50543212890625
510.76342821121216,557.7642099999999,154.91268000000002,402.8515299999999,0.5065231323242188
505.3238971233368,551.5216109999999,153.50840700000003,398.01320399999986,0.5065231323242188
