walltime(s),cputime(s),systime(s),usertime(s),memory(GB)
773.972644329071,824.078918,230.959008,593.11991,1.4326591491699219
786.7779338359833,838.4608760000001,230.84896200000003,607.6119140000001,1.4334373474121094
794.0237843990326,845.236617,234.95207299999998,610.2845440000001,1.4334373474121094
769.5138216018677,822.7950640000001,227.4781720000001,595.316892,1.4334373474121094
