walltime(s),cputime(s),systime(s),usertime(s),memory(GB)
2076.6717145442963,2208.175987,644.3648019999999,1563.811185,2.638092041015625
