walltime(s),cputime(s),systime(s),usertime(s),memory(GB)
181.08333253860474,200.499556,12.114269,188.385287,0.7523384094238281
181.89393281936646,200.012684,11.736156000000001,188.276528,0.7523384094238281
180.2077295780182,199.154123,11.851053,187.30307,0.7523384094238281
181.34607982635498,201.234538,11.738538000000005,189.49599999999998,0.7523384094238281
179.33947849273682,197.75258900000003,11.919299000000002,185.83329000000003,0.7523384094238281
179.9950397014618,198.86936599999999,11.601394000000006,187.267972,0.7523384094238281
180.2392222881317,199.24642899999998,11.643850999999998,187.602578,0.7523384094238281
180.05760622024536,198.88752899999992,11.353765999999993,187.5337629999999,0.7523384094238281
179.97569465637207,198.459187,11.492017999999987,186.967169,0.7523384094238281
180.2423539161682,199.02747599999992,11.730474999999998,187.2970009999999,0.7523384094238281
180.972660779953,200.06761500000013,11.845541999999995,188.22207300000014,0.7523384094238281
179.78819227218628,197.96964399999968,11.963791000000015,186.00585299999966,0.7523384094238281
180.8336865901947,199.78266799999975,11.899103999999994,187.88356399999975,0.7523384094238281
180.90556645393372,199.85205200000013,11.937119999999993,187.91493200000014,0.7523384094238281
181.24462056159973,200.52857000000034,11.63541600000002,188.89315400000032,0.7523384094238281
181.29740071296692,200.2908129999998,11.889119999999991,188.4016929999998,0.7523384094238281
181.09025621414185,200.13936900000013,11.61856800000001,188.52080100000012,0.7523384094238281
181.0066921710968,199.75193600000017,11.774833000000001,187.97710300000017,0.7523384094238281
181.85921025276184,201.28765400000026,12.418338000000006,188.86931600000025,0.7523384094238281
