walltime(s),cputime(s),systime(s),usertime(s),memory(GB)
378.9579315185547,410.368948,98.570431,311.798517,0.47777557373046875
387.77145314216614,419.478473,101.966681,317.511792,0.4779167175292969
368.51401138305664,399.2147749999999,93.94795599999998,305.26681899999994,0.4779167175292969
386.9838659763336,418.57519900000017,101.65526200000005,316.9199370000001,0.47837066650390625
383.19110012054443,414.6500269999999,100.53045399999996,314.11957299999995,0.47837066650390625
385.2313160896301,416.74283899999995,99.942653,316.80018599999994,0.47837066650390625
380.63411378860474,411.717766,99.26954799999999,312.448218,0.4784660339355469
385.0118281841278,416.3664490000001,100.40208600000005,315.96436300000005,0.4784660339355469
381.41700410842896,412.7206410000002,99.09851500000002,313.6221260000002,0.4784660339355469
