walltime(s),cputime(s),systime(s),usertime(s),memory(GB)
237.71167469024658,249.900241,71.683841,178.2164,0.47493743896484375
230.98431038856506,243.79929099999998,68.123409,175.675882,0.47493743896484375
226.1820933818817,239.13516799999996,66.882117,172.25305099999997,0.47493743896484375
225.82264590263367,238.73341499999992,67.32944499999996,171.40396999999996,0.47493743896484375
223.46177196502686,236.56385700000004,67.065495,169.49836200000004,0.47493743896484375
221.3550455570221,234.33693399999999,65.78456599999998,168.552368,0.47493743896484375
216.43579053878784,229.78992500000004,64.871263,164.91866200000004,0.47493743896484375
214.93679523468018,228.17615799999987,64.62559799999997,163.5505599999999,0.47493743896484375
214.29499506950378,227.9050450000001,64.25442200000009,163.650623,0.47493743896484375
215.5947060585022,228.91441899999995,65.60768499999995,163.306734,0.47493743896484375
215.37090682983398,229.00668299999995,64.80691300000001,164.19976999999994,0.47493743896484375
218.18878173828125,231.962943,65.12363099999993,166.83931200000006,0.47493743896484375
216.36054515838623,230.076734,64.81389899999999,165.262835,0.47493743896484375
215.8769612312317,229.52830800000027,65.08544900000004,164.44285900000023,0.47493743896484375
214.6852264404297,228.41914300000008,64.59848899999997,163.8206540000001,0.47493743896484375
213.2385458946228,227.1915560000001,62.94118999999989,164.2503660000002,0.47493743896484375
