walltime(s),cputime(s),systime(s),usertime(s),memory(GB)
628.0038633346558,684.839667,184.95045199999998,499.889215,0.6563987731933594
644.7773976325989,702.6768950000001,190.683241,511.99365400000005,0.6579627990722656
644.4123814105988,701.9408150000002,190.39065500000004,511.5501600000001,0.6588363647460938
641.6070775985718,698.6377609999998,188.38521000000003,510.2525509999998,0.6594390869140625
646.1181454658508,703.6781300000001,191.45481099999995,512.2233190000002,0.6594390869140625
