walltime(s),cputime(s),systime(s),usertime(s),memory(GB)
3461.993289709091,3788.525452,929.097477,2859.427975,3.368560791015625
