walltime(s),cputime(s),systime(s),usertime(s),memory(GB)
2180.615082025528,2395.191487,580.539986,1814.651501,1.7542266845703125
