walltime(s),cputime(s),systime(s),usertime(s),memory(GB)
796.9472367763519,874.9603790000001,241.636599,633.32378,0.7397575378417969
803.2102663516998,881.1362150000001,241.759821,639.3763940000001,0.7397575378417969
806.3397126197815,884.7324769999999,242.952897,641.7795799999999,0.7397575378417969
797.7165026664734,874.8909359999999,237.82678900000008,637.0641469999998,0.7397575378417969
