walltime(s),cputime(s),systime(s),usertime(s),memory(GB)
173.84264945983887,189.90494,9.348839,180.556101,1.8380661010742188
167.25166177749634,182.85991199999998,8.069886999999998,174.79002499999999,1.8380661010742188
162.71877336502075,178.10387899999998,7.459325,170.64455399999997,1.8380661010742188
162.74522304534912,178.34378100000004,7.465465000000002,170.87831600000004,1.8380661010742188
162.79065918922424,178.08618400000006,7.526676000000002,170.55950800000005,1.8380661010742188
163.3145718574524,179.21735400000009,7.651598999999997,171.56575500000008,1.8380661010742188
162.25832295417786,177.49790699999988,7.363410999999999,170.1344959999999,1.8380661010742188
162.86822271347046,178.22732100000007,7.601633,170.62568800000008,1.8380661010742188
162.86438298225403,178.2257039999999,7.679464000000003,170.5462399999999,1.8380661010742188
163.90703463554382,179.9622880000001,7.786034999999998,172.1762530000001,1.8380661010742188
163.33590722084045,178.7883520000001,7.394331000000008,171.39402100000007,1.8380661010742188
162.80508375167847,177.7754549999998,7.206116999999992,170.5693379999998,1.8380661010742188
162.4885597229004,177.60555500000007,7.200636000000003,170.40491900000006,1.8380661010742188
163.5415849685669,179.4244760000002,7.605975000000001,171.8185010000002,1.8380661010742188
162.69548988342285,178.17739199999986,7.573094999999995,170.60429699999986,1.8380661010742188
163.95303583145142,180.16143999999977,7.9493559999999945,172.21208399999978,1.8380661010742188
163.11692214012146,178.5824750000001,7.574234999999987,171.00824000000011,1.8380661010742188
163.99965929985046,180.2409880000001,8.094549,172.1464390000001,1.8380661010742188
164.77654695510864,180.9997660000002,8.096972999999991,172.9027930000002,1.8380661010742188
171.55138206481934,188.03185100000002,8.155868999999996,179.87598200000002,1.8380661010742188
163.26192927360535,178.60969799999975,7.986808999999994,170.62288899999976,1.8380661010742188
