walltime(s),cputime(s),systime(s),usertime(s),memory(GB)
340.89191913604736,359.75660000000005,93.601282,266.155318,0.5529289245605469
334.6786961555481,354.5436399999999,89.55958299999999,264.98405699999995,0.5533905029296875
328.7351305484772,349.1129639999999,89.391482,259.7214819999999,0.5533905029296875
327.10576248168945,347.591759,86.466228,261.125531,0.5533905029296875
324.88265085220337,345.967096,86.15551799999997,259.81157800000005,0.5533905029296875
325.07247400283813,345.72537,85.55557800000008,260.1697919999999,0.5533905029296875
316.86789441108704,336.91490899999985,83.87922099999992,253.03568799999994,0.5533905029296875
319.72615814208984,340.4819299999999,84.92038000000002,255.5615499999999,0.5533905029296875
315.2009210586548,335.85340599999995,83.2912960000001,252.56210999999985,0.5533905029296875
318.7670638561249,339.22686099999964,84.15249399999993,255.0743669999997,0.5533905029296875
317.1556875705719,338.23707799999977,83.22718300000008,255.0098949999997,0.5533905029296875
