walltime(s),cputime(s),systime(s),usertime(s),memory(GB)
1780.9429123401642,1892.8733300000001,575.274709,1317.598621,2.638866424560547
1692.8405740261078,1808.642817,542.877018,1265.765799,2.638866424560547
