walltime(s),cputime(s),systime(s),usertime(s),memory(GB)
790.8924431800842,871.7001409999999,258.97236499999997,612.727776,0.7534141540527344
794.8175413608551,875.1903299999999,255.58008499999994,619.610245,0.7550773620605469
700.277553319931,767.4923840000001,201.19200999999998,566.3003740000001,0.7550773620605469
697.2138814926147,763.7723910000001,197.21882900000003,566.553562,0.7550773620605469
