walltime(s),cputime(s),systime(s),usertime(s),memory(GB)
224.67390251159668,237.71781099999998,62.540465,175.177346,0.4540901184082031
225.02872323989868,238.107558,61.42038300000001,176.687175,0.4633293151855469
217.24774169921875,230.82466600000006,58.95891800000001,171.86574800000005,0.4633293151855469
212.4068100452423,227.05261699999997,56.038241,171.01437599999997,0.4633293151855469
206.69214510917664,222.102129,54.89989400000002,167.20223499999997,0.4633293151855469
204.50580668449402,219.88297,54.16214600000001,165.720824,0.4633293151855469
203.77869939804077,219.33055700000006,53.09755799999999,166.23299900000006,0.4633293151855469
199.93039464950562,215.71195699999987,51.91519600000004,163.79676099999983,0.4633293151855469
198.73108649253845,213.99262800000002,51.28394099999997,162.70868700000005,0.4633293151855469
197.74198746681213,213.41650199999992,50.15929199999994,163.25721,0.4633293151855469
197.1566002368927,212.42591900000002,49.43203100000005,162.99388799999997,0.4633293151855469
197.04595565795898,212.80546400000003,51.181542000000036,161.623922,0.4633293151855469
196.38215231895447,212.17790000000014,49.262707999999975,162.91519200000016,0.4633293151855469
189.26313734054565,204.6024020000001,47.51425299999994,157.08814900000016,0.4633293151855469
187.74917316436768,202.776167,47.05958099999998,155.716586,0.4633293151855469
194.45176076889038,210.46615200000008,48.74959799999999,161.7165540000001,0.4633293151855469
192.29519271850586,207.73152000000005,48.36070799999993,159.37081200000011,0.4633293151855469
