walltime(s),cputime(s),systime(s),usertime(s),memory(GB)
185.8003842830658,204.512872,14.576289,189.93658299999998,0.7506637573242188
186.9022765159607,205.11189700000003,14.250575,190.86132200000003,0.7506637573242188
180.2534577846527,198.49353500000004,13.454664000000001,185.03887100000003,0.7506637573242188
184.400399684906,203.48802899999993,13.667751000000003,189.82027799999992,0.7506637573242188
185.96626043319702,205.78613200000004,14.536687,191.24944500000004,0.7506637573242188
184.91171216964722,203.73502100000005,14.22036,189.51466100000005,0.7506637573242188
185.9639699459076,204.34578399999998,13.513783000000004,190.832001,0.7506637573242188
186.72240543365479,205.60718699999995,14.10136399999999,191.50582299999996,0.7506637573242188
187.77422070503235,206.96976700000005,14.504002999999997,192.46576400000004,0.7506637573242188
188.10446643829346,207.02824899999996,14.084883000000005,192.94336599999997,0.7506637573242188
176.0773847103119,193.4777200000002,13.225368000000003,180.2523520000002,0.7506637573242188
172.66563272476196,189.71933199999975,12.665106000000009,177.05422599999974,0.7506637573242188
177.94709157943726,196.49369899999985,13.22667199999998,183.26702699999987,0.7506637573242188
184.82141280174255,202.42301799999998,13.337321000000003,189.08569699999998,0.7506637573242188
187.08702111244202,206.7348279999999,14.218533000000008,192.5162949999999,0.7506637573242188
179.5062975883484,198.11178400000017,13.378823000000011,184.73296100000016,0.7506637573242188
174.632652759552,193.52390100000002,13.129187000000002,180.39471400000002,0.7506637573242188
181.08060765266418,199.641542,13.07737499999999,186.564167,0.7506637573242188
175.256356716156,192.84305000000043,12.622045999999983,180.22100400000045,0.7506637573242188
