walltime(s),cputime(s),systime(s),usertime(s),memory(GB)
983.8985629081726,1036.98849,320.351481,716.637009,1.5663986206054688
943.2436261177063,998.8803580000001,300.046857,698.8335010000001,1.5683441162109375
968.2046754360199,1020.4143359999999,310.319386,710.0949499999999,1.5683441162109375
