walltime(s),cputime(s),systime(s),usertime(s),memory(GB)
625.3183810710907,684.97907,178.39650200000003,506.582568,0.5998573303222656
636.5933825969696,697.1019200000001,182.15081800000002,514.951102,0.60546875
636.0907099246979,696.6923189999999,182.16405999999995,514.5282589999999,0.60546875
633.4750082492828,693.8392620000001,180.89801999999997,512.9412420000001,0.6059074401855469
628.3455362319946,688.1721290000002,177.904087,510.26804200000015,0.6059074401855469
