walltime(s),cputime(s),systime(s),usertime(s),memory(GB)
163.66147994995117,180.303703,53.537701000000006,126.76600200000001,0.3138084411621094
166.2529318332672,182.963902,53.805252,129.15865,0.3138427734375
162.35258102416992,178.652312,52.076924000000005,126.57538799999998,0.3138427734375
165.3068721294403,181.92219699999993,53.948419,127.97377799999992,0.3138427734375
159.73557209968567,175.97158799999997,52.399002999999965,123.572585,0.3138427734375
156.86089873313904,172.800004,51.730080999999984,121.06992300000002,0.3138427734375
146.19350123405457,161.30158999999998,48.68279000000001,112.61879999999996,0.3138427734375
150.24054431915283,165.51947699999994,49.030529,116.48894799999994,0.3138427734375
164.10947442054749,180.39715999999993,51.26650699999999,129.13065299999994,0.3138427734375
161.3449583053589,177.38923499999999,49.910432000000014,127.47880299999997,0.3138427734375
141.9528307914734,155.699248,40.538815,115.16043300000001,0.3138427734375
143.30020713806152,157.0954300000002,40.38802300000009,116.7074070000001,0.3138427734375
143.41056847572327,157.21470899999986,40.772498999999925,116.44220999999993,0.3138427734375
143.35149502754211,157.18625500000007,40.55817200000001,116.62808300000006,0.3138427734375
140.9510679244995,154.5877770000002,40.576998,114.01077900000018,0.3138427734375
143.38898038864136,157.20451000000003,40.48224000000005,116.72226999999998,0.3138427734375
143.37785148620605,157.1636689999998,40.70918299999994,116.45448599999986,0.3138427734375
143.42681407928467,157.25551899999994,40.42778800000008,116.82773099999986,0.3138427734375
143.37276911735535,157.18971,40.83200999999997,116.35770000000002,0.3138427734375
143.3989691734314,157.21627400000023,40.83711600000004,116.37915800000019,0.3138427734375
141.00430369377136,154.61965699999985,40.61339099999998,114.00626599999987,0.3138427734375
142.64979600906372,156.50130400000012,40.77694799999995,115.72435600000017,0.3138427734375
143.04205441474915,156.8885600000001,40.067412000000104,116.821148,0.3138427734375
143.09769678115845,156.96663600000034,40.059234999999944,116.90740100000039,0.3138427734375
