walltime(s),cputime(s),systime(s),usertime(s),memory(GB)
535.7461354732513,587.308509,154.480998,432.827511,0.591705322265625
540.589816570282,592.6849420000001,155.288186,437.39675600000004,0.5946998596191406
541.104127407074,593.225093,154.38392600000003,438.8411669999999,0.5951728820800781
540.9352900981903,593.0423509999998,154.834337,438.2080139999998,0.5951957702636719
540.3553490638733,592.4615210000001,154.27236600000003,438.189155,0.5951957702636719
539.8528547286987,591.765555,152.922595,438.84295999999995,0.5951957702636719
