walltime(s),cputime(s),systime(s),usertime(s),memory(GB)
3414.401070833206,3781.7395450000004,1179.165953,2602.573592,2.7874679565429688
