walltime(s),cputime(s),systime(s),usertime(s),memory(GB)
732.2801675796509,776.198021,204.02505499999998,572.1729660000001,0.978057861328125
702.321389913559,748.0725279999999,187.566882,560.505646,1.0577964782714844
694.4802486896515,741.0739319999999,186.06818499999997,555.0057469999999,1.0577964782714844
698.6460430622101,745.29761,186.7955639999999,558.5020460000001,1.0577964782714844
697.5047402381897,743.8809290000002,187.61295399999995,556.2679750000002,1.0577964782714844
