walltime(s),cputime(s),systime(s),usertime(s),memory(GB)
2158.778062582016,2283.351267,666.144023,1617.207244,3.3554954528808594
