walltime(s),cputime(s),systime(s),usertime(s),memory(GB)
0.7245168685913086,0.7244940000000006,0.013630999999999949,0.7108630000000007,0.20629501342773438
0.6860945224761963,0.6860800000000006,0.009823000000000026,0.6762570000000006,0.20641326904296875
0.6850924491882324,0.6849940000000005,0.0,0.6849940000000005,0.20643234252929688
0.6834733486175537,0.68316,0.0,0.68316,0.20643234252929688
0.6878178119659424,0.6877969999999998,0.0,0.6877969999999998,0.20643234252929688
0.6868109703063965,0.6867849999999986,0.0,0.6867849999999986,0.20643234252929688
0.6878149509429932,0.6877929999999992,0.0,0.6877929999999992,0.20643234252929688
0.6852326393127441,0.6852110000000007,0.0,0.6852110000000007,0.20643234252929688
0.6824939250946045,0.68248,0.0,0.68248,0.20643234252929688
0.689751386642456,0.6897289999999998,0.0,0.6897289999999998,0.20643234252929688
0.679434061050415,0.679329000000001,0.0,0.679329000000001,0.20643234252929688
0.6836445331573486,0.6836300000000008,0.0,0.6836300000000008,0.20643234252929688
0.684636116027832,0.6846209999999999,0.0,0.6846209999999999,0.20643234252929688
0.6793637275695801,0.6793479999999992,0.0,0.6793479999999992,0.20643234252929688
0.6820147037506104,0.6819999999999986,0.0,0.6819999999999986,0.20643234252929688
0.6816234588623047,0.681601999999998,0.0,0.681601999999998,0.20643234252929688
0.681476354598999,0.6814609999999988,0.0,0.6814609999999988,0.20643234252929688
0.6813640594482422,0.6813479999999998,0.0,0.6813479999999998,0.20643234252929688
0.6830637454986572,0.6830479999999994,0.0,0.6830479999999994,0.20643234252929688
0.6820237636566162,0.6820089999999972,0.0,0.6820089999999972,0.20643234252929688
0.6835699081420898,0.6835560000000029,0.0,0.6835560000000029,0.20643234252929688
0.6926121711730957,0.6925899999999992,0.0,0.6925899999999992,0.20643234252929688
0.695580005645752,0.6955649999999984,0.0,0.6955649999999984,0.20643234252929688
0.6889426708221436,0.6889280000000007,0.0,0.6889280000000007,0.20643234252929688
0.6791088581085205,0.6790940000000028,0.0,0.6790940000000028,0.20643234252929688
0.6870126724243164,0.6869979999999991,0.0,0.6869979999999991,0.20643234252929688
0.6827836036682129,0.6827610000000028,0.0,0.6827610000000028,0.20643234252929688
0.6793663501739502,0.6793510000000005,0.0,0.6793510000000005,0.20643234252929688
0.6837847232818604,0.6837690000000016,0.0,0.6837690000000016,0.20643234252929688
0.6874592304229736,0.6874439999999993,0.0,0.6874439999999993,0.20643234252929688
