walltime(s),cputime(s),systime(s),usertime(s),memory(GB)
4.163266181945801,4.163215,0.072129,4.091086,0.22097396850585938
4.1156909465789795,4.115684,0.0,4.115684,0.222076416015625
4.123687267303467,4.123667999999999,0.0,4.123667999999999,0.22231292724609375
4.126891613006592,4.1268509999999985,0.0,4.1268509999999985,0.22231292724609375
4.133067846298218,4.133054999999999,0.0,4.133054999999999,0.22231292724609375
4.136117935180664,4.136106999999999,0.0,4.136106999999999,0.22231292724609375
4.135300874710083,4.135270999999996,0.0,4.135270999999996,0.22231292724609375
4.15367865562439,4.153669999999998,0.0,4.153669999999998,0.22231292724609375
4.127580165863037,4.127570000000006,0.0,4.127570000000006,0.22231292724609375
4.1270811557769775,4.127062000000002,0.0,4.127062000000002,0.22231292724609375
4.127672910690308,4.127662999999998,0.0,4.127662999999998,0.22231292724609375
4.130390882492065,4.130382999999995,0.0,4.130382999999995,0.22231292724609375
4.130553245544434,4.130542999999996,0.0,4.130542999999996,0.22231292724609375
4.120572090148926,4.120556999999998,0.0,4.120556999999998,0.22231292724609375
4.1334123611450195,4.1333849999999925,0.003975000000000006,4.129409999999993,0.22231292724609375
4.210415840148926,4.210409999999996,0.0,4.210409999999996,0.22231292724609375
4.2600417137146,4.260044000000001,0.0039879999999999916,4.256056000000001,0.22231292724609375
4.014490365982056,4.014483999999996,0.0,4.014483999999996,0.22231292724609375
4.040017604827881,4.03999300000001,0.0,4.03999300000001,0.22231292724609375
4.213762998580933,4.213746,0.0,4.213746,0.22231292724609375
4.003040313720703,4.003010000000003,0.0,4.003010000000003,0.22231292724609375
4.008630037307739,4.008583000000002,0.0,4.008583000000002,0.22231292724609375
4.318152189254761,4.306655999999991,0.003997000000000028,4.302658999999991,0.22231292724609375
4.15068507194519,4.150669000000008,0.0,4.150669000000008,0.22231292724609375
4.029570579528809,4.029561000000001,0.0,4.029561000000001,0.22231292724609375
4.1715247631073,4.171503999999999,0.0,4.171503999999999,0.22231292724609375
4.106784343719482,4.106767000000005,0.0,4.106767000000005,0.22231292724609375
4.007761716842651,4.007666,0.0,4.007666,0.22231292724609375
4.00173020362854,4.001729999999995,0.0,4.001729999999995,0.22231292724609375
4.003535985946655,4.0035179999999855,0.0,4.0035179999999855,0.22231292724609375
