walltime(s),cputime(s),systime(s),usertime(s),memory(GB)
0.11633133888244629,0.11632399999999943,0.028105999999999964,0.08821799999999946,0.19451904296875
0.07118511199951172,0.07117400000000007,0.0,0.07117400000000007,0.19451904296875
0.07265710830688477,0.0726469999999999,0.0,0.0726469999999999,0.19451904296875
0.07274532318115234,0.07272500000000015,0.0,0.07272500000000015,0.19451904296875
0.06935405731201172,0.06934500000000021,0.0,0.06934500000000021,0.19451904296875
0.06983137130737305,0.06982299999999952,0.0,0.06982299999999952,0.19451904296875
0.06879663467407227,0.06878700000000038,0.0,0.06878700000000038,0.19451904296875
0.07189798355102539,0.07187999999999928,0.0,0.07187999999999928,0.19451904296875
0.06840801239013672,0.06839800000000018,0.0,0.06839800000000018,0.19451904296875
0.07120347023010254,0.0711940000000002,0.0,0.0711940000000002,0.19451904296875
0.07142329216003418,0.071415,0.0,0.071415,0.19451904296875
0.06766629219055176,0.06765799999999977,0.0,0.06765799999999977,0.19451904296875
0.06846499443054199,0.0684559999999994,0.0,0.0684559999999994,0.19451904296875
0.06963372230529785,0.06962499999999938,0.0,0.06962499999999938,0.19451904296875
0.06850957870483398,0.06850000000000023,0.0,0.06850000000000023,0.19451904296875
0.06847739219665527,0.0684610000000001,0.0,0.0684610000000001,0.19451904296875
0.07107043266296387,0.0710620000000004,0.0,0.0710620000000004,0.19451904296875
0.07175660133361816,0.07174699999999934,0.0,0.07174699999999934,0.19451904296875
0.06886076927185059,0.06885100000000044,0.0,0.06885100000000044,0.19451904296875
0.07171368598937988,0.07170399999999955,0.0,0.07170399999999955,0.19451904296875
0.06923556327819824,0.06922599999999957,0.0,0.06922599999999957,0.19451904296875
0.07158470153808594,0.07157500000000017,0.0,0.07157500000000017,0.19451904296875
0.07062721252441406,0.07061700000000037,0.0,0.07061700000000037,0.19451904296875
0.07022285461425781,0.070214,0.0,0.070214,0.19451904296875
0.0718224048614502,0.07181299999999968,0.0,0.07181299999999968,0.19451904296875
0.07226014137268066,0.07224699999999995,0.0,0.07224699999999995,0.19451904296875
0.07419157028198242,0.07418199999999953,0.0,0.07418199999999953,0.19451904296875
0.07333779335021973,0.07332800000000006,0.0,0.07332800000000006,0.19451904296875
0.06363964080810547,0.06362899999999971,0.0,0.06362899999999971,0.19451904296875
0.06348466873168945,0.06347300000000011,0.0,0.06347300000000011,0.19451904296875
