walltime(s),cputime(s),systime(s),usertime(s),memory(GB)
1316.8697881698608,1316.730574,28.891308,1287.839266,24.794933319091797
1309.4332330226898,1309.4097230000002,23.043515,1286.3662080000001,24.794933319091797
