walltime(s),cputime(s),systime(s),usertime(s),memory(GB)
160.3295795917511,160.32890199999997,2.9363099999999998,157.39259199999998,2.671924591064453
162.012943983078,162.01239099999998,2.7079859999999996,159.30440499999997,2.671955108642578
161.7721655368805,161.68265499999998,2.792162000000001,158.890493,2.671955108642578
161.83270955085754,161.83133400000003,2.5999689999999998,159.23136500000004,2.671955108642578
162.7876455783844,162.7867739999999,2.707979,160.0787949999999,2.671955108642578
162.12456059455872,162.12359100000003,2.6959240000000015,159.42766700000004,2.671955108642578
161.73528265953064,161.7343720000001,2.5639730000000007,159.1703990000001,2.671955108642578
161.5891444683075,161.5878410000001,2.635930000000002,158.9519110000001,2.671955108642578
159.9476935863495,159.94672999999992,2.4119789999999988,157.53475099999991,2.671955108642578
160.94887351989746,160.94794199999998,2.7919990000000006,158.15594299999998,2.671955108642578
159.6527178287506,159.6515670000001,2.535976999999999,157.1155900000001,2.671955108642578
160.79091000556946,160.79004199999991,2.6559629999999963,158.13407899999993,2.671955108642578
161.66922116279602,161.6679680000002,2.751975999999999,158.9159920000002,2.671955108642578
161.5765438079834,161.5729929999999,2.751950000000001,158.82104299999992,2.671955108642578
161.73505663871765,161.73077999999967,2.6839060000000003,159.04687399999966,2.671955108642578
162.01196599006653,162.007439,2.539905999999995,159.467533,2.671955108642578
161.84025835990906,161.83634500000022,2.639874000000006,159.1964710000002,2.671955108642578
161.55655550956726,161.55277700000008,2.5959470000000024,158.95683000000008,2.671955108642578
158.89248514175415,158.88837800000022,2.575915000000002,156.3124630000002,2.671955108642578
156.4254081249237,156.42167299999986,2.511896,153.90977699999985,2.671955108642578
156.2470932006836,156.2429510000001,2.495917999999996,153.7470330000001,2.671955108642578
156.43189644813538,156.4280369999999,2.539935,153.8881019999999,2.671955108642578
