walltime(s),cputime(s),systime(s),usertime(s),memory(GB)
468.3001432418823,468.202257,6.70702,461.495237,7.687541961669922
472.66531801223755,472.589306,5.0756760000000005,467.51363000000003,7.687770843505859
472.82497811317444,472.76893599999994,5.183889000000001,467.5850469999999,7.687847137451172
465.3115839958191,465.31024099999996,4.655961000000001,460.65427999999997,7.687847137451172
468.6558470726013,468.64457599999974,4.867867,463.77670899999976,7.687847137451172
467.8427188396454,467.8358109999998,5.215998000000003,462.6198129999998,7.687847137451172
466.4346549510956,466.41520499999996,5.099946000000003,461.31525899999997,7.687847137451172
