walltime(s),cputime(s),systime(s),usertime(s),memory(GB)
218.38197565078735,218.381702,4.411112,213.97059,3.8031845092773438
225.18328285217285,225.06076599999997,3.9758240000000002,221.08494199999998,3.8036460876464844
221.30444192886353,221.304336,4.027972999999999,217.276363,3.8036460876464844
221.64879393577576,221.64829099999992,4.012003000000002,217.63628799999992,3.8036460876464844
221.60237216949463,221.60183300000008,4.240012999999998,217.36182000000008,3.8036460876464844
221.5616545677185,221.55703200000005,3.927866999999999,217.62916500000006,3.8036460876464844
221.32957792282104,221.24708699999994,4.247741999999999,216.99934499999995,3.8036460876464844
221.32061195373535,221.319681,4.067971,217.25171,3.8036460876464844
234.2567641735077,234.25522799999987,4.399985999999998,229.85524199999986,3.8036460876464844
226.7503514289856,226.74803300000025,4.1998999999999995,222.54813300000023,3.8036460876464844
236.9482614994049,236.94683300000005,4.539977,232.40685600000006,3.8036460876464844
236.43741106987,236.43490099999974,4.3399670000000015,232.09493399999974,3.8036460876464844
239.6055510044098,239.6038640000002,4.523963999999999,235.07990000000018,3.8036460876464844
244.03425240516663,244.03260500000022,4.655935999999997,239.37666900000022,3.8036460876464844
230.3061375617981,230.30470399999996,4.343998999999997,225.96070499999996,3.8036460876464844
