walltime(s),cputime(s),systime(s),usertime(s),memory(GB)
1174.3416566848755,1174.2402550000002,25.359003,1148.8812520000001,21.617435455322266
1162.3129014968872,1162.2927619999998,21.275526000000003,1141.017236,21.618301391601562
1163.0066633224487,1162.986804,24.31557,1138.671234,21.618473052978516
