walltime(s),cputime(s),systime(s),usertime(s),memory(GB)
617.6667375564575,617.654644,9.497177,608.157467,11.619373321533203
625.1936345100403,625.1768260000001,7.127772999999998,618.0490530000001,11.619701385498047
627.2224164009094,627.214945,10.771964,616.4429809999999,11.619815826416016
633.7297277450562,633.7222280000002,14.047956000000003,619.6742720000002,11.619815826416016
618.5360748767853,618.5296370000001,8.075854999999997,610.453782,11.619815826416016
