walltime(s),cputime(s),systime(s),usertime(s),memory(GB)
677.6855764389038,677.676689,10.878095,666.798594,12.89449691772461
675.5922768115997,675.5844070000002,9.375699000000001,666.2087080000001,12.89486312866211
675.8583564758301,675.8503630000001,9.091812000000001,666.7585510000001,12.89486312866211
676.4208993911743,676.412868,9.251821,667.161047,12.89486312866211
676.1594460010529,676.1520500000001,9.49588,666.6561700000002,12.89486312866211
