walltime(s),cputime(s),systime(s),usertime(s),memory(GB)
703.4372253417969,703.428546,9.718707,693.709839,12.790699005126953
705.2547476291656,705.2463129999999,8.331821,696.9144919999999,12.791801452636719
706.3527479171753,706.3445860000003,8.559895000000001,697.7846910000003,12.791919708251953
706.9877514839172,706.9796329999999,8.403889999999997,698.5757429999999,12.791923522949219
707.0152781009674,707.0073210000003,9.147890000000004,697.8594310000003,12.791923522949219
