walltime(s),cputime(s),systime(s),usertime(s),memory(GB)
1088.720445394516,1088.709506,15.484630000000001,1073.224876,19.75829315185547
1099.191293478012,1099.181319,14.231802000000002,1084.949517,19.760208129882812
1100.5562915802002,1100.547244,14.195868,1086.351376,19.760208129882812
