walltime(s),cputime(s),systime(s),usertime(s),memory(GB)
240.13261532783508,240.13338000000002,4.688277,235.44510300000002,3.7814788818359375
241.64153933525085,241.642355,4.035907,237.606448,3.7814788818359375
240.59217762947083,240.59291500000003,3.175846,237.41706900000003,3.7814788818359375
261.94773983955383,261.9213920000001,3.7199109999999997,258.20148100000006,3.7814788818359375
288.5578761100769,288.55507000000006,4.151945000000001,284.40312500000005,3.7814788818359375
274.89961290359497,274.89714299999997,3.8959079999999986,271.00123499999995,3.7814788818359375
279.87064480781555,279.86782800000003,4.035927000000001,275.831901,3.7814788818359375
280.1621117591858,280.15928399999996,3.887917999999999,276.27136599999994,3.7814788818359375
276.6013650894165,276.59857299999993,4.059915,272.53865799999994,3.7814788818359375
275.5184450149536,275.515528,3.895927999999998,271.6196,3.7814788818359375
249.9982349872589,249.9964019999997,3.2919399999999968,246.7044619999997,3.7814788818359375
237.20438885688782,237.20321099999984,3.287983000000004,233.91522799999984,3.7814788818359375
232.6659550666809,232.66476299999994,3.0759860000000003,229.58877699999994,3.7814788818359375
