walltime(s),cputime(s),systime(s),usertime(s),memory(GB)
196.2008638381958,196.175028,3.0185259999999996,193.156502,3.6949501037597656
198.39672446250916,198.387267,2.5917120000000002,195.795555,3.699462890625
198.54731702804565,198.53721799999994,2.619797,195.91742099999993,3.6995315551757812
198.48228812217712,198.4723840000001,2.5798119999999987,195.8925720000001,3.699535369873047
198.39630484580994,198.38664400000002,2.643859000000001,195.74278500000003,3.699535369873047
198.45443534851074,198.44481100000002,2.6878389999999985,195.75697200000002,3.699535369873047
198.8769977092743,198.8673359999999,2.575876000000001,196.29145999999992,3.699535369873047
198.8120448589325,198.80220199999985,2.5238639999999997,196.27833799999985,3.699535369873047
198.64332962036133,198.63422000000003,2.6198650000000008,196.01435500000002,3.699535369873047
198.6735541820526,198.6638520000001,2.511834999999998,196.15201700000011,3.699535369873047
198.84752297401428,198.8378630000003,2.4998639999999988,196.3379990000003,3.699535369873047
198.79446411132812,198.78441900000018,2.7238420000000048,196.0605770000002,3.699535369873047
199.4352216720581,199.42516300000028,2.5318560000000048,196.89330700000028,3.699535369873047
198.77939224243164,198.76969200000028,2.5998620000000017,196.16983000000027,3.699535369873047
198.8418881893158,198.8320319999998,2.6558390000000003,196.17619299999978,3.699535369873047
198.73547959327698,198.72598300000007,2.611865999999999,196.11411700000008,3.699535369873047
198.72715187072754,198.71723099999986,2.643909999999998,196.07332099999985,3.699535369873047
198.72249007225037,198.71237100000036,2.7158960000000008,195.99647500000037,3.699535369873047
