walltime(s),cputime(s),systime(s),usertime(s),memory(GB)
181.68409156799316,181.64120499999999,3.537191,178.10401399999998,3.4781646728515625
181.29261755943298,181.29148999999998,3.2880409999999998,178.003449,3.4800033569335938
181.86244344711304,181.84047700000002,3.111966,178.72851100000003,3.4801177978515625
181.0403230190277,181.015602,3.1157889999999995,177.899813,3.4801177978515625
181.31785655021667,181.3097670000001,3.1239729999999994,178.1857940000001,3.4801177978515625
181.40580201148987,181.3955959999999,3.023935999999999,178.3716599999999,3.480121612548828
181.188556432724,181.18662399999997,3.0799839999999996,178.10663999999997,3.480121612548828
181.62300276756287,181.61485200000007,3.2319090000000017,178.38294300000007,3.480121612548828
182.1456069946289,182.13044499999998,3.215903000000001,178.91454199999998,3.480121612548828
182.01587748527527,182.01283200000006,3.07995,178.93288200000006,3.480121612548828
181.2864933013916,181.28467799999999,2.9959500000000006,178.288728,3.480121612548828
181.13419556617737,181.12766100000022,2.939932000000006,178.18772900000022,3.480121612548828
180.96295380592346,180.95938600000045,2.9079990000000038,178.05138700000043,3.480121612548828
181.16900730133057,181.1621050000002,3.1799660000000003,177.9821390000002,3.480121612548828
183.31255340576172,183.28288999999987,3.183910999999995,180.09897899999987,3.480121612548828
180.56423473358154,180.5583129999999,2.923909000000002,177.6344039999999,3.480121612548828
176.06047916412354,176.0236989999999,2.916138999999994,173.10755999999992,3.480121612548828
169.17052912712097,169.14610399999987,2.8718299999999957,166.27427399999988,3.480121612548828
164.62575793266296,164.6232749999999,2.6439939999999993,161.9792809999999,3.480121612548828
161.2923185825348,161.28577000000004,2.255976000000004,159.02979400000004,3.480121612548828
