walltime(s),cputime(s),systime(s),usertime(s),memory(GB)
504.14928579330444,504.145929,9.668942,494.476987,8.205150604248047
504.52793288230896,504.52539599999994,8.800037000000001,495.72535899999997,8.220722198486328
508.8719964027405,508.8698139999999,9.107943000000002,499.7618709999999,8.220722198486328
509.90382504463196,509.9021240000001,8.915983,500.9861410000001,8.220722198486328
510.0800533294678,510.07838600000025,8.899943,501.17844300000024,8.220722198486328
511.2884404659271,511.2856319999996,9.139960000000002,502.14567199999965,8.220722198486328
507.96645522117615,507.9644129999997,8.927905000000003,499.0365079999997,8.220722198486328
