walltime(s),cputime(s),systime(s),usertime(s),memory(GB)
0.4564812183380127,0.45646200000000015,0.0,0.45646200000000015,0.20088577270507812
0.39996981620788574,0.39997099999999985,0.0,0.39997099999999985,0.20088577270507812
0.3893756866455078,0.38937700000000053,0.0,0.38937700000000053,0.20088577270507812
0.38801074028015137,0.3880020000000002,0.0,0.3880020000000002,0.20088577270507812
0.39408111572265625,0.39406799999999986,0.0,0.39406799999999986,0.20088577270507812
0.3972489833831787,0.3972290000000003,0.0,0.3972290000000003,0.2011260986328125
0.3920893669128418,0.3920899999999996,0.0,0.3920899999999996,0.2011260986328125
0.39470553398132324,0.39469500000000046,0.0,0.39469500000000046,0.2011260986328125
0.3910219669342041,0.3910220000000004,0.0,0.3910220000000004,0.2011260986328125
0.39357757568359375,0.3935689999999994,0.0,0.3935689999999994,0.2011260986328125
0.3844010829925537,0.3844019999999997,0.0,0.3844019999999997,0.2011260986328125
0.3855876922607422,0.38558800000000026,0.0,0.38558800000000026,0.2011260986328125
0.3862733840942383,0.38627500000000126,0.0,0.38627500000000126,0.2011260986328125
0.38703036308288574,0.38703100000000035,0.0,0.38703100000000035,0.2011260986328125
0.3883354663848877,0.38833699999999993,0.0,0.38833699999999993,0.2011260986328125
0.3853156566619873,0.3853170000000006,0.0,0.3853170000000006,0.2011260986328125
0.38915061950683594,0.3891390000000001,0.0,0.3891390000000001,0.2011260986328125
0.39365577697753906,0.393656,0.0,0.393656,0.2011260986328125
0.3925762176513672,0.39255899999999855,0.0,0.39255899999999855,0.2011260986328125
0.3927609920501709,0.3927510000000005,0.0,0.3927510000000005,0.2011260986328125
0.3906972408294678,0.39069800000000043,0.0,0.39069800000000043,0.2011260986328125
0.39646029472351074,0.39646000000000114,0.0,0.39646000000000114,0.2011260986328125
0.3910253047943115,0.391019,0.0,0.391019,0.2011260986328125
0.3882434368133545,0.3882429999999992,0.0,0.3882429999999992,0.2011260986328125
0.3839726448059082,0.38397400000000026,0.0,0.38397400000000026,0.2011260986328125
0.396636962890625,0.39663700000000013,0.0,0.39663700000000013,0.2011260986328125
0.3856022357940674,0.3856030000000015,0.0,0.3856030000000015,0.2011260986328125
0.38820457458496094,0.38819600000000065,0.0,0.38819600000000065,0.2011260986328125
0.3855397701263428,0.3855409999999999,0.0,0.3855409999999999,0.2011260986328125
0.38705921173095703,0.3870590000000007,0.0,0.3870590000000007,0.2011260986328125
