walltime(s),cputime(s),systime(s),usertime(s),memory(GB)
238.1969974040985,238.19785499999998,4.076211000000001,234.12164399999997,3.9192466735839844
230.74871587753296,230.74297299999998,3.9678389999999997,226.77513399999998,3.9193649291992188
229.43672847747803,229.43034300000002,4.091869000000001,225.33847400000002,3.9193649291992188
229.14669704437256,229.14321500000003,3.991969000000001,225.15124600000001,3.9193649291992188
229.40366339683533,229.406123,4.0480160000000005,225.35810700000002,3.9193649291992188
229.2820656299591,229.28461600000006,4.080074999999997,225.20454100000006,3.9193649291992188
231.10112261772156,231.10363200000006,4.131975000000001,226.97165700000005,3.9193649291992188
230.54261946678162,230.54512000000017,3.832016000000003,226.71310400000016,3.9193649291992188
243.18871474266052,243.19106899999986,3.483973000000006,239.70709599999986,3.9193649291992188
241.4627821445465,241.46535699999998,3.612015999999997,237.853341,3.9193649291992188
242.09296655654907,242.09624599999995,3.351994000000005,238.74425199999996,3.9193649291992188
235.79280924797058,235.79605100000038,3.364059999999995,232.43199100000038,3.9193649291992188
224.75595140457153,224.75952200000003,3.0080000000000027,221.75152200000002,3.9193649291992188
227.10117840766907,227.10453199999972,3.152065999999998,223.95246599999973,3.9193649291992188
228.00881338119507,228.01200400000008,3.3480380000000025,224.66396600000007,3.9193649291992188
