walltime(s),cputime(s),systime(s),usertime(s),memory(GB)
0.07877564430236816,0.07876700000000003,0.0,0.07876700000000003,0.1949462890625
0.06685876846313477,0.06684999999999963,0.0,0.06684999999999963,0.1949462890625
0.06725883483886719,0.06724899999999945,0.0,0.06724899999999945,0.1949462890625
0.06914401054382324,0.06913499999999928,0.0,0.06913499999999928,0.1949462890625
0.06664848327636719,0.06663899999999945,0.0,0.06663899999999945,0.1949462890625
0.06675958633422852,0.06674999999999986,0.0,0.06674999999999986,0.1949462890625
0.06608748435974121,0.06607900000000022,0.0,0.06607900000000022,0.1949462890625
0.06611156463623047,0.06610199999999988,0.0,0.06610199999999988,0.1949462890625
0.06696534156799316,0.06695600000000024,0.0,0.06695600000000024,0.1949462890625
0.06682920455932617,0.06681999999999988,0.0,0.06681999999999988,0.1949462890625
0.06662964820861816,0.06661999999999946,0.0,0.06661999999999946,0.1949462890625
0.06242203712463379,0.062411999999999246,0.0,0.062411999999999246,0.1949462890625
0.06281328201293945,0.06278700000000015,0.0,0.06278700000000015,0.1949462890625
0.06190299987792969,0.06189299999999953,0.0,0.06189299999999953,0.1949462890625
0.06200075149536133,0.06199099999999991,0.0,0.06199099999999991,0.1949462890625
0.06192779541015625,0.06190799999999985,0.0,0.06190799999999985,0.1949462890625
0.06214141845703125,0.062132000000000076,0.0,0.062132000000000076,0.1949462890625
0.06254100799560547,0.06253099999999989,0.0,0.06253099999999989,0.1949462890625
0.06270813941955566,0.0626989999999994,0.0,0.0626989999999994,0.1949462890625
0.0624392032623291,0.062429999999999986,0.0,0.062429999999999986,0.1949462890625
0.06224846839904785,0.06224000000000007,0.0,0.06224000000000007,0.1949462890625
0.061910152435302734,0.06189999999999962,0.0,0.06189999999999962,0.1949462890625
0.062345027923583984,0.06233600000000017,0.0,0.06233600000000017,0.1949462890625
0.0627751350402832,0.06276599999999988,0.0,0.06276599999999988,0.1949462890625
0.062191009521484375,0.06218199999999996,0.0,0.06218199999999996,0.1949462890625
0.06254863739013672,0.06253799999999998,0.0,0.06253799999999998,0.1949462890625
0.06265020370483398,0.06264000000000003,0.0,0.06264000000000003,0.1949462890625
0.061905860900878906,0.06189700000000009,0.0,0.06189700000000009,0.1949462890625
0.062001943588256836,0.06199200000000005,0.0,0.06199200000000005,0.1949462890625
0.062226057052612305,0.06221699999999952,0.0,0.06221699999999952,0.1949462890625
