walltime(s),cputime(s),systime(s),usertime(s),memory(GB)
947.6723244190216,947.391794,19.85011,927.541684,17.08580780029297
1045.8496565818787,935.0002649999999,13.203588000000003,921.7966769999999,17.08612060546875
937.3391568660736,937.328028,12.659832999999999,924.668195,17.08612060546875
