walltime(s),cputime(s),systime(s),usertime(s),memory(GB)
200.30906438827515,200.29993199999998,3.738915,196.561017,3.6086387634277344
199.91264867782593,199.905089,3.6638599999999997,196.241229,3.6093597412109375
200.34626507759094,200.33868499999997,3.7478230000000003,196.59086199999996,3.6096458435058594
202.2658224105835,202.25727700000002,3.7317990000000005,198.52547800000002,3.6096458435058594
201.49247908592224,201.48393199999998,3.467854000000001,198.016078,3.609821319580078
201.40038585662842,201.39191800000006,3.6958459999999995,197.69607200000007,3.609954833984375
200.45144724845886,200.4442749999999,3.7118339999999996,196.73244099999988,3.609954833984375
203.50838041305542,203.50075799999996,3.547848000000002,199.95290999999997,3.609954833984375
206.15944528579712,206.1528779999999,3.595875000000003,202.5570029999999,3.6099929809570312
205.53868556022644,205.532312,2.6599590000000006,202.87235299999998,3.6099929809570312
211.1174123287201,211.11086200000014,2.895862000000001,208.21500000000015,3.6099929809570312
212.25703930854797,212.250792,2.9279300000000035,209.322862,3.6099929809570312
212.2958221435547,212.28971400000003,2.9958640000000045,209.29385000000002,3.6099929809570312
212.09044313430786,212.0842950000002,2.9119560000000035,209.1723390000002,3.6099929809570312
212.11465001106262,212.1084520000002,2.9879029999999958,209.1205490000002,3.6099929809570312
209.49829769134521,209.49082200000004,2.9518830000000023,206.53893900000003,3.6099929809570312
206.79176306724548,206.77569299999988,2.7838819999999984,203.99181099999987,3.6099929809570312
