walltime(s),cputime(s),systime(s),usertime(s),memory(GB)
468.0880079269409,468.05700499999995,7.771283,460.28572199999996,7.7117919921875
473.3746964931488,473.361099,6.107555,467.25354400000003,7.711982727050781
474.47097635269165,474.44588500000015,6.383569999999999,468.0623150000001,7.711982727050781
472.63271474838257,472.61585199999996,6.131689999999999,466.48416199999997,7.711982727050781
474.81467604637146,474.77669699999996,6.211442000000002,468.565255,7.711982727050781
474.41042733192444,474.39829599999973,6.211810999999997,468.1864849999997,7.711982727050781
472.7583096027374,472.74056499999995,5.859738,466.88082699999995,7.711982727050781
