walltime(s),cputime(s),systime(s),usertime(s),memory(GB)
576.7223117351532,576.7149900000001,8.568532000000001,568.146458,10.971397399902344
572.0767283439636,572.071627,7.052083999999999,565.019543,10.971855163574219
572.100704908371,572.095613,7.103936000000001,564.991677,10.971855163574219
571.5156674385071,571.5101120000003,7.263941000000003,564.2461710000002,10.971855163574219
571.566563129425,571.5603889999999,7.0519199999999955,564.5084689999999,10.971855163574219
572.4859070777893,572.4803449999999,7.303907000000002,565.176438,10.971855163574219
