walltime(s),cputime(s),systime(s),usertime(s),memory(GB)
0.3120436668395996,0.31204500000000035,0.0,0.31204500000000035,0.19638442993164062
0.31044626235961914,0.3104459999999998,0.0,0.3104459999999998,0.1965789794921875
0.31455349922180176,0.31454199999999943,0.0031010000000000204,0.3114409999999994,0.19658660888671875
0.30730295181274414,0.30730200000000085,0.0,0.30730200000000085,0.19658660888671875
0.3091142177581787,0.3091140000000001,0.0,0.3091140000000001,0.19658660888671875
0.3111763000488281,0.31117600000000034,0.003686999999999996,0.30748900000000035,0.19658660888671875
0.3144509792327881,0.31444200000000055,0.0,0.31444200000000055,0.19658660888671875
0.30568790435791016,0.30567400000000067,0.0,0.30567400000000067,0.19658660888671875
0.31441712379455566,0.3144159999999996,0.0,0.3144159999999996,0.19659423828125
0.3074197769165039,0.30742000000000047,0.0,0.30742000000000047,0.19659423828125
0.31215381622314453,0.3121420000000006,0.0,0.3121420000000006,0.19659423828125
0.3136317729949951,0.313631,0.0,0.313631,0.19659423828125
0.3066434860229492,0.30664299999999933,0.0,0.30664299999999933,0.19659423828125
0.3091580867767334,0.3091489999999997,0.0,0.3091489999999997,0.19659423828125
0.3075580596923828,0.3075569999999992,0.0,0.3075569999999992,0.19659423828125
0.3086988925933838,0.30869800000000147,0.0,0.30869800000000147,0.19659423828125
0.31166815757751465,0.31165400000000076,0.0,0.31165400000000076,0.19659423828125
0.31023669242858887,0.3102360000000015,0.0,0.3102360000000015,0.19659423828125
0.31503987312316895,0.3150329999999997,0.0,0.3150329999999997,0.19659423828125
0.322953462600708,0.3229430000000004,0.0,0.3229430000000004,0.19659423828125
0.31571102142333984,0.31570999999999927,0.0,0.31570999999999927,0.19659423828125
0.3059194087982178,0.30590600000000023,0.0,0.30590600000000023,0.19659423828125
0.3128376007080078,0.3128360000000008,0.0,0.3128360000000008,0.19659423828125
0.31279778480529785,0.3127960000000005,0.0,0.3127960000000005,0.19659423828125
0.310654878616333,0.3106390000000001,0.0,0.3106390000000001,0.19659423828125
0.3156089782714844,0.31560900000000025,0.0,0.31560900000000025,0.19659423828125
0.3096029758453369,0.30960199999999993,0.0,0.30960199999999993,0.19659423828125
0.30778932571411133,0.307779,0.0,0.307779,0.19659423828125
0.3250155448913574,0.32500600000000013,0.0,0.32500600000000013,0.19659423828125
0.31038904190063477,0.31038299999999985,0.0,0.31038299999999985,0.19659423828125
