walltime(s),cputime(s),systime(s),usertime(s),memory(GB)
0.06808781623840332,0.068079,0.0,0.068079,0.19561767578125
0.06572890281677246,0.06571900000000053,0.0,0.06571900000000053,0.19561767578125
0.06575393676757812,0.06574500000000061,0.0,0.06574500000000061,0.19561767578125
0.06582069396972656,0.06581199999999932,0.0,0.06581199999999932,0.19561767578125
0.06335854530334473,0.06334000000000017,0.0,0.06334000000000017,0.19561767578125
0.06542825698852539,0.0654180000000002,0.0,0.0654180000000002,0.19561767578125
0.06333303451538086,0.06332200000000032,0.0,0.06332200000000032,0.19561767578125
0.06479024887084961,0.06477199999999961,0.0,0.06477199999999961,0.19561767578125
0.06395602226257324,0.06394400000000022,0.0,0.06394400000000022,0.19561767578125
0.06372451782226562,0.06371500000000019,0.0,0.06371500000000019,0.19561767578125
0.06344366073608398,0.06343399999999999,0.0,0.06343399999999999,0.19561767578125
0.06327509880065918,0.06326600000000049,0.0,0.06326600000000049,0.19561767578125
0.06330275535583496,0.06329399999999996,0.0,0.06329399999999996,0.19561767578125
0.0633535385131836,0.06333699999999975,0.0,0.06333699999999975,0.19561767578125
0.06372404098510742,0.06371600000000033,0.0,0.06371600000000033,0.19561767578125
0.06332659721374512,0.06331600000000037,0.0,0.06331600000000037,0.19561767578125
0.06542301177978516,0.06541399999999964,0.0,0.06541399999999964,0.19561767578125
0.06478381156921387,0.06477400000000078,0.0,0.06477400000000078,0.19561767578125
0.0651552677154541,0.06514400000000009,0.0,0.06514400000000009,0.19561767578125
0.06337475776672363,0.06336500000000012,0.0,0.06336500000000012,0.19561767578125
0.06331419944763184,0.06330599999999986,0.0,0.06330599999999986,0.19561767578125
0.06379365921020508,0.06378400000000006,0.0,0.06378400000000006,0.19561767578125
0.0633399486541748,0.06333000000000055,0.0,0.06333000000000055,0.19561767578125
0.0633840560913086,0.06337500000000063,0.0,0.06337500000000063,0.19561767578125
0.0647590160369873,0.06473500000000065,0.0,0.06473500000000065,0.19561767578125
0.06350040435791016,0.06349099999999996,0.0,0.06349099999999996,0.19561767578125
0.06462883949279785,0.06461900000000043,0.0,0.06461900000000043,0.19561767578125
0.06390786170959473,0.06389699999999987,0.0,0.06389699999999987,0.19561767578125
0.06570148468017578,0.06569000000000003,0.0,0.06569000000000003,0.19561767578125
0.06570696830749512,0.06569700000000012,0.0,0.06569700000000012,0.19561767578125
