walltime(s),cputime(s),systime(s),usertime(s),memory(GB)
727.4138026237488,727.390376,10.897021,716.493355,13.245803833007812
729.8336939811707,729.810544,8.267814,721.54273,13.246246337890625
730.6629102230072,730.6395910000001,8.535744000000001,722.1038470000001,13.246391296386719
732.4961161613464,732.3141180000002,8.863592999999998,723.4505250000002,13.246395111083984
