walltime(s),cputime(s),systime(s),usertime(s),memory(GB)
138.20635151863098,138.203852,2.213472,135.99038000000002,2.766254425048828
137.14671277999878,137.077177,1.463915,135.613262,2.766254425048828
144.06020855903625,144.057571,1.3600050000000001,142.697566,2.766254425048828
146.06366205215454,146.060928,1.3199949999999996,144.74093299999998,2.766254425048828
147.6004250049591,147.59727600000005,1.4439759999999993,146.15330000000006,2.766254425048828
147.84468126296997,147.8408849999999,1.4039720000000013,146.4369129999999,2.766254425048828
147.4744873046875,147.47143300000002,1.3799909999999986,146.09144200000003,2.766254425048828
144.29320168495178,144.29061299999992,1.4119770000000003,142.87863599999991,2.766254425048828
143.8487389087677,143.8462619999999,1.131981999999999,142.71427999999992,2.766254425048828
143.93424367904663,143.93164799999997,1.4959379999999989,142.43570999999997,2.766254425048828
143.77348589897156,143.770986,1.307996000000001,142.46299,2.766254425048828
145.84898829460144,145.84637500000014,1.6759529999999998,144.17042200000014,2.766254425048828
148.55826210975647,148.55555999999987,2.1239539999999977,146.43160599999987,2.766254425048828
147.8157079219818,147.81310299999987,2.595919000000002,145.21718399999986,2.766254425048828
140.12100887298584,140.1184850000002,1.579971999999998,138.5385130000002,2.766254425048828
136.4409098625183,136.43861400000011,1.3559899999999985,135.08262400000012,2.766254425048828
136.47404074668884,136.4715509999997,1.391999000000002,135.0795519999997,2.766254425048828
138.70917224884033,138.70615599999996,1.4279499999999992,137.27820599999995,2.766254425048828
143.8453664779663,143.84212300000016,1.4279620000000008,142.41416100000015,2.766254425048828
147.03085255622864,147.027007,1.3399530000000013,145.687054,2.766254425048828
147.70976185798645,147.7057240000002,1.3999719999999982,146.3057520000002,2.766254425048828
147.68787169456482,147.683951,1.4239570000000015,146.259994,2.766254425048828
144.52701807022095,144.52197999999987,1.6039310000000029,142.91804899999988,2.766254425048828
142.39835739135742,142.3943989999998,1.4839679999999973,140.9104309999998,2.766254425048828
