walltime(s),cputime(s),systime(s),usertime(s),memory(GB)
225.68048977851868,225.64400899999998,3.9509309999999997,221.69307799999999,3.7967758178710938
226.0455722808838,226.04327599999996,3.811908,222.23136799999997,3.802398681640625
226.06098222732544,226.04998399999994,3.692029999999999,222.35795399999995,3.802398681640625
225.38973879814148,225.38727900000004,2.783901,222.60337800000002,3.802398681640625
225.1262710094452,225.121302,2.695952,222.42534999999998,3.802398681640625
225.2368769645691,225.21154500000017,2.5718429999999977,222.63970200000017,3.802398681640625
223.45416617393494,223.43211100000008,2.847888000000001,220.58422300000007,3.802398681640625
224.82083559036255,224.80747499999995,2.8679319999999997,221.93954299999996,3.802398681640625
224.7888698577881,224.785206,2.607966000000001,222.17723999999998,3.802398681640625
225.37955737113953,225.35033900000008,2.6319809999999997,222.71835800000008,3.802398681640625
224.24542713165283,224.2397919999999,2.6238930000000025,221.6158989999999,3.802398681640625
223.96774101257324,223.96010900000005,2.564005999999999,221.39610300000004,3.802398681640625
224.97940826416016,224.97108200000008,2.6719379999999973,222.29914400000007,3.802398681640625
225.10147094726562,225.05617000000018,2.8279440000000022,222.22822600000018,3.802398681640625
225.34926652908325,225.30639900000028,2.7520329999999973,222.5543660000003,3.802398681640625
