walltime(s),cputime(s),systime(s),usertime(s),memory(GB)
0.33585238456726074,0.3358459999999997,0.003992999999999969,0.33185299999999973,0.19355010986328125
0.31064891815185547,0.31064000000000025,0.0,0.31064000000000025,0.1936798095703125
0.30886292457580566,0.3088470000000001,0.0,0.3088470000000001,0.1936798095703125
0.3086893558502197,0.30868199999999935,3.100000000000325e-05,0.30865099999999934,0.1936798095703125
0.3080484867095947,0.308033,0.0,0.308033,0.1936798095703125
0.3101050853729248,0.310079,0.0,0.310079,0.1936798095703125
0.30942273139953613,0.30941699999999983,0.0,0.30941699999999983,0.1936798095703125
0.315288782119751,0.3152689999999998,0.0,0.3152689999999998,0.1936798095703125
0.30992746353149414,0.30992,0.0,0.30992,0.1936798095703125
0.31558942794799805,0.3155809999999999,0.0,0.3155809999999999,0.1936798095703125
0.31314945220947266,0.3131359999999992,0.0,0.3131359999999992,0.1936798095703125
0.3185243606567383,0.3185159999999989,0.0,0.3185159999999989,0.1936798095703125
0.31299543380737305,0.31298600000000043,0.0,0.31298600000000043,0.1936798095703125
0.32195258140563965,0.3219449999999995,0.0,0.3219449999999995,0.1936798095703125
0.32111620903015137,0.3211100000000009,0.0,0.3211100000000009,0.1936798095703125
0.31714940071105957,0.31713099999999983,0.0,0.31713099999999983,0.1936798095703125
0.316129207611084,0.316120999999999,0.0,0.316120999999999,0.1936798095703125
0.3126506805419922,0.3126300000000004,0.0,0.3126300000000004,0.1936798095703125
0.3143932819366455,0.31438599999999894,0.0,0.31438599999999894,0.1936798095703125
0.3146853446960449,0.3146590000000007,0.0,0.3146590000000007,0.1936798095703125
0.3131844997406006,0.3131769999999996,0.0,0.3131769999999996,0.1936798095703125
0.3150467872619629,0.31503999999999976,0.0,0.31503999999999976,0.1936798095703125
0.32264018058776855,0.3226330000000015,0.0,0.3226330000000015,0.1936798095703125
0.31371569633483887,0.3137090000000011,0.0,0.3137090000000011,0.1936798095703125
0.30959153175354004,0.3095750000000006,0.0,0.3095750000000006,0.1936798095703125
0.3129312992095947,0.3129249999999999,0.0,0.3129249999999999,0.1936798095703125
0.30350208282470703,0.3020119999999995,0.0,0.3020119999999995,0.1936798095703125
0.31046366691589355,0.3104469999999999,0.0,0.3104469999999999,0.1936798095703125
0.3132610321044922,0.31325499999999984,0.0,0.31325499999999984,0.1936798095703125
0.3123738765716553,0.3123590000000007,0.0,0.3123590000000007,0.1936798095703125
