walltime(s),cputime(s),systime(s),usertime(s),memory(GB)
554.7858505249023,554.7799550000001,8.969605000000001,545.8103500000001,10.218147277832031
553.1088662147522,553.0958689999999,6.819669999999999,546.2761989999999,10.2191162109375
559.2867677211761,559.178964,6.900168999999998,552.278795,10.2191162109375
566.5253930091858,566.5185460000002,7.351908999999999,559.1666370000003,10.2191162109375
566.8873045444489,566.8803409999998,7.543890999999999,559.3364499999998,10.2191162109375
566.874302148819,566.8673430000001,7.563934000000003,559.3034090000001,10.2191162109375
