walltime(s),cputime(s),systime(s),usertime(s),memory(GB)
1101.1435277462006,1101.13412,14.955259,1086.1788609999999,19.621559143066406
1135.013878583908,1134.9981710000002,17.011842,1117.986329,19.623859405517578
1138.9937107563019,1138.9733230000002,19.795936000000005,1119.1773870000002,19.623859405517578
