walltime(s),cputime(s),systime(s),usertime(s),memory(GB)
182.62786865234375,182.624595,3.145287,179.479308,3.100292205810547
184.61263132095337,184.609441,4.003919,180.605522,3.1013565063476562
189.87727069854736,189.788338,4.159827000000001,185.628511,3.101360321044922
184.9533212184906,184.950153,3.9279589999999995,181.022194,3.1015357971191406
184.19479274749756,184.190522,3.2399109999999993,180.95061099999998,3.1015357971191406
184.57041120529175,184.56644599999998,3.3159029999999987,181.250543,3.1015357971191406
183.61066675186157,183.60679899999994,3.303909000000001,180.30288999999993,3.1015357971191406
183.90623307228088,183.90290099999993,3.2159130000000005,180.68698799999993,3.1015357971191406
184.04391288757324,184.040476,3.491934000000004,180.548542,3.1015357971191406
184.10605716705322,184.1019599999999,3.311891000000003,180.7900689999999,3.1015357971191406
179.16381573677063,179.16058900000007,3.039946999999998,176.1206420000001,3.1015357971191406
184.23480892181396,184.23150299999995,3.2479219999999955,180.98358099999996,3.1015357971191406
184.16829538345337,184.1649769999999,3.3559470000000005,180.8090299999999,3.1015357971191406
184.16100192070007,184.15746300000012,3.335955999999996,180.8215070000001,3.1015357971191406
183.78802251815796,183.78417900000005,3.3478649999999988,180.43631400000004,3.1015357971191406
183.84006214141846,183.83661799999993,3.275941000000003,180.56067699999994,3.1015357971191406
185.8300769329071,185.8266340000001,3.147908000000001,182.6787260000001,3.1015357971191406
187.0322139263153,187.02857800000007,3.295940999999999,183.73263700000007,3.1015357971191406
183.5046467781067,183.50139500000003,3.1639570000000035,180.33743800000002,3.1015357971191406
