walltime(s),cputime(s),systime(s),usertime(s),memory(GB)
238.7107355594635,238.707163,6.31447,232.392693,3.8406829833984375
237.2661952972412,237.26352299999996,5.423906,231.83961699999998,3.8406829833984375
237.92458868026733,237.92176999999992,5.39193,232.52983999999992,3.8406829833984375
238.25796627998352,238.255191,5.519864999999999,232.735326,3.8406829833984375
238.38687920570374,238.38400099999996,5.579903000000002,232.80409799999995,3.8406829833984375
235.86293649673462,235.85959799999995,5.431894000000003,230.42770399999995,3.8406829833984375
237.93245816230774,237.92995100000007,5.5959509999999995,232.33400000000006,3.8406829833984375
238.2828667163849,238.279897,5.519902999999999,232.759994,3.8406829833984375
237.63902044296265,237.63566600000016,5.747896999999995,231.88776900000016,3.8406829833984375
238.460693359375,238.45808000000014,5.515901000000007,232.94217900000012,3.8406829833984375
236.7399251461029,236.7374859999999,5.203942000000005,231.5335439999999,3.8406829833984375
237.992520570755,237.99002400000003,5.563930999999997,232.42609300000004,3.8406829833984375
238.11763858795166,238.1147140000001,5.523970000000006,232.5907440000001,3.8406829833984375
237.68341326713562,237.67956799999976,5.59589600000001,232.08367199999975,3.8406829833984375
237.49879717826843,237.496042,5.36797399999999,232.12806799999998,3.8406829833984375
