walltime(s),cputime(s),systime(s),usertime(s),memory(GB)
0.2901327610015869,0.2901160000000006,4.199999999998649e-05,0.2900740000000006,0.1966552734375
0.2398240566253662,0.23980600000000019,0.0037009999999999543,0.23610500000000023,0.1966552734375
0.24040555953979492,0.24038000000000004,0.0,0.24038000000000004,0.1966552734375
0.2409365177154541,0.24091799999999974,0.0,0.24091799999999974,0.1966552734375
0.23566508293151855,0.2356479999999994,0.0,0.2356479999999994,0.1966552734375
0.24725341796875,0.24723699999999926,0.0,0.24723699999999926,0.1966552734375
0.2359919548034668,0.23596599999999945,0.0,0.23596599999999945,0.1966552734375
0.23668551445007324,0.23666800000000077,0.0,0.23666800000000077,0.1966552734375
0.23728156089782715,0.23726499999999984,0.0,0.23726499999999984,0.1966552734375
0.23807382583618164,0.23805699999999952,0.0,0.23805699999999952,0.1966552734375
0.23808884620666504,0.2380709999999997,0.0,0.2380709999999997,0.1966552734375
0.23881864547729492,0.23879299999999937,0.0,0.23879299999999937,0.1966552734375
0.24304890632629395,0.24303100000000022,0.0,0.24303100000000022,0.1966552734375
0.23729968070983887,0.23728199999999866,0.0,0.23728199999999866,0.1966552734375
0.23848485946655273,0.23846799999999924,0.0,0.23846799999999924,0.1966552734375
0.23931622505187988,0.23929900000000082,0.0,0.23929900000000082,0.1966552734375
0.23658275604248047,0.2365660000000016,0.0,0.2365660000000016,0.1966552734375
0.23575878143310547,0.23574200000000012,0.0,0.23574200000000012,0.1966552734375
0.2377166748046875,0.237699000000001,0.0,0.237699000000001,0.1966552734375
0.23589730262756348,0.23587999999999987,0.0,0.23587999999999987,0.1966552734375
0.2363414764404297,0.23632500000000078,0.0,0.23632500000000078,0.1966552734375
0.23784708976745605,0.23782899999999962,0.0,0.23782899999999962,0.1966552734375
0.23673033714294434,0.23671299999999817,0.0,0.23671299999999817,0.1966552734375
0.24195647239685059,0.24193900000000035,0.0,0.24193900000000035,0.1966552734375
0.2374250888824463,0.2374079999999985,0.0,0.2374079999999985,0.1966552734375
0.23797392845153809,0.2379560000000005,0.0,0.2379560000000005,0.1966552734375
0.24570298194885254,0.24567599999999956,0.0,0.24567599999999956,0.1966552734375
0.25301313400268555,0.25299600000000133,0.0,0.25299600000000133,0.1966552734375
0.23771905899047852,0.2377009999999995,0.0,0.2377009999999995,0.1966552734375
0.23908662796020508,0.2390699999999999,0.0,0.2390699999999999,0.1966552734375
