walltime(s),cputime(s),systime(s),usertime(s),memory(GB)
0.14168763160705566,0.14167600000000036,0.0,0.14167600000000036,0.19476318359375
0.1828930377960205,0.18287900000000068,0.0,0.18287900000000068,0.19476318359375
0.17811894416809082,0.17809399999999975,0.0,0.17809399999999975,0.19476318359375
0.18538761138916016,0.18537400000000037,0.0,0.18537400000000037,0.19476318359375
0.19233036041259766,0.1923130000000004,0.0,0.1923130000000004,0.19476318359375
0.17591285705566406,0.17589599999999983,0.0,0.17589599999999983,0.19476318359375
0.17769932746887207,0.1776649999999993,0.0,0.1776649999999993,0.19476318359375
0.18797087669372559,0.1879559999999998,0.0,0.1879559999999998,0.19476318359375
0.164351224899292,0.1643359999999996,0.0,0.1643359999999996,0.19476318359375
0.17992663383483887,0.17991400000000013,0.0,0.17991400000000013,0.19476318359375
0.18993520736694336,0.18990499999999955,0.0,0.18990499999999955,0.19476318359375
0.18194317817687988,0.1819280000000001,0.0,0.1819280000000001,0.19476318359375
0.18029522895812988,0.18028200000000005,0.0,0.18028200000000005,0.19476318359375
0.18271994590759277,0.18269499999999983,0.0,0.18269499999999983,0.19476318359375
0.1822800636291504,0.18226500000000012,0.0,0.18226500000000012,0.19476318359375
0.1815505027770996,0.18153799999999976,0.0,0.18153799999999976,0.19476318359375
0.1760408878326416,0.17602600000000024,0.0,0.17602600000000024,0.19476318359375
0.17769408226013184,0.17768099999999976,0.0,0.17768099999999976,0.19476318359375
0.18310141563415527,0.18308700000000044,0.0,0.18308700000000044,0.19476318359375
0.14278316497802734,0.14276999999999873,0.0,0.14276999999999873,0.19476318359375
0.17761611938476562,0.17760099999999923,0.0,0.17760099999999923,0.19476318359375
0.17532134056091309,0.1753070000000001,0.0,0.1753070000000001,0.19476318359375
0.18561267852783203,0.18559899999999985,0.0,0.18559899999999985,0.19476318359375
0.18146085739135742,0.1814460000000011,0.0,0.1814460000000011,0.19476318359375
0.18529939651489258,0.18528599999999962,0.0,0.18528599999999962,0.19476318359375
0.16574978828430176,0.165735999999999,0.0,0.165735999999999,0.19476318359375
0.18816733360290527,0.18815200000000054,0.0,0.18815200000000054,0.19476318359375
0.1947627067565918,0.19474899999999984,0.0,0.19474899999999984,0.19476318359375
0.17007136344909668,0.17005599999999887,0.0,0.17005599999999887,0.19476318359375
0.18894290924072266,0.18892699999999962,0.0,0.18892699999999962,0.19476318359375
