walltime(s),cputime(s),systime(s),usertime(s),memory(GB)
553.2047736644745,553.2002659999999,8.057058999999999,545.143207,10.262748718261719
554.0206470489502,554.0166709999999,6.211830999999998,547.8048399999999,10.263545989990234
554.8173604011536,554.8133660000001,6.5639379999999985,548.2494280000001,10.263545989990234
554.84348320961,554.8397039999999,6.591933000000001,548.2477709999998,10.263545989990234
554.90931391716,554.9054459999996,6.6839619999999975,548.2214839999997,10.263545989990234
555.2660901546478,555.2623939999997,6.503924000000005,548.7584699999998,10.263545989990234
