walltime(s),cputime(s),systime(s),usertime(s),memory(GB)
186.62341403961182,186.621079,2.611148,184.009931,3.4881439208984375
185.6903040409088,185.687543,1.8000999999999996,183.88744300000002,3.4884681701660156
184.15908813476562,184.15685600000003,1.744001,182.41285500000004,3.4884681701660156
184.2068223953247,184.20444100000003,1.8319770000000002,182.37246400000004,3.4884681701660156
184.27317357063293,184.27074199999993,1.692003999999999,182.57873799999993,3.4884681701660156
184.25996112823486,184.2576950000001,1.8079830000000001,182.4497120000001,3.4884681701660156
184.35640406608582,184.35408199999992,1.6919889999999995,182.6620929999999,3.4884681701660156
184.2947461605072,184.29246199999992,1.7639680000000002,182.5284939999999,3.4884681701660156
184.18729376792908,184.18498699999998,1.819970999999999,182.36501599999997,3.4884681701660156
184.2173023223877,184.21496600000003,1.823992999999998,182.39097300000003,3.4884681701660156
184.5856339931488,184.58333399999987,1.8439960000000006,182.73933799999986,3.4884681701660156
184.40620374679565,184.40384300000008,1.8759570000000032,182.52788600000008,3.4884681701660156
184.49031043052673,184.48789700000043,1.7679609999999997,182.71993600000042,3.4884681701660156
184.91361737251282,184.89846399999976,1.8519860000000001,183.04647799999975,3.4884681701660156
184.56939506530762,184.56695699999983,1.7959499999999977,182.77100699999983,3.4884681701660156
184.59831261634827,184.59588899999983,1.8080010000000009,182.78788799999984,3.4884681701660156
184.51271271705627,184.5103770000001,1.8679839999999999,182.64239300000008,3.4884681701660156
184.56282472610474,184.56055899999978,1.8119659999999982,182.7485929999998,3.4884681701660156
184.59509468078613,184.59270899999996,1.851967000000002,182.74074199999995,3.4884681701660156
