walltime(s),cputime(s),systime(s),usertime(s),memory(GB)
1063.15940451622,1063.160058,22.78767,1040.372388,16.98434829711914
1022.4844992160797,1022.4474999999999,18.447773,1003.9997269999999,16.98563003540039
1024.5556137561798,1024.555715,17.515926999999998,1007.039788,16.985637664794922
