walltime(s),cputime(s),systime(s),usertime(s),memory(GB)
1529.3921546936035,1529.355089,29.577386,1499.777703,27.538002014160156
1544.0352656841278,1544.0173170000003,31.411630000000002,1512.6056870000002,27.539058685302734
