walltime(s),cputime(s),systime(s),usertime(s),memory(GB)
1.623225212097168,1.6231649999999997,0.035549,1.5876159999999997,0.22425079345703125
1.4945313930511475,1.494466,0.0,1.494466,0.22430419921875
1.493084192276001,1.4930330000000003,0.003571999999999964,1.4894610000000004,0.2243499755859375
1.5045406818389893,1.504486,0.0,1.504486,0.22435379028320312
1.5137603282928467,1.5137090000000004,0.0,1.5137090000000004,0.22435379028320312
1.5035145282745361,1.5034729999999996,0.0,1.5034729999999996,0.22435379028320312
1.5097999572753906,1.5097129999999996,0.0,1.5097129999999996,0.22435379028320312
1.5172035694122314,1.5171690000000009,0.0,1.5171690000000009,0.22435379028320312
1.5218980312347412,1.5218520000000026,0.0,1.5218520000000026,0.22435379028320312
1.5050883293151855,1.5050530000000002,0.0,1.5050530000000002,0.22435379028320312
1.4934754371643066,1.4934409999999971,0.0,1.4934409999999971,0.22435379028320312
1.5074973106384277,1.5074439999999996,0.0,1.5074439999999996,0.22435379028320312
1.494175910949707,1.494142,0.0,1.494142,0.22435379028320312
1.4987709522247314,1.4987190000000012,0.0,1.4987190000000012,0.22435379028320312
1.5058274269104004,1.505784000000002,0.0,1.505784000000002,0.22435379028320312
1.49698805809021,1.4969530000000013,0.0,1.4969530000000013,0.22435379028320312
1.5149765014648438,1.5149229999999996,0.0,1.5149229999999996,0.22435760498046875
1.4988317489624023,1.4987700000000004,0.0,1.4987700000000004,0.22435760498046875
1.4904382228851318,1.4903959999999974,0.003283000000000036,1.4871129999999972,0.22435760498046875
1.5009653568267822,1.5008909999999958,0.0,1.5008909999999958,0.22435760498046875
1.5154013633728027,1.5153469999999984,0.0,1.5153469999999984,0.22435760498046875
1.496325969696045,1.496255000000005,0.0,1.496255000000005,0.22435760498046875
1.4985942840576172,1.4985320000000044,0.0,1.4985320000000044,0.22435760498046875
1.4978086948394775,1.4977670000000032,0.0,1.4977670000000032,0.22435760498046875
1.503664255142212,1.5036110000000065,0.0,1.5036110000000065,0.22435760498046875
1.493687629699707,1.4936549999999968,0.0,1.4936549999999968,0.22435760498046875
1.5085973739624023,1.5085550000000012,0.0,1.5085550000000012,0.22435760498046875
1.4939911365509033,1.4939559999999972,0.0,1.4939559999999972,0.22435760498046875
1.495469093322754,1.495436000000005,0.0,1.495436000000005,0.22435760498046875
1.499790906906128,1.4997479999999968,0.0,1.4997479999999968,0.22435760498046875
