walltime(s),cputime(s),systime(s),usertime(s),memory(GB)
460.11630034446716,460.10687599999994,7.102762,453.00411399999996,8.25351333618164
471.6505334377289,471.64076900000003,6.127827999999999,465.512941,8.254035949707031
469.1088743209839,469.100663,4.943910999999998,464.156752,8.254035949707031
481.66595339775085,481.65678799999995,6.967818000000001,474.6889699999999,8.254100799560547
476.12662053108215,476.1176220000002,5.815868999999999,470.3017530000002,8.254100799560547
472.82683992385864,472.7497200000001,5.127867000000002,467.6218530000001,8.254100799560547
473.31825518608093,473.3067219999998,5.3078239999999965,467.9988979999998,8.254100799560547
