walltime(s),cputime(s),systime(s),usertime(s),memory(GB)
535.53568816185,535.5322789999999,8.387564,527.1447149999999,9.76370620727539
538.2207765579224,538.21929,6.9759150000000005,531.243375,9.764102935791016
539.9195713996887,539.9133320000001,7.0118800000000014,532.9014520000001,9.764102935791016
541.0882382392883,541.086255,7.111965999999999,533.974289,9.76412582397461
542.2111177444458,542.210001,7.179967999999999,535.030033,9.76412582397461
548.512800693512,548.5067369999996,7.531926000000006,540.9748109999996,9.76412582397461
