walltime(s),cputime(s),systime(s),usertime(s),memory(GB)
176.99773144721985,177.00048399999997,2.519364,174.48111999999998,2.9487266540527344
176.1817648410797,176.184612,1.9200290000000004,174.264583,2.9487266540527344
176.69814610481262,176.70037799999994,1.78803,174.91234799999995,2.9487266540527344
177.01173043251038,177.01384000000002,1.6319999999999997,175.38184,2.9487266540527344
177.13444304466248,177.13661600000003,1.6039849999999998,175.53263100000004,2.9487266540527344
176.9088008403778,176.9109900000001,1.6759829999999987,175.2350070000001,2.9487266540527344
175.62571835517883,175.62786299999993,1.659993,173.96786999999995,2.9487266540527344
176.67909836769104,176.68147799999997,1.4800079999999998,175.20146999999997,2.9487266540527344
177.24328422546387,177.2453679999998,1.6400100000000002,175.6053579999998,2.9487266540527344
177.96732902526855,177.96957999999984,1.7240140000000004,176.24556599999983,2.9487266540527344
177.79354619979858,177.79571399999998,1.68403,176.11168399999997,2.9487266540527344
177.87939882278442,177.88150300000004,1.7639969999999998,176.11750600000005,2.9487266540527344
181.5288712978363,181.48297599999998,1.6640270000000008,179.81894899999998,2.9487266540527344
177.6025903224945,177.6054330000002,1.7320039999999999,175.87342900000021,2.9487266540527344
177.03434443473816,177.0371370000001,1.7720449999999985,175.2650920000001,2.9487266540527344
176.8471941947937,176.85009700000012,1.7000150000000005,175.1500820000001,2.9487266540527344
176.96974515914917,176.97268100000028,1.672039999999999,175.30064100000027,2.9487266540527344
176.95439624786377,176.95731699999988,1.620007000000001,175.3373099999999,2.9487266540527344
176.94795966148376,176.9500259999997,1.6160169999999994,175.3340089999997,2.9487266540527344
176.56394004821777,176.56678699999978,1.548014000000002,175.01877299999978,2.9487266540527344
