walltime(s),cputime(s),systime(s),usertime(s),memory(GB)
0.27825284004211426,0.27823100000000034,0.0,0.27823100000000034,0.19576263427734375
0.2735257148742676,0.27351299999999945,0.0,0.27351299999999945,0.19599533081054688
0.27219629287719727,0.2721119999999999,0.0,0.2721119999999999,0.19599533081054688
0.2799801826477051,0.2799529999999999,0.0,0.2799529999999999,0.19599533081054688
0.2718195915222168,0.2718090000000002,0.0,0.2718090000000002,0.19599533081054688
0.27175426483154297,0.27174299999999985,0.0,0.27174299999999985,0.19599533081054688
0.2719912528991699,0.2719560000000003,0.0,0.2719560000000003,0.19599533081054688
0.27358365058898926,0.27357299999999984,0.0,0.27357299999999984,0.19599533081054688
0.27362680435180664,0.27361599999999964,0.0,0.27361599999999964,0.19599533081054688
0.27307701110839844,0.27305199999999985,0.0,0.27305199999999985,0.19599533081054688
0.2709949016571045,0.2709829999999993,0.0,0.2709829999999993,0.19599533081054688
0.2734708786010742,0.27346000000000004,0.0,0.27346000000000004,0.19599533081054688
0.2716994285583496,0.271687,0.0,0.271687,0.19599533081054688
0.27184295654296875,0.2718309999999997,0.0,0.2718309999999997,0.19599533081054688
0.2724032402038574,0.2723709999999997,0.0,0.2723709999999997,0.19599533081054688
0.2717914581298828,0.2717810000000007,0.0,0.2717810000000007,0.19599533081054688
0.2725100517272949,0.2724989999999998,0.0,0.2724989999999998,0.19599533081054688
0.27338194847106934,0.2733710000000009,0.0,0.2733710000000009,0.19599533081054688
0.2729523181915283,0.2729400000000002,0.0,0.2729400000000002,0.19599533081054688
0.2718958854675293,0.271884,0.0,0.271884,0.19599533081054688
0.2784402370452881,0.2784290000000009,0.0,0.2784290000000009,0.19599533081054688
0.27970004081726074,0.27968800000000016,0.0,0.27968800000000016,0.19599533081054688
0.28111934661865234,0.2810989999999993,0.0,0.2810989999999993,0.19599533081054688
0.2784078121185303,0.278397,0.0,0.278397,0.19599533081054688
0.27938079833984375,0.27936900000000087,0.0,0.27936900000000087,0.19599533081054688
0.28014492988586426,0.2801330000000011,0.0,0.2801330000000011,0.19599533081054688
0.27736783027648926,0.27735600000000105,0.0,0.27735600000000105,0.19599533081054688
0.2747323513031006,0.2746999999999993,0.0,0.2746999999999993,0.19599533081054688
0.27338314056396484,0.2733719999999984,0.0,0.2733719999999984,0.19599533081054688
0.2752871513366699,0.27527599999999985,0.0,0.27527599999999985,0.19599533081054688
