walltime(s),cputime(s),systime(s),usertime(s),memory(GB)
0.6398105621337891,0.6397980000000001,0.01597900000000002,0.6238190000000001,0.19930267333984375
0.5090157985687256,0.509012,5.1999999999996493e-05,0.5089600000000001,0.19930267333984375
0.5101888179779053,0.5101739999999992,0.0,0.5101739999999992,0.19930267333984375
0.5098323822021484,0.5098080000000005,0.0,0.5098080000000005,0.19930267333984375
0.5118198394775391,0.5117950000000002,0.0,0.5117950000000002,0.19930267333984375
0.4676520824432373,0.467619,0.0,0.467619,0.19930267333984375
0.5111119747161865,0.5111080000000001,0.0,0.5111080000000001,0.19930267333984375
0.508101224899292,0.508087999999999,0.0,0.508087999999999,0.19930267333984375
0.5098228454589844,0.5098150000000015,0.0,0.5098150000000015,0.19930267333984375
0.5129313468933105,0.5129049999999999,0.0,0.5129049999999999,0.19930267333984375
0.5044045448303223,0.5044000000000004,0.0,0.5044000000000004,0.19930267333984375
0.5110909938812256,0.5110840000000003,0.0,0.5110840000000003,0.19930267333984375
0.5051789283752441,0.5049989999999998,0.0,0.5049989999999998,0.19930267333984375
0.504378080368042,0.504372,0.0,0.504372,0.19930267333984375
0.5086426734924316,0.5086290000000009,0.0,0.5086290000000009,0.19930267333984375
0.5054652690887451,0.5054580000000009,0.0,0.5054580000000009,0.19930267333984375
0.508474588394165,0.5084700000000009,0.0,0.5084700000000009,0.19930267333984375
0.5099544525146484,0.5099479999999996,0.0,0.5099479999999996,0.19930267333984375
0.5066287517547607,0.5066249999999997,0.0,0.5066249999999997,0.19930267333984375
0.5103843212127686,0.51037,0.0,0.51037,0.19930267333984375
0.5091450214385986,0.5091409999999996,0.0,0.5091409999999996,0.19930267333984375
0.506155252456665,0.5061479999999996,0.0,0.5061479999999996,0.19930267333984375
0.5095314979553223,0.5095259999999975,0.0,0.5095259999999975,0.19930267333984375
0.5167996883392334,0.5167950000000019,0.0,0.5167950000000019,0.19930267333984375
0.523301362991333,0.5232959999999984,0.0,0.5232959999999984,0.19930267333984375
0.5108001232147217,0.5107950000000017,0.0,0.5107950000000017,0.19930267333984375
0.5116360187530518,0.5116220000000027,0.0,0.5116220000000027,0.19930267333984375
0.5104024410247803,0.5103970000000011,0.0,0.5103970000000011,0.19930267333984375
0.5094904899597168,0.5094850000000015,0.0,0.5094850000000015,0.19930267333984375
0.5103495121002197,0.5103429999999989,0.0,0.5103429999999989,0.19930267333984375
