walltime(s),cputime(s),systime(s),usertime(s),memory(GB)
1317.963059425354,1317.928624,19.0094,1298.919224,21.665950775146484
1324.1349396705627,1324.109042,19.035580999999997,1305.073461,21.665950775146484
