walltime(s),cputime(s),systime(s),usertime(s),memory(GB)
391.81820034980774,391.799849,6.286655,385.513194,6.237571716308594
392.5152328014374,392.497023,4.455749,388.041274,6.238037109375
392.3783929347992,392.3579049999999,4.671760000000001,387.6861449999999,6.238090515136719
392.43400502204895,392.42518700000016,4.595874,387.8293130000002,6.238090515136719
392.34895873069763,392.33856599999984,4.763888999999999,387.57467699999984,6.238090515136719
392.8868520259857,392.8749939999998,4.579847000000001,388.2951469999998,6.238090515136719
395.3695344924927,395.360674,4.811905000000003,390.548769,6.238090515136719
393.01385021209717,393.0035990000002,4.463858999999999,388.53974000000017,6.238090515136719
393.10238003730774,393.0841929999999,4.499767000000006,388.5844259999999,6.238090515136719
