walltime(s),cputime(s),systime(s),usertime(s),memory(GB)
218.3827702999115,218.38367100000002,4.020431,214.36324000000002,3.7330970764160156
217.71000409126282,217.711524,2.5159829999999994,215.195541,3.7339019775390625
217.54392409324646,217.54553799999996,2.5360260000000006,215.00951199999997,3.734027862548828
218.03338980674744,218.03504499999997,2.347988000000001,215.68705699999998,3.734027862548828
218.00032448768616,218.00192399999986,2.644026,215.35789799999986,3.734027862548828
224.97933292388916,224.98046299999996,2.436006000000001,222.54445699999997,3.734027862548828
226.23812341690063,226.23931800000003,2.4760409999999986,223.76327700000002,3.734027862548828
223.80385303497314,223.80501999999996,2.571973,221.23304699999994,3.734027862548828
221.40940308570862,221.41087100000018,2.300034,219.11083700000017,3.734027862548828
225.7198612689972,225.72098200000008,2.5440070000000006,223.17697500000008,3.734027862548828
225.693772315979,225.69497400000003,2.576015999999999,223.11895800000002,3.734027862548828
225.3898856639862,225.3865679999998,2.4760159999999978,222.91055199999983,3.734027862548828
218.91806149482727,218.91936100000024,2.236006999999997,216.68335400000024,3.734027862548828
218.21064472198486,218.2120290000002,2.332018000000005,215.8800110000002,3.734027862548828
218.4563729763031,218.45783300000008,2.3280010000000004,216.12983200000008,3.734027862548828
219.00733494758606,219.00790399999988,2.316028000000003,216.69187599999987,3.734027862548828
