walltime(s),cputime(s),systime(s),usertime(s),memory(GB)
0.21192526817321777,0.21191099999999974,0.0,0.21191099999999974,0.194549560546875
0.19614171981811523,0.19612799999999986,0.0,0.19612799999999986,0.194549560546875
0.1978130340576172,0.19779999999999998,0.0,0.19779999999999998,0.194549560546875
0.17679572105407715,0.1767789999999998,0.0,0.1767789999999998,0.194549560546875
0.20415806770324707,0.20414400000000033,0.0,0.20414400000000033,0.194549560546875
0.1810600757598877,0.18104500000000012,0.0,0.18104500000000012,0.194549560546875
0.1966092586517334,0.19658700000000007,0.0,0.19658700000000007,0.194549560546875
0.1978456974029541,0.19783099999999987,0.0,0.19783099999999987,0.194549560546875
0.1854705810546875,0.1854559999999994,0.0,0.1854559999999994,0.194549560546875
0.20836257934570312,0.20831799999999934,0.0,0.20831799999999934,0.194549560546875
0.19741296768188477,0.19739899999999988,0.0,0.19739899999999988,0.194549560546875
0.19699621200561523,0.1969820000000002,0.0,0.1969820000000002,0.194549560546875
0.18611812591552734,0.18610400000000027,0.0,0.18610400000000027,0.194549560546875
0.1943199634552002,0.1943059999999992,0.0,0.1943059999999992,0.194549560546875
0.18319320678710938,0.18317800000000073,0.0,0.18317800000000073,0.194549560546875
0.21335387229919434,0.2133389999999995,0.0,0.2133389999999995,0.194549560546875
0.203169584274292,0.20315499999999886,0.0,0.20315499999999886,0.194549560546875
0.19857025146484375,0.1985550000000007,0.0,0.1985550000000007,0.194549560546875
0.21120738983154297,0.2111920000000005,0.0,0.2111920000000005,0.194549560546875
0.20260357856750488,0.20257699999999979,0.0,0.20257699999999979,0.194549560546875
0.21011877059936523,0.21010500000000043,0.0,0.21010500000000043,0.194549560546875
0.20603561401367188,0.2060209999999998,0.0,0.2060209999999998,0.194549560546875
0.20862865447998047,0.20861200000000046,0.0,0.20861200000000046,0.194549560546875
0.20471644401550293,0.20470100000000002,0.0,0.20470100000000002,0.194549560546875
0.20679450035095215,0.206766,0.0,0.206766,0.194549560546875
0.21046662330627441,0.2104410000000012,0.0,0.2104410000000012,0.194549560546875
0.1941995620727539,0.19417299999999926,0.0,0.19417299999999926,0.194549560546875
0.2064073085784912,0.20639199999999924,0.0,0.20639199999999924,0.194549560546875
0.20252156257629395,0.20250700000000066,0.0,0.20250700000000066,0.194549560546875
0.20566391944885254,0.20565100000000136,0.0,0.20565100000000136,0.194549560546875
