walltime(s),cputime(s),systime(s),usertime(s),memory(GB)
444.8212504386902,444.81581700000004,6.771113000000001,438.044704,8.029823303222656
442.8868522644043,442.87360500000005,5.015808000000001,437.85779700000006,8.029823303222656
433.45910120010376,433.45361300000013,4.811860999999999,428.6417520000001,8.029823303222656
432.452684879303,432.44871199999994,4.771916000000001,427.67679599999997,8.029823303222656
432.3294861316681,432.3255679999999,4.791937999999998,427.5336299999999,8.029823303222656
432.7087731361389,432.7046340000002,4.947933000000003,427.75670100000025,8.029823303222656
432.825288772583,432.82165200000014,4.843949999999996,427.97770200000014,8.029823303222656
432.93766951560974,432.9337419999999,4.831969000000001,428.10177299999987,8.029823303222656
