walltime(s),cputime(s),systime(s),usertime(s),memory(GB)
185.4966263771057,185.496507,2.919556,182.576951,3.3063812255859375
189.46713018417358,189.46702,3.0639800000000004,186.40304,3.3063812255859375
190.07139945030212,190.07145500000004,3.1439719999999998,186.92748300000005,3.3063812255859375
190.0177264213562,190.017552,2.924022000000001,187.09353,3.3063812255859375
190.21191143989563,190.211622,3.0199820000000006,187.19164,3.3063812255859375
190.1335253715515,190.13333000000006,2.8879459999999995,187.24538400000006,3.3063812255859375
189.82309865951538,189.8227010000001,2.979979,186.8427220000001,3.3063812255859375
190.56363320350647,190.55942499999998,2.8119879999999995,187.747437,3.3063812255859375
192.3207631111145,192.29262900000006,2.8800089999999976,189.41262000000006,3.3063812255859375
189.32197332382202,189.32165700000004,3.011962999999998,186.30969400000004,3.3063812255859375
190.8027606010437,190.80244399999992,3.059975999999999,187.74246799999992,3.3063812255859375
191.0111141204834,191.01066,2.8600409999999954,188.150619,3.3063812255859375
190.5973081588745,190.59510700000016,2.907936999999997,187.68717000000015,3.3063812255859375
190.1017084121704,190.1013330000001,2.808004000000004,187.29332900000009,3.3063812255859375
190.00391840934753,190.00323200000022,2.923977999999998,187.07925400000022,3.3063812255859375
189.9007110595703,189.90027199999992,2.8440010000000058,187.05627099999992,3.3063812255859375
189.6069655418396,189.6067740000002,2.915981000000002,186.6907930000002,3.3063812255859375
189.65993523597717,189.6599340000001,2.795966,186.8639680000001,3.3063812255859375
