walltime(s),cputime(s),systime(s),usertime(s),memory(GB)
1.1173222064971924,1.1173140000000004,0.0,1.1173140000000004,0.20904922485351562
1.025489330291748,1.025468,0.0,1.025468,0.20906829833984375
1.0104076862335205,1.010377,0.0,1.010377,0.20908737182617188
1.024409294128418,1.0243989999999998,0.0,1.0243989999999998,0.20908737182617188
1.0292937755584717,1.0292839999999988,0.0,1.0292839999999988,0.20908737182617188
1.0360157489776611,1.035988,0.0035820000000000296,1.032406,0.20908737182617188
1.0369665622711182,1.036956,0.0,1.036956,0.20908737182617188
1.0307610034942627,1.0307490000000001,0.0,1.0307490000000001,0.20908737182617188
1.0181975364685059,1.0181760000000004,0.0,1.0181760000000004,0.20908737182617188
1.0134267807006836,1.013408,0.0,1.013408,0.20908737182617188
1.0253372192382812,1.025214,0.0,1.025214,0.20908737182617188
1.0174953937530518,1.0174850000000006,0.0,1.0174850000000006,0.20908737182617188
1.0238561630249023,1.0238379999999976,0.003552999999999973,1.0202849999999977,0.20908737182617188
1.0322027206420898,1.032193000000003,0.0,1.032193000000003,0.20908737182617188
1.0199635028839111,1.019953000000001,0.0,1.019953000000001,0.20908737182617188
1.108156442642212,1.1081460000000014,0.0,1.1081460000000014,0.20908737182617188
1.0206658840179443,1.0206459999999993,0.0,1.0206459999999993,0.2090911865234375
1.1056745052337646,1.1056659999999994,0.0,1.1056659999999994,0.2090911865234375
1.030219554901123,1.0302080000000018,0.0,1.0302080000000018,0.2090911865234375
1.0341103076934814,1.0340810000000005,0.0,1.0340810000000005,0.2090911865234375
1.0322144031524658,1.0321120000000015,0.0,1.0321120000000015,0.2090911865234375
1.0502924919128418,1.0502690000000001,0.0,1.0502690000000001,0.2090911865234375
1.043508768081665,1.0434940000000026,0.0,1.0434940000000026,0.2090911865234375
1.0343084335327148,1.034282000000001,0.0,1.034282000000001,0.2090911865234375
1.038738489151001,1.0387139999999988,0.0,1.0387139999999988,0.2090911865234375
1.0296804904937744,1.0296689999999984,0.0,1.0296689999999984,0.2090911865234375
1.0296623706817627,1.0296510000000012,0.0,1.0296510000000012,0.2090911865234375
1.0260915756225586,1.0260700000000043,0.0,1.0260700000000043,0.2090911865234375
1.023716926574707,1.0237069999999946,0.0,1.0237069999999946,0.2090911865234375
1.0224783420562744,1.0224679999999964,0.0,1.0224679999999964,0.2090911865234375
