walltime(s),cputime(s),systime(s),usertime(s),memory(GB)
0.4643738269805908,0.4643430000000006,0.0034359999999999946,0.4609070000000006,0.19696044921875
0.505617618560791,0.5056019999999997,0.0,0.5056019999999997,0.19696044921875
0.4572789669036865,0.45725199999999955,0.0,0.45725199999999955,0.19696044921875
0.4969182014465332,0.4969019999999995,0.0,0.4969019999999995,0.19696044921875
0.5013229846954346,0.501279,0.0019649999999999945,0.49931400000000004,0.19696044921875
0.4861111640930176,0.48607200000000006,0.0,0.48607200000000006,0.19696044921875
0.47137951850891113,0.4713650000000005,0.0,0.4713650000000005,0.19696044921875
0.39567065238952637,0.3956459999999993,0.0,0.3956459999999993,0.19696044921875
0.5024123191833496,0.502396000000001,0.0,0.502396000000001,0.19696044921875
0.4340226650238037,0.4339960000000005,0.0,0.4339960000000005,0.19696044921875
0.4967691898345947,0.496753,0.0,0.496753,0.19696044921875
0.4439220428466797,0.4438899999999997,0.0,0.4438899999999997,0.19696044921875
0.46405839920043945,0.46404599999999974,0.0,0.46404599999999974,0.19696044921875
0.4980792999267578,0.4980519999999993,0.0021999999999999797,0.4958519999999993,0.19696044921875
0.45600318908691406,0.45597500000000046,0.0,0.45597500000000046,0.19696044921875
0.4892570972442627,0.4892310000000002,0.0,0.4892310000000002,0.19696044921875
0.4684133529663086,0.46839800000000054,0.0,0.46839800000000054,0.19696044921875
0.46407103538513184,0.46403899999999965,0.0,0.46403899999999965,0.19696044921875
0.4840068817138672,0.4839909999999996,0.0,0.4839909999999996,0.19696044921875
0.5031359195709229,0.5030959999999993,0.0,0.5030959999999993,0.19696044921875
0.5130770206451416,0.5130610000000004,0.0,0.5130610000000004,0.19696044921875
0.5072474479675293,0.5072200000000002,0.0,0.5072200000000002,0.19696044921875
0.4879720211029053,0.48794300000000135,0.0,0.48794300000000135,0.19696044921875
0.4787256717681885,0.4787100000000031,0.0,0.4787100000000031,0.19696044921875
0.4845142364501953,0.48448500000000294,0.0,0.48448500000000294,0.19696044921875
0.49442219734191895,0.494409000000001,0.0,0.494409000000001,0.19696044921875
0.4898543357849121,0.4898300000000015,0.0029790000000000094,0.4868510000000015,0.19696044921875
0.3247230052947998,0.3247089999999986,0.0,0.3247089999999986,0.19696044921875
0.3642442226409912,0.36421900000000207,0.0,0.36421900000000207,0.19696044921875
0.4908607006072998,0.4908350000000006,0.0,0.4908350000000006,0.19696044921875
