walltime(s),cputime(s),systime(s),usertime(s),memory(GB)
0.16688132286071777,0.16687299999999983,0.0,0.16687299999999983,0.19488143920898438
0.1501171588897705,0.15010800000000035,0.0,0.15010800000000035,0.19488143920898438
0.14104461669921875,0.14103599999999972,0.0,0.14103599999999972,0.19488525390625
0.14119410514831543,0.14109399999999983,0.0,0.14109399999999983,0.19488525390625
0.13611054420471191,0.13610099999999914,0.0,0.13610099999999914,0.19488525390625
0.13857221603393555,0.13854100000000003,0.0,0.13854100000000003,0.19488525390625
0.1358013153076172,0.13579199999999947,0.0,0.13579199999999947,0.19488525390625
0.13576817512512207,0.13576000000000032,0.0,0.13576000000000032,0.19488525390625
0.13563013076782227,0.1356219999999997,0.0,0.1356219999999997,0.19488525390625
0.14278006553649902,0.14276900000000037,0.0,0.14276900000000037,0.19488525390625
0.1369342803955078,0.13692500000000063,0.0,0.13692500000000063,0.19488525390625
0.13561153411865234,0.1356029999999997,0.0,0.1356029999999997,0.19488525390625
0.13713884353637695,0.1371190000000002,0.0,0.1371190000000002,0.19488525390625
0.13580584526062012,0.1357980000000003,0.0,0.1357980000000003,0.19488525390625
0.13574838638305664,0.13571499999999936,0.0,0.13571499999999936,0.19488525390625
0.14379286766052246,0.143783,0.0,0.143783,0.19488525390625
0.1363680362701416,0.13635999999999981,0.0,0.13635999999999981,0.19488525390625
0.13591527938842773,0.13590699999999956,0.0,0.13590699999999956,0.19488525390625
0.13610100746154785,0.13609199999999966,0.0,0.13609199999999966,0.19488525390625
0.14152979850769043,0.14152200000000015,0.0,0.14152200000000015,0.19488525390625
0.13713622093200684,0.13710999999999984,0.0,0.13710999999999984,0.19488525390625
0.13578581809997559,0.13577800000000018,0.0,0.13577800000000018,0.19488525390625
0.14351415634155273,0.14350299999999905,0.0,0.14350299999999905,0.19488525390625
0.1373744010925293,0.13736500000000085,0.0,0.13736500000000085,0.19488525390625
0.13559603691101074,0.13558899999999952,0.0,0.13558899999999952,0.19488525390625
0.1361863613128662,0.13617900000000027,0.0,0.13617900000000027,0.19488525390625
0.13576555252075195,0.13575800000000093,0.0,0.13575800000000093,0.19488525390625
0.13591408729553223,0.13590500000000105,0.0,0.13590500000000105,0.19488525390625
0.13621139526367188,0.13618600000000036,0.0,0.13618600000000036,0.19488525390625
0.13617205619812012,0.13616200000000056,0.0,0.13616200000000056,0.19488525390625
