walltime(s),cputime(s),systime(s),usertime(s),memory(GB)
225.37226176261902,225.367975,3.9314150000000003,221.43656000000001,3.8788909912109375
228.0427384376526,227.948715,2.755921,225.192794,3.879749298095703
224.48751139640808,224.483797,2.41599,222.06780700000002,3.879749298095703
224.52114272117615,224.517367,2.4319059999999997,222.085461,3.879749298095703
224.73195481300354,224.72742500000007,2.439946000000001,222.28747900000008,3.879749298095703
224.3522825241089,224.34864699999986,2.4199620000000017,221.92868499999986,3.879749298095703
224.39918994903564,224.39560900000004,2.379957000000001,222.01565200000005,3.879749298095703
224.12735152244568,224.12262600000003,2.3359369999999977,221.78668900000002,3.879749298095703
224.34321546554565,224.33950900000008,2.2719520000000024,222.06755700000008,3.879749298095703
224.2581124305725,224.25440999999978,2.203982,222.05042799999978,3.879749298095703
224.29177808761597,224.28801800000005,2.1959550000000014,222.09206300000005,3.879749298095703
223.6640386581421,223.6604520000003,2.0679450000000017,221.5925070000003,3.879749298095703
223.86422729492188,223.86025099999983,2.2159619999999975,221.64428899999984,3.879749298095703
223.9060869216919,223.90138200000032,2.387912,221.51347000000032,3.879749298095703
223.90284872055054,223.8981869999999,2.347937999999999,221.5502489999999,3.879749298095703
223.64621329307556,223.64154899999997,2.2839659999999995,221.35758299999998,3.879749298095703
