walltime(s),cputime(s),systime(s),usertime(s),memory(GB)
270.01356387138367,270.013452,5.194116,264.81933599999996,4.506141662597656
271.94500613212585,271.94513,4.547715999999999,267.397414,4.506141662597656
272.3654441833496,272.360701,4.34783,268.012871,4.506141662597656
272.39082384109497,272.3901749999999,4.183889000000001,268.20628599999986,4.506141662597656
272.3958079814911,272.39517800000016,4.343957,268.05122100000017,4.506141662597656
272.67450976371765,272.674307,4.283948000000002,268.390359,4.506141662597656
272.0724711418152,272.07227900000004,4.227919,267.84436000000005,4.506141662597656
271.9433479309082,271.9430149999999,3.804008999999997,268.1390059999999,4.506141662597656
271.04020953178406,271.0399409999998,3.239933999999998,267.8000069999998,4.506141662597656
270.8189821243286,270.81867900000015,3.1399299999999997,267.67874900000015,4.506141662597656
269.4626474380493,269.38243699999987,3.287816999999997,266.09461999999985,4.506141662597656
268.4012577533722,268.400965,3.359991000000001,265.040974,4.506141662597656
270.0026659965515,270.002044,3.3599439999999987,266.6421,4.506141662597656
