walltime(s),cputime(s),systime(s),usertime(s),memory(GB)
514.9629786014557,514.970833,10.715318,504.255515,8.254119873046875
502.6728994846344,502.68085299999996,9.088071999999999,493.59278099999995,8.254585266113281
513.4904334545135,513.495593,9.428024999999998,504.06756799999994,8.254585266113281
524.0719022750854,524.0642710000001,9.471809,514.5924620000001,8.254585266113281
515.4411981105804,515.4494950000001,9.656176000000002,505.7933190000001,8.254585266113281
533.9884793758392,533.996934,9.920081000000003,524.076853,8.254585266113281
