walltime(s),cputime(s),systime(s),usertime(s),memory(GB)
0.10338640213012695,0.10337799999999975,0.0,0.10337799999999975,0.18231201171875
0.10195660591125488,0.10194599999999987,0.0,0.10194599999999987,0.18231201171875
0.08578610420227051,0.08577600000000007,0.0,0.08577600000000007,0.18231201171875
0.08865475654602051,0.08864299999999936,0.0,0.08864299999999936,0.18231201171875
0.10400509834289551,0.10397999999999996,0.0,0.10397999999999996,0.18231201171875
0.10621500015258789,0.10620399999999997,0.0,0.10620399999999997,0.18231201171875
0.09163069725036621,0.09161999999999981,0.0,0.09161999999999981,0.18231201171875
0.0861508846282959,0.08613900000000019,0.0,0.08613900000000019,0.18231201171875
0.08378219604492188,0.08377200000000062,0.0,0.08377200000000062,0.18231201171875
0.10150384902954102,0.10149199999999947,0.0,0.10149199999999947,0.18231201171875
0.1107785701751709,0.11076900000000034,0.0,0.11076900000000034,0.18231201171875
0.11107730865478516,0.11106600000000011,0.0,0.11106600000000011,0.18231201171875
0.1110389232635498,0.11102599999999985,0.0,0.11102599999999985,0.18231201171875
0.1114199161529541,0.11140699999999981,0.0,0.11140699999999981,0.18231201171875
0.11335015296936035,0.11334,0.0,0.11334,0.18231201171875
0.1125175952911377,0.11250699999999991,0.0,0.11250699999999991,0.18231201171875
0.08632040023803711,0.08631000000000011,0.0,0.08631000000000011,0.18231201171875
0.1122138500213623,0.11220199999999991,0.0,0.11220199999999991,0.18231201171875
0.11367249488830566,0.11364699999999939,0.0,0.11364699999999939,0.18231201171875
0.11486625671386719,0.11485400000000023,0.0,0.11485400000000023,0.18231201171875
0.11318373680114746,0.11315900000000045,0.0,0.11315900000000045,0.18231201171875
0.1129913330078125,0.11297999999999941,0.0,0.11297999999999941,0.18231201171875
0.1152029037475586,0.11517900000000036,0.0,0.11517900000000036,0.18231201171875
0.11174392700195312,0.11173199999999994,0.0,0.11173199999999994,0.18231201171875
0.11179709434509277,0.1117840000000001,0.0,0.1117840000000001,0.18231201171875
0.11343121528625488,0.1134170000000001,0.0,0.1134170000000001,0.18231201171875
0.11351370811462402,0.11350400000000072,0.0,0.11350400000000072,0.18231201171875
0.11346554756164551,0.1134529999999998,0.0,0.1134529999999998,0.18231201171875
0.11117053031921387,0.11115999999999993,0.0,0.11115999999999993,0.18231201171875
0.11193156242370605,0.1119210000000006,0.0,0.1119210000000006,0.18231201171875
