walltime(s),cputime(s),systime(s),usertime(s),memory(GB)
690.4835915565491,690.4704069999999,9.747488,680.7229189999999,12.80364990234375
706.5962183475494,706.580685,8.175814,698.4048710000001,12.805038452148438
717.6218338012695,717.6062860000002,8.367788000000001,709.2384980000002,12.805038452148438
769.284832239151,769.2607020000002,8.843774,760.4169280000001,12.805038452148438
