walltime(s),cputime(s),systime(s),usertime(s),memory(GB)
0.266707181930542,0.2666979999999999,0.0,0.2666979999999999,0.19704055786132812
0.2694225311279297,0.269412,0.0,0.269412,0.19724655151367188
0.2627856731414795,0.26261500000000026,0.0,0.26261500000000026,0.19724655151367188
0.26215362548828125,0.262143,0.0,0.262143,0.19726943969726562
0.2624332904815674,0.2624230000000001,0.0,0.2624230000000001,0.19726943969726562
0.26868224143981934,0.26866400000000024,0.0,0.26866400000000024,0.19726943969726562
0.26349377632141113,0.2634829999999999,0.0,0.2634829999999999,0.19726943969726562
0.2613043785095215,0.26129399999999947,0.0,0.26129399999999947,0.19726943969726562
0.27107954025268555,0.27105399999999946,0.0,0.27105399999999946,0.19726943969726562
0.2643148899078369,0.2643040000000001,0.0,0.2643040000000001,0.19726943969726562
0.2618591785430908,0.2618500000000008,0.0,0.2618500000000008,0.19726943969726562
0.2698371410369873,0.2698260000000001,0.0,0.2698260000000001,0.19726943969726562
0.2779386043548584,0.2779109999999996,0.0,0.2779109999999996,0.19726943969726562
0.27767062187194824,0.2776580000000006,0.0,0.2776580000000006,0.19726943969726562
0.27910757064819336,0.27909700000000015,0.0,0.27909700000000015,0.19726943969726562
0.27855420112609863,0.2785270000000004,0.0,0.2785270000000004,0.19726943969726562
0.2771458625793457,0.27713499999999947,0.0,0.27713499999999947,0.19726943969726562
0.2658541202545166,0.26583699999999943,0.0,0.26583699999999943,0.19726943969726562
0.2686593532562256,0.2686410000000006,0.0,0.2686410000000006,0.19726943969726562
0.2618868350982666,0.2618760000000009,0.0,0.2618760000000009,0.19726943969726562
0.2628169059753418,0.26280599999999943,0.0,0.26280599999999943,0.19726943969726562
0.2640960216522217,0.2640860000000007,0.0,0.2640860000000007,0.19726943969726562
0.26262640953063965,0.2626070000000009,0.0,0.2626070000000009,0.19726943969726562
0.26364994049072266,0.2636389999999995,0.0,0.2636389999999995,0.19726943969726562
0.26201915740966797,0.2620090000000008,0.0,0.2620090000000008,0.19726943969726562
0.2639164924621582,0.263895999999999,0.0,0.263895999999999,0.19726943969726562
0.26581478118896484,0.26580399999999926,0.0,0.26580399999999926,0.19726943969726562
0.2638895511627197,0.26388000000000034,0.0,0.26388000000000034,0.19726943969726562
0.2634713649749756,0.263439,0.0,0.263439,0.19726943969726562
0.27959394454956055,0.2795799999999993,0.0,0.2795799999999993,0.19726943969726562
