walltime(s),cputime(s),systime(s),usertime(s),memory(GB)
0.3187251091003418,0.3187200000000002,0.011739999999999973,0.30698000000000025,0.19617080688476562
0.29668545722961426,0.2966759999999997,0.0,0.2966759999999997,0.1964111328125
0.2962934970855713,0.29627099999999995,0.0,0.29627099999999995,0.1964111328125
0.2975497245788574,0.29754099999999983,0.0,0.29754099999999983,0.1964111328125
0.30213189125061035,0.30211900000000025,0.0,0.30211900000000025,0.1964111328125
0.2997303009033203,0.2997040000000002,0.0,0.2997040000000002,0.1964111328125
0.29935312271118164,0.2993170000000003,0.0,0.2993170000000003,0.1964111328125
0.2947721481323242,0.29475300000000004,0.0,0.29475300000000004,0.1964111328125
0.2959284782409668,0.29591800000000035,0.0,0.29591800000000035,0.1964111328125
0.2952113151550293,0.295204,0.0,0.295204,0.1964111328125
0.29608654975891113,0.29607599999999934,0.0,0.29607599999999934,0.1964111328125
0.29445552825927734,0.2944469999999999,0.0,0.2944469999999999,0.1964111328125
0.29401350021362305,0.294003,0.0,0.294003,0.1964111328125
0.29779815673828125,0.29778899999999986,0.0,0.29778899999999986,0.1964111328125
0.2933790683746338,0.29336999999999946,0.0,0.29336999999999946,0.1964111328125
0.2942485809326172,0.294239000000001,0.0,0.294239000000001,0.1964111328125
0.2931227684020996,0.29311299999999996,0.0,0.29311299999999996,0.1964111328125
0.29331064224243164,0.2933009999999996,0.0,0.2933009999999996,0.1964111328125
0.2929108142852783,0.292902999999999,0.0,0.292902999999999,0.1964111328125
0.29947900772094727,0.29946300000000114,0.0,0.29946300000000114,0.1964111328125
0.30727052688598633,0.30725900000000017,0.0,0.30725900000000017,0.1964111328125
0.30059289932250977,0.3005809999999993,0.0,0.3005809999999993,0.1964111328125
0.3029487133026123,0.3029390000000003,0.0,0.3029390000000003,0.1964111328125
0.30108094215393066,0.30106899999999825,0.0,0.30106899999999825,0.1964111328125
0.3021848201751709,0.30217700000000036,0.0,0.30217700000000036,0.1964111328125
0.30539655685424805,0.30538499999999935,0.0,0.30538499999999935,0.1964111328125
0.30623388290405273,0.3062050000000003,0.0,0.3062050000000003,0.1964111328125
0.30414915084838867,0.304138,0.0,0.304138,0.1964111328125
0.3029332160949707,0.3029239999999991,0.0,0.3029239999999991,0.1964111328125
0.3078608512878418,0.30783199999999944,0.0,0.30783199999999944,0.1964111328125
