walltime(s),cputime(s),systime(s),usertime(s),memory(GB)
266.3347797393799,266.330464,4.754861,261.575603,4.790412902832031
269.99351143836975,269.98912900000005,4.279958,265.709171,4.790805816650391
276.98346161842346,276.97898999999995,4.471938,272.50705199999993,4.790824890136719
279.0702292919159,279.004127,4.511948000000002,274.49217899999996,4.790824890136719
278.45362758636475,278.44988100000006,4.355978999999998,274.09390200000007,4.790824890136719
278.5444722175598,278.540521,4.391921,274.1486,4.790824890136719
278.2769548892975,278.272668,4.279956000000002,273.992712,4.790824890136719
278.6035919189453,278.59891099999993,4.475915999999998,274.12299499999995,4.790824890136719
278.62132573127747,278.6169210000004,4.279888999999997,274.33703200000036,4.790824890136719
278.732634305954,278.7282359999997,4.6559349999999995,274.0723009999997,4.790824890136719
275.74057388305664,275.735339,4.631920000000001,271.10341900000003,4.790824890136719
274.5836980342865,274.5783349999998,4.475908000000004,270.1024269999998,4.790824890136719
275.05937790870667,275.0535649999996,4.583891999999999,270.4696729999996,4.790824890136719
