walltime(s),cputime(s),systime(s),usertime(s),memory(GB)
199.05842781066895,199.054251,3.128497,195.92575399999998,3.0878677368164062
201.23733806610107,201.234606,1.5480580000000002,199.68654800000002,3.0878677368164062
201.09018850326538,201.08749000000003,1.4599979999999997,199.62749200000002,3.0878677368164062
201.36181616783142,201.35904599999995,1.3520060000000003,200.00703999999996,3.0878677368164062
201.25194931030273,201.24252899999996,1.568028,199.67450099999996,3.0878677368164062
202.1394078731537,202.13677599999997,1.479972,200.65680399999997,3.0878677368164062
198.59450006484985,198.5917290000001,1.3759890000000006,197.2157400000001,3.0878677368164062
188.86438846588135,188.86118500000003,1.1839630000000003,187.67722200000003,3.0878677368164062
187.44321489334106,187.4397710000001,1.3760000000000012,186.0637710000001,3.0878677368164062
178.4760022163391,178.47210699999988,1.2559719999999999,177.2161349999999,3.0878677368164062
178.47195267677307,178.46820199999985,1.2999590000000012,177.16824299999985,3.0878677368164062
177.20379257202148,177.19999,1.283968999999999,175.916021,3.0878677368164062
172.62923955917358,172.61742600000005,1.3399800000000006,171.27744600000005,3.0878677368164062
170.87944340705872,170.875881,1.291988,169.583893,3.0878677368164062
170.97746658325195,170.97378800000013,1.3319550000000007,169.64183300000013,3.0878677368164062
170.88773727416992,170.88412499999984,1.3119699999999987,169.57215499999984,3.0878677368164062
170.89671921730042,170.89311899999976,1.3599689999999995,169.53314999999975,3.0878677368164062
170.89205265045166,170.88856500000003,1.187975999999999,169.70058900000004,3.0878677368164062
170.9519488811493,170.94826200000023,1.2479720000000007,169.70029000000022,3.0878677368164062
