walltime(s),cputime(s),systime(s),usertime(s),memory(GB)
0.4709358215332031,0.47091399999999983,0.0030360000000000387,0.4678779999999998,0.199493408203125
0.37650513648986816,0.3764799999999999,0.0,0.3764799999999999,0.19964599609375
0.37707066535949707,0.37706399999999984,0.0,0.37706399999999984,0.19964599609375
0.384171724319458,0.38416400000000017,0.0,0.38416400000000017,0.19964599609375
0.37774181365966797,0.3777189999999999,0.0,0.3777189999999999,0.19964599609375
0.37706589698791504,0.37703500000000056,0.0011409999999999476,0.3758940000000006,0.19964599609375
0.37647151947021484,0.37644700000000064,0.0,0.37644700000000064,0.19964599609375
0.3755924701690674,0.3755870000000012,0.0,0.3755870000000012,0.19964599609375
0.3971226215362549,0.3971,0.0,0.3971,0.19964599609375
0.37530016899108887,0.3752880000000012,0.0,0.3752880000000012,0.19964599609375
0.3759787082672119,0.3759730000000001,0.0,0.3759730000000001,0.19964599609375
0.3754727840423584,0.37544800000000045,0.0,0.37544800000000045,0.19964599609375
0.3759469985961914,0.3759420000000002,0.0,0.3759420000000002,0.19964599609375
0.37505340576171875,0.37502800000000036,0.0,0.37502800000000036,0.19964599609375
0.38606977462768555,0.3860499999999991,0.0,0.3860499999999991,0.19964599609375
0.37549757957458496,0.37549100000000024,0.0,0.37549100000000024,0.19964599609375
0.3761618137359619,0.3761569999999992,0.0,0.3761569999999992,0.19964599609375
0.37551045417785645,0.3755050000000004,0.0,0.3755050000000004,0.19964599609375
0.37580442428588867,0.37579900000000066,0.0,0.37579900000000066,0.19964599609375
0.37581753730773926,0.3758049999999997,0.0,0.3758049999999997,0.19964599609375
0.3753321170806885,0.37532600000000116,0.0,0.37532600000000116,0.19964599609375
0.39168739318847656,0.39167100000000055,0.0,0.39167100000000055,0.19964599609375
0.37906813621520996,0.3790610000000001,0.0,0.3790610000000001,0.19964599609375
0.3763248920440674,0.3762989999999995,0.0,0.3762989999999995,0.19964599609375
0.37567663192749023,0.3756700000000013,0.0,0.3756700000000013,0.19964599609375
0.37492966651916504,0.374903999999999,0.0,0.374903999999999,0.19964599609375
0.37619805335998535,0.37619100000000216,0.0,0.37619100000000216,0.19964599609375
0.3756988048553467,0.37569300000000183,0.0,0.37569300000000183,0.19964599609375
0.37620973587036133,0.3761839999999985,0.0,0.3761839999999985,0.19964599609375
0.37577271461486816,0.37576699999999974,0.0,0.37576699999999974,0.19964599609375
