walltime(s),cputime(s),systime(s),usertime(s),memory(GB)
409.691125869751,451.8812909999999,145.61655599999997,306.264735,0.4829216003417969
414.7469789981842,457.27831000000003,148.384563,308.893747,0.4829216003417969
415.17181301116943,457.70339,148.02227600000003,309.681114,0.4836311340332031
402.1614773273468,443.5580029999999,145.96299500000003,297.5950079999999,0.4836311340332031
408.6903028488159,450.82989499999985,146.295979,304.53391599999986,0.4836311340332031
410.8706269264221,453.0828889999999,147.83534799999995,305.24754099999996,0.4836311340332031
410.8061332702637,453.07896600000026,146.28465200000005,306.7943140000002,0.4836311340332031
415.0812609195709,457.59728099999984,146.65014199999996,310.9471389999999,0.4836311340332031
