walltime(s),cputime(s),systime(s),usertime(s),memory(GB)
1502.8873355388641,1627.8851529999997,476.33858399999997,1151.5465689999999,2.2910003662109375
1516.88148188591,1642.409207,475.61356000000006,1166.795647,2.291088104248047
