walltime(s),cputime(s),systime(s),usertime(s),memory(GB)
434.982382774353,471.269093,138.394171,332.874922,0.8257331848144531
435.853892326355,472.263377,136.89423499999998,335.369142,0.8260574340820312
436.5560054779053,472.93858399999993,137.41078399999998,335.52779999999996,0.8261032104492188
436.4395387172699,473.01777100000015,138.22393,334.79384100000016,0.8261222839355469
435.96328234672546,472.41933000000006,138.050341,334.36898900000006,0.8261299133300781
435.6891222000122,472.1448610000001,136.96000700000002,335.1848540000001,0.8261566162109375
436.1077489852905,472.586282,136.743559,335.842723,0.8261642456054688
435.01196217536926,471.4598930000001,136.29338799999994,335.16650500000014,0.8261680603027344
