walltime(s),cputime(s),systime(s),usertime(s),memory(GB)
2641.350681066513,2835.219054,815.478008,2019.741046,3.596385955810547
