walltime(s),cputime(s),systime(s),usertime(s),memory(GB)
908.0576632022858,974.267728,281.591468,692.67626,1.441253662109375
868.2241642475128,931.6681350000001,270.14502899999997,661.5231060000001,1.441253662109375
866.8282499313354,931.3197029999999,270.321371,660.9983319999999,1.441253662109375
866.8708896636963,931.7860029999999,270.662288,661.123715,1.441253662109375
