walltime(s),cputime(s),systime(s),usertime(s),memory(GB)
36296.47854566574,221.892857,71.871054,150.021803,0.28862762451171875
200.48008513450623,222.555749,70.94232699999999,151.61342199999999,0.28862762451171875
201.15686917304993,223.36098300000003,71.68391300000002,151.67707000000001,0.28862762451171875
201.1064476966858,223.37644700000004,72.507767,150.86868000000004,0.28862762451171875
200.8313410282135,223.03357099999988,71.51691299999999,151.5166579999999,0.28862762451171875
200.6340708732605,222.80866999999995,72.16961499999996,150.63905499999998,0.28862762451171875
200.9159495830536,223.10085800000002,71.57566699999995,151.52519100000006,0.28862762451171875
199.60936522483826,221.57267000000002,71.10373800000002,150.468932,0.28862762451171875
200.34687328338623,222.5099869999999,70.80941099999995,151.70057599999996,0.28862762451171875
196.2047939300537,217.69390800000008,68.84763600000008,148.846272,0.28862762451171875
201.14536929130554,223.35711400000014,71.07808,152.27903400000014,0.28862762451171875
201.1503827571869,223.3313059999998,71.58392099999992,151.7473849999999,0.28862762451171875
200.65414428710938,222.81491499999993,71.93633599999998,150.87857899999995,0.28862762451171875
201.2249641418457,223.46444999999994,71.16328199999998,152.30116799999996,0.28862762451171875
200.59761357307434,222.74604399999987,71.171017,151.57502699999986,0.28862762451171875
200.58081459999084,222.7007010000002,71.78616199999988,150.91453900000033,0.28862762451171875
200.56289839744568,222.72480999999993,72.27007600000002,150.45473399999992,0.28862762451171875
