walltime(s),cputime(s),systime(s),usertime(s),memory(GB)
2644.6890618801117,2912.441175,814.444645,2097.99653,2.3361167907714844
