walltime(s),cputime(s),systime(s),usertime(s),memory(GB)
240.70186614990234,257.740662,75.66812,182.072542,0.4894981384277344
243.79703831672668,261.217242,77.036476,184.180766,0.49208831787109375
247.55131649971008,264.7273490000001,76.70103300000002,188.02631600000007,0.49208831787109375
239.11481523513794,256.05355599999996,74.71452299999999,181.33903299999997,0.49208831787109375
243.33789038658142,260.668296,76.02752900000002,184.64076699999998,0.49208831787109375
245.90893745422363,263.06329199999993,76.787508,186.27578399999993,0.49208831787109375
244.77768087387085,262.273489,76.86130499999996,185.41218400000002,0.49208831787109375
247.11779761314392,264.581001,76.425794,188.15520700000002,0.49208831787109375
247.31733226776123,264.74322700000005,76.64667300000008,188.09655399999997,0.49208831787109375
243.5734739303589,260.793628,76.40629999999999,184.38732800000002,0.49208831787109375
245.48496651649475,262.84161700000004,76.44235400000002,186.39926300000002,0.49208831787109375
246.4602530002594,264.3615050000002,76.59913900000004,187.76236600000016,0.49208831787109375
245.87210941314697,263.5067600000001,75.58008800000005,187.92667200000005,0.49208831787109375
246.3729121685028,263.8570130000003,76.55794100000003,187.29907200000025,0.49208831787109375
