walltime(s),cputime(s),systime(s),usertime(s),memory(GB)
244.81726384162903,268.87784,81.316198,187.561642,0.3228645324707031
248.64542961120605,272.99541800000003,82.844845,190.150573,0.323638916015625
248.9100251197815,273.06377399999997,82.310056,190.75371799999994,0.3236503601074219
248.7708694934845,273.1402330000001,83.98962000000003,189.15061300000002,0.3236503601074219
248.64941382408142,272.98659899999996,83.24764500000003,189.73895399999992,0.3236503601074219
248.65449333190918,272.946506,83.00949700000001,189.937009,0.3236503601074219
249.07937169075012,273.3958459999999,84.11440700000003,189.28143899999986,0.3236503601074219
248.6057333946228,272.95670600000005,83.57976500000007,189.376941,0.3236503601074219
248.69274830818176,273.03143399999976,83.39103999999998,189.6403939999998,0.3236503601074219
248.612455368042,273.06873200000007,83.78949,189.27924200000007,0.3236503601074219
248.89889335632324,273.32934000000023,83.86582399999998,189.46351600000025,0.3236503601074219
248.46022939682007,272.8048439999998,83.89183400000002,188.91300999999976,0.3236503601074219
246.0541546344757,270.08953600000007,83.33073900000011,186.75879699999996,0.3236503601074219
245.8866991996765,269.9409149999999,81.04535099999998,188.89556399999992,0.3236503601074219
