walltime(s),cputime(s),systime(s),usertime(s),memory(GB)
557.977391242981,593.689458,174.207501,419.48195699999997,0.8378715515136719
576.0502595901489,612.249504,175.657701,436.59180299999997,0.8425445556640625
576.2774934768677,612.6865530000001,175.905752,436.7808010000001,0.8425445556640625
576.8057124614716,613.1946609999999,176.44369900000004,436.75096199999984,0.8425445556640625
571.9312055110931,609.0558480000001,174.636658,434.41919000000007,0.8425445556640625
573.3802211284637,610.1582010000001,175.385631,434.7725700000001,0.8425445556640625
