walltime(s),cputime(s),systime(s),usertime(s),memory(GB)
364.91207218170166,401.525505,110.029354,291.496151,0.5085716247558594
368.7493968009949,405.27552599999996,109.95308200000001,295.32244399999996,0.5102996826171875
368.57320165634155,405.1490940000001,110.531284,294.6178100000001,0.5102996826171875
358.99493384361267,394.3743070000001,106.83529700000003,287.5390100000001,0.5102996826171875
364.50731778144836,400.68440600000014,109.13433100000003,291.5500750000001,0.5102996826171875
368.2123193740845,404.67540899999983,109.88115099999993,294.7942579999999,0.5102996826171875
368.90832114219666,405.4581390000003,110.55224900000007,294.9058900000002,0.5102996826171875
368.36994314193726,404.83931800000016,109.638961,295.20035700000017,0.5102996826171875
354.2237010002136,389.3912319999997,106.43455500000005,282.9566769999997,0.5102996826171875
