walltime(s),cputime(s),systime(s),usertime(s),memory(GB)
1307.0682618618011,1382.5716619999998,417.112167,965.459495,2.5303115844726562
1295.6061718463898,1374.653871,408.974406,965.679465,2.5303115844726562
