walltime(s),cputime(s),systime(s),usertime(s),memory(GB)
2553.502610206604,2744.17601,786.46532,1957.71069,3.820301055908203
