walltime(s),cputime(s),systime(s),usertime(s),memory(GB)
176.82070660591125,191.841838,57.136438,134.7054,0.4742584228515625
177.21775269508362,192.2929,57.27023,135.02267,0.4742584228515625
177.2833869457245,192.37096199999996,56.84079600000001,135.53016599999995,0.4743614196777344
177.1147918701172,192.19546300000007,56.50400400000001,135.69145900000007,0.47442626953125
177.3109314441681,192.39033300000006,57.11891700000001,135.27141600000004,0.4744300842285156
179.640531539917,194.18480399999999,56.976500999999985,137.208303,0.4744415283203125
177.1426706314087,192.1957069999999,56.311365999999964,135.88434099999995,0.47444915771484375
177.30132913589478,192.38689500000004,57.00370300000003,135.383192,0.4744606018066406
177.34780263900757,192.441509,56.659200000000055,135.78230899999994,0.4744606018066406
176.99650192260742,192.0912310000001,56.821934000000056,135.26929700000005,0.47447967529296875
177.00225567817688,192.06823600000007,56.84266400000001,135.22557200000006,0.47447967529296875
177.4186041355133,192.52301999999997,56.79594099999997,135.727079,0.47447967529296875
177.14333605766296,192.24752599999988,57.00450599999999,135.2430199999999,0.4744834899902344
177.4910216331482,192.60562000000016,56.686329,135.91929100000016,0.4744834899902344
172.67998218536377,187.02746000000002,54.946234000000004,132.08122600000002,0.4744834899902344
162.68284630775452,176.95101399999976,52.43865400000004,124.51235999999972,0.4744834899902344
162.6074583530426,176.8801840000002,52.45005400000002,124.43013000000019,0.4744834899902344
162.74393463134766,177.09013400000015,52.080340999999976,125.00979300000017,0.4744834899902344
162.59063386917114,176.88529700000015,52.34827299999995,124.5370240000002,0.4744834899902344
162.80268049240112,177.104423,52.17786099999989,124.9265620000001,0.4744834899902344
