walltime(s),cputime(s),systime(s),usertime(s),memory(GB)
178.85636353492737,196.713112,53.311443000000004,143.401669,0.3487281799316406
180.3266818523407,198.166402,54.088078,144.078324,0.3488006591796875
180.57957553863525,198.43866,53.328115999999994,145.110544,0.3488197326660156
180.62675213813782,198.52746900000002,53.51503199999999,145.01243700000003,0.3494606018066406
180.3371844291687,198.19094599999994,54.09811100000002,144.09283499999992,0.3494606018066406
180.75440406799316,198.64108399999998,52.73657700000001,145.90450699999997,0.3494606018066406
180.2753255367279,198.12785200000002,54.49313799999999,143.63471400000003,0.3494606018066406
180.51667284965515,198.38720699999982,54.09779299999997,144.28941399999985,0.3494606018066406
180.4079475402832,198.22561699999994,53.61202700000001,144.61358999999993,0.3494606018066406
180.58460569381714,198.45469300000013,53.961996,144.49269700000013,0.3494606018066406
180.74967694282532,198.6612160000002,54.449636000000055,144.21158000000014,0.3494606018066406
180.37320375442505,198.216863,52.92167299999994,145.29519000000005,0.3494606018066406
180.33769822120667,198.2033570000001,53.91011800000001,144.29323900000009,0.3494606018066406
180.84564661979675,198.76789899999994,53.72647600000005,145.0414229999999,0.3494606018066406
180.5103907585144,198.42259300000023,53.613432999999986,144.80916000000025,0.3494606018066406
180.40821719169617,198.2537749999999,53.69486600000005,144.55890899999986,0.3494606018066406
181.05916953086853,198.983068,54.591633,144.391435,0.3494606018066406
180.35646176338196,198.27392799999984,54.29044399999998,143.98348399999986,0.3494606018066406
172.1930615901947,189.10568899999998,52.07598800000005,137.02970099999993,0.3494606018066406
167.3185396194458,183.77558899999985,50.00693799999999,133.76865099999986,0.3494606018066406
