walltime(s),cputime(s),systime(s),usertime(s),memory(GB)
279.7508952617645,307.224351,91.135508,216.088843,0.3887901306152344
281.11541867256165,308.627827,91.13563300000001,217.492194,0.3887901306152344
281.0947289466858,308.5679109999999,90.622548,217.94536299999993,0.3887901306152344
280.795387506485,308.27087100000006,90.16665,218.10422100000005,0.3902091979980469
281.25808930397034,308.748967,90.64840300000003,218.10056399999996,0.3902091979980469
280.95518827438354,308.382661,90.29998899999998,218.082672,0.3902091979980469
280.8450057506561,308.186499,90.00167399999998,218.18482500000005,0.390350341796875
280.2623031139374,307.5463819999999,90.09809299999995,217.44828899999993,0.390350341796875
272.95660376548767,299.331088,87.94660499999998,211.38448300000005,0.390350341796875
281.11917996406555,308.50150500000007,90.09342099999992,218.40808400000014,0.390350341796875
281.53874826431274,308.98164099999997,90.78795400000001,218.19368699999995,0.3903770446777344
281.5811884403229,309.06062700000007,91.06800300000009,217.99262399999998,0.3903770446777344
