walltime(s),cputime(s),systime(s),usertime(s),memory(GB)
228.27847480773926,250.16702300000003,72.04486200000001,178.122161,0.3505363464355469
230.90002369880676,252.719808,70.05933299999998,182.66047500000002,0.3506813049316406
231.32560324668884,253.187251,70.699386,182.487865,0.351165771484375
231.00950074195862,252.88734600000004,70.82806199999999,182.05928400000005,0.3516387939453125
231.14547300338745,252.971041,70.265041,182.70600000000002,0.3516387939453125
231.2294797897339,253.076598,70.53941899999995,182.53717900000004,0.3516387939453125
231.22602009773254,253.10112099999986,70.494934,182.60618699999986,0.3516387939453125
231.27977848052979,253.157258,71.429463,181.72779500000001,0.3516387939453125
231.18606877326965,253.03898300000014,71.59529399999997,181.44368900000018,0.3516387939453125
231.42215418815613,253.25180899999987,71.23704599999996,182.0147629999999,0.3516387939453125
227.4861741065979,248.75159899999983,70.20076099999994,178.55083799999989,0.3516387939453125
230.67496991157532,252.51443099999995,70.57811000000004,181.9363209999999,0.3516387939453125
230.65579867362976,252.50163400000008,71.97933799999998,180.5222960000001,0.3516387939453125
230.79375839233398,252.69020300000022,71.21403900000007,181.47616400000015,0.3516387939453125
231.00234150886536,252.81833199999994,70.36188099999993,182.45645100000002,0.3516387939453125
