walltime(s),cputime(s),systime(s),usertime(s),memory(GB)
2074.197267770767,2190.8082679999998,649.085822,1541.722446,3.8189659118652344
