walltime(s),cputime(s),systime(s),usertime(s),memory(GB)
1217.144632101059,1339.751997,416.644229,923.1077680000001,1.0597724914550781
1221.681538105011,1344.151933,414.03360699999996,930.118326,1.0597724914550781
