walltime(s),cputime(s),systime(s),usertime(s),memory(GB)
1546.091581106186,1706.999822,486.741017,1220.258805,1.4522285461425781
1545.4532618522644,1705.95716,482.86479599999996,1223.092364,1.4523048400878906
