walltime(s),cputime(s),systime(s),usertime(s),memory(GB)
391.6991481781006,419.59408600000006,119.505893,300.08819300000005,0.6876907348632812
392.9806170463562,420.77725000000004,120.26677799999999,300.51047200000005,0.687835693359375
392.3287024497986,420.114148,119.831369,300.282779,0.687835693359375
394.53332328796387,422.34753600000005,121.56130200000001,300.78623400000004,0.687835693359375
393.4750578403473,421.28424599999994,121.75658799999997,299.527658,0.687835693359375
393.4309332370758,421.401828,120.75740599999995,300.6444220000001,0.687835693359375
393.06943106651306,420.8685630000001,120.50614800000005,300.36241500000006,0.687835693359375
390.9915633201599,419.4080559999999,119.333346,300.07470999999987,0.687835693359375
390.7695531845093,418.9159519999997,119.92272600000013,298.9932259999996,0.687835693359375
