walltime(s),cputime(s),systime(s),usertime(s),memory(GB)
3123.040382385254,3269.957007,1022.9453380000001,2247.011669,3.6735610961914062
