walltime(s),cputime(s),systime(s),usertime(s),memory(GB)
174.52800297737122,190.828716,49.396838,141.43187799999998,0.3132820129394531
180.2265498638153,197.33769900000001,51.319269999999996,146.01842900000003,0.3133087158203125
181.75991654396057,199.01185800000002,52.021696000000006,146.990162,0.3133277893066406
181.97887563705444,199.27676100000002,52.49868900000001,146.778072,0.3133392333984375
182.21984601020813,199.53916700000008,52.428380000000004,147.11078700000007,0.3133583068847656
182.1800513267517,199.499095,52.802719000000025,146.696376,0.31337738037109375
182.20316433906555,199.5241059999999,53.650019999999984,145.87408599999992,0.3133888244628906
182.43628859519958,199.81119199999983,53.116956000000016,146.69423599999982,0.3134040832519531
182.3793511390686,199.71068599999984,52.893708000000004,146.81697799999984,0.3134117126464844
182.76841259002686,200.158316,52.619650999999976,147.53866500000004,0.31341552734375
182.39626717567444,199.72593800000004,52.93117600000005,146.794762,0.31341552734375
182.77364563941956,200.18386400000009,52.81399299999998,147.3698710000001,0.3134193420410156
182.8704469203949,200.2185270000001,52.87878699999999,147.33974000000012,0.31342315673828125
182.23011302947998,199.59994599999993,52.74074400000006,146.85920199999987,0.31342315673828125
182.8277506828308,200.20843000000002,53.42991500000005,146.77851499999997,0.31342315673828125
182.84056901931763,200.2266689999998,52.30391199999997,147.92275699999982,0.31342315673828125
182.81700372695923,200.20453800000018,53.41152299999999,146.7930150000002,0.3134269714355469
182.4750578403473,199.84632299999987,52.24102800000003,147.60529499999984,0.3134307861328125
183.3167781829834,200.74558100000013,53.32383200000004,147.4217490000001,0.3134307861328125
