walltime(s),cputime(s),systime(s),usertime(s),memory(GB)
744.0963594913483,815.014018,221.046048,593.9679699999999,0.8610572814941406
749.1174428462982,820.1840070000001,219.473104,600.710903,0.8647613525390625
743.3743143081665,813.7399060000001,216.75489400000004,596.9850120000001,0.8647613525390625
749.4272894859314,820.3773350000002,216.69059400000003,603.6867410000002,0.8647613525390625
