walltime(s),cputime(s),systime(s),usertime(s),memory(GB)
485.29755687713623,532.501519,158.294757,374.206762,0.5259628295898438
491.836083650589,538.9014780000001,155.39473100000004,383.5067470000001,0.5260200500488281
490.99135994911194,538.091954,154.29175800000002,383.8001959999999,0.5277938842773438
490.9467463493347,537.964845,154.27585000000005,383.688995,0.5277938842773438
490.3889067173004,537.302009,153.99101199999996,383.31099700000004,0.5277938842773438
484.9286081790924,531.200362,152.19507,379.00529200000005,0.5282554626464844
491.062952041626,538.209297,156.2328960000001,381.9764009999999,0.5282554626464844
