walltime(s),cputime(s),systime(s),usertime(s),memory(GB)
36303.31703662872,224.003616,70.70137299999999,153.302243,0.29396820068359375
202.86034059524536,223.97919199999995,68.41582199999999,155.56336999999996,0.29396820068359375
203.45662236213684,224.73672,69.44533999999999,155.29138,0.29396820068359375
203.19904136657715,224.49066100000007,68.68825100000001,155.80241000000007,0.29396820068359375
203.10780429840088,224.41500700000006,69.07681100000002,155.33819600000004,0.29396820068359375
203.03904962539673,224.24846300000007,69.731787,154.51667600000007,0.29396820068359375
202.58711051940918,223.8851200000001,69.895241,153.9898790000001,0.29396820068359375
198.6803641319275,219.58975299999997,68.65389499999992,150.93585800000005,0.29396820068359375
202.0004813671112,223.10840500000006,68.14357099999995,154.9648340000001,0.29396820068359375
199.1131887435913,219.80324399999995,66.67506800000001,153.12817599999994,0.29396820068359375
203.01162600517273,224.3010969999999,68.71409600000004,155.58700099999987,0.29396820068359375
203.08162140846252,224.25232699999992,68.61294399999997,155.63938299999995,0.29396820068359375
202.79315304756165,223.989639,69.66384800000003,154.32579099999998,0.29396820068359375
203.1562111377716,224.43733999999995,68.99981600000001,155.43752399999994,0.29396820068359375
202.68261337280273,223.89012200000013,69.68434000000013,154.205782,0.29396820068359375
203.0524845123291,224.32586500000002,68.96915000000013,155.3567149999999,0.29396820068359375
202.9362325668335,224.16922899999986,69.38925300000005,154.7799759999998,0.29396820068359375
