walltime(s),cputime(s),systime(s),usertime(s),memory(GB)
1766.0333228111267,1877.804604,555.427596,1322.377008,2.2816390991210938
1768.9845027923584,1880.4631829999998,553.7757889999999,1326.687394,2.2816390991210938
