walltime(s),cputime(s),systime(s),usertime(s),memory(GB)
36713.71707844734,745.390439,235.502798,509.88764100000003,0.6530990600585938
674.3501274585724,747.6691390000001,237.15499800000003,510.514141,0.6530990600585938
659.3408024311066,730.2741629999998,226.05477799999994,504.2193849999999,0.6530990600585938
667.6750783920288,740.031749,233.10753999999997,506.924209,0.6530990600585938
666.4363627433777,738.4693929999999,229.6253670000001,508.84402599999976,0.6530990600585938
