walltime(s),cputime(s),systime(s),usertime(s),memory(GB)
1272.4705727100372,1398.722628,430.970551,967.752077,1.0736122131347656
1288.201199054718,1414.2461629999998,427.95998,986.2861829999999,1.0736122131347656
