walltime(s),cputime(s),systime(s),usertime(s),memory(GB)
209.50740718841553,225.598045,61.762769,163.83527600000002,0.4981269836425781
217.98640942573547,234.440315,63.688323000000004,170.751992,0.4999046325683594
218.8432216644287,235.317718,63.46233000000001,171.855388,0.4999046325683594
218.97474265098572,235.33386200000007,63.75961100000001,171.57425100000006,0.4999046325683594
218.7749843597412,235.14111600000007,63.171618000000024,171.96949800000004,0.4999885559082031
219.2290177345276,235.5254690000001,63.941430000000025,171.58403900000008,0.4999885559082031
218.8950638771057,235.27814199999995,63.32201500000002,171.95612699999992,0.4999885559082031
218.5874307155609,235.00535799999994,63.755686000000026,171.24967199999992,0.4999885559082031
218.98773908615112,235.42014,63.621623000000056,171.79851699999995,0.4999885559082031
218.5890121459961,234.9523600000001,63.142296999999985,171.81006300000013,0.5005226135253906
219.08956694602966,235.4869839999999,64.24078699999995,171.24619699999994,0.5005226135253906
219.00105834007263,235.37411600000007,63.93898200000001,171.43513400000006,0.5005226135253906
219.0986008644104,235.48808100000008,65.41388900000004,170.07419200000004,0.5005226135253906
218.83847308158875,235.18350999999996,63.179929000000016,172.00358099999994,0.5005226135253906
218.3053436279297,234.564621,63.74097699999993,170.82364400000006,0.5005226135253906
218.93163967132568,235.25561000000005,63.27821600000004,171.977394,0.5005226135253906
