walltime(s),cputime(s),systime(s),usertime(s),memory(GB)
311.5740387439728,328.646548,100.116378,228.53017,0.736572265625
307.7021293640137,324.957754,98.151546,226.80620800000003,0.736572265625
302.05735445022583,319.512061,95.842127,223.669934,0.736572265625
308.63133811950684,326.70088,98.84371799999997,227.85716200000002,0.736572265625
303.7898619174957,321.80356899999987,97.24317000000002,224.56039899999985,0.736572265625
300.31816720962524,317.907234,95.56320400000004,222.34402999999998,0.736572265625
305.07983899116516,323.2694,97.34074599999997,225.92865400000005,0.736572265625
298.82162141799927,317.560828,95.566148,221.99468000000002,0.736572265625
295.8209629058838,314.534717,93.77197999999999,220.76273700000002,0.736572265625
294.70079374313354,314.1818790000002,93.52776399999993,220.65411500000027,0.736572265625
293.353577375412,312.681967,93.4942759999999,219.1876910000001,0.736572265625
