walltime(s),cputime(s),systime(s),usertime(s),memory(GB)
214.74490118026733,226.10373900000002,69.621793,156.48194600000002,0.4757843017578125
217.82427072525024,229.02933399999998,69.47825700000001,159.55107699999996,0.4758262634277344
215.95208954811096,227.275329,69.19886500000001,158.076464,0.4758262634277344
214.91471648216248,226.22351400000005,68.57182300000002,157.65169100000003,0.4758262634277344
214.45504474639893,225.939072,69.585507,156.353565,0.4758262634277344
215.03559589385986,226.35661199999998,69.93116500000002,156.42544699999996,0.4758262634277344
215.75846338272095,227.250513,70.05320799999998,157.19730500000003,0.4758262634277344
216.16417860984802,227.5997159999999,70.17187600000005,157.42783999999983,0.4758262634277344
215.95537304878235,227.2694479999999,69.88226199999997,157.38718599999993,0.4758262634277344
214.84362649917603,226.31318299999998,69.50791200000003,156.80527099999995,0.4758262634277344
215.40695118904114,226.94090999999992,69.76191099999994,157.17899899999998,0.4758262634277344
219.8179817199707,229.1663000000001,76.64749000000006,152.51881000000003,0.4758262634277344
226.00707125663757,234.22875599999998,81.17362099999991,153.05513500000006,0.4758262634277344
204.01501512527466,214.952267,65.47791199999995,149.47435500000006,0.4758262634277344
200.568439245224,212.077408,64.81397099999992,147.26343700000007,0.4758262634277344
195.1165165901184,207.21465399999965,62.3185390000001,144.89611499999955,0.4758262634277344
