walltime(s),cputime(s),systime(s),usertime(s),memory(GB)
1039.716400384903,1091.335404,330.62317,760.712234,1.4698219299316406
1077.6417763233185,1129.020595,351.98200399999996,777.0385910000001,1.4698219299316406
1091.198255777359,1116.444626,357.51182100000005,758.9328049999999,1.4698219299316406
