walltime(s),cputime(s),systime(s),usertime(s),memory(GB)
1030.6987104415894,1097.199721,328.458255,768.7414660000001,1.4015121459960938
1040.2368988990784,1107.144685,330.20819599999993,776.936489,1.4015121459960938
1034.2249972820282,1101.8047119999997,328.0152509999999,773.7894609999998,1.4015121459960938
