walltime(s),cputime(s),systime(s),usertime(s),memory(GB)
159.38283586502075,173.733712,44.216846000000004,129.516866,0.3302650451660156
159.7818157672882,174.17022099999997,43.915586,130.25463499999998,0.3307647705078125
160.1303596496582,174.555975,43.235618,131.320357,0.3307991027832031
159.89154601097107,174.24477199999998,43.38030899999998,130.864463,0.3307991027832031
159.92341446876526,174.32310700000005,44.25005299999998,130.07305400000007,0.3308143615722656
159.81951546669006,174.23209999999997,43.60502499999998,130.627075,0.3308525085449219
160.22180843353271,174.657687,44.471092999999996,130.186594,0.3308563232421875
159.9088430404663,174.29327400000005,44.453869,129.83940500000006,0.33086395263671875
159.91972541809082,174.30500900000004,44.741251000000034,129.563758,0.33086395263671875
157.93942832946777,172.14277000000004,44.28125699999998,127.86151300000006,0.33086395263671875
156.0912308692932,170.23515200000014,43.49895499999997,126.73619700000017,0.33086395263671875
159.76497173309326,173.96356700000007,43.290092000000016,130.67347500000005,0.33086395263671875
160.16697764396667,174.5951050000001,44.24105400000008,130.35405100000003,0.33086395263671875
160.14816331863403,174.592266,43.732028000000014,130.86023799999998,0.33086395263671875
160.226336479187,174.617796,44.20443599999999,130.41336,0.33086395263671875
160.4142780303955,174.84039000000007,43.887516000000005,130.95287400000007,0.33086395263671875
160.21209263801575,174.62487,43.476140999999984,131.148729,0.33086395263671875
159.82022714614868,174.24058400000013,44.152720000000045,130.08786400000008,0.33086395263671875
160.17607927322388,174.56846900000005,43.821341000000075,130.74712799999998,0.33086395263671875
160.12882614135742,174.56098499999996,44.133584999999925,130.42740000000003,0.33086395263671875
159.8310558795929,174.18001300000037,43.86994600000003,130.31006700000034,0.33086395263671875
160.29838395118713,174.73970699999984,43.79609700000003,130.9436099999998,0.33086395263671875
