walltime(s),cputime(s),systime(s),usertime(s),memory(GB)
277.6894836425781,293.269449,88.56868,204.700769,0.4925956726074219
283.6689658164978,299.378092,89.546685,209.83140699999998,0.4952354431152344
283.9394407272339,299.796734,89.096826,210.69990800000005,0.4952354431152344
283.94669699668884,299.57242799999995,89.25104199999998,210.32138599999996,0.4952354431152344
283.44695925712585,299.18832900000007,89.853162,209.33516700000007,0.4952354431152344
283.81203722953796,299.65851000000004,89.52040199999993,210.1381080000001,0.4952354431152344
283.6463432312012,299.70418299999994,90.07097699999997,209.63320599999997,0.4952354431152344
280.0307548046112,296.0803359999999,88.21890399999995,207.86143199999992,0.4952354431152344
279.2231376171112,294.88384299999984,88.47480599999994,206.4090369999999,0.4952354431152344
279.5381851196289,295.2666029999998,87.64244699999995,207.62415599999986,0.4952354431152344
275.92279601097107,291.67473199999984,86.98980199999994,204.6849299999999,0.4952354431152344
270.73031997680664,286.23462099999995,84.75021800000002,201.48440299999993,0.4952354431152344
