walltime(s),cputime(s),systime(s),usertime(s),memory(GB)
562.8274812698364,598.2069819999999,181.06745999999998,417.139522,0.8961753845214844
569.6416356563568,604.766218,178.712055,426.054163,0.8961753845214844
572.8422803878784,608.0959210000001,179.92895700000003,428.166964,0.8961753845214844
563.6797776222229,598.626242,177.23628299999996,421.3899590000001,0.8961753845214844
554.4985663890839,589.3390380000002,174.33377200000007,415.0052660000001,0.8961753845214844
527.8905432224274,563.881751,165.07357100000002,398.80818,0.8961753845214844
