walltime(s),cputime(s),systime(s),usertime(s),memory(GB)
2930.391223192215,3134.471391,884.528153,2249.9432380000003,3.6067581176757812
