walltime(s),cputime(s),systime(s),usertime(s),memory(GB)
188.21780848503113,198.298426,60.590771000000004,137.707655,0.4328269958496094
191.05570125579834,201.422777,60.786712,140.636065,0.4334373474121094
191.5027825832367,201.943119,60.650926999999996,141.292192,0.4334373474121094
191.97257900238037,202.49151000000006,61.04635000000002,141.44516000000004,0.4334373474121094
192.16187381744385,202.810127,60.116591,142.693536,0.4334373474121094
192.9407503604889,203.57837200000006,60.664890000000014,142.91348200000004,0.4334373474121094
189.59162521362305,200.17454899999996,60.208781000000045,139.9657679999999,0.4334373474121094
187.8465666770935,198.42735499999992,59.446695999999974,138.98065899999995,0.4334373474121094
189.57165241241455,200.2117919999999,60.00984799999998,140.2019439999999,0.4334373474121094
188.5883982181549,198.69104100000027,59.30004400000007,139.3909970000002,0.4334373474121094
188.80920672416687,198.890809,59.46723599999996,139.42357300000003,0.4334373474121094
187.74402928352356,197.96282600000018,59.43365700000004,138.52916900000014,0.4334373474121094
185.0257568359375,195.2711290000001,58.480257999999935,136.79087100000015,0.4334373474121094
184.6312210559845,194.77803500000005,58.366502999999966,136.41153200000008,0.4334373474121094
183.3601758480072,193.60154899999986,57.43809500000009,136.16345399999977,0.4334373474121094
183.61348032951355,194.27768200000003,57.372469000000024,136.905213,0.4334373474121094
177.7960729598999,188.6280280000002,56.110045000000014,132.51798300000019,0.4334373474121094
172.65879940986633,184.20188899999994,53.49842699999999,130.70346199999994,0.4334373474121094
171.36070346832275,183.20767199999977,53.61719599999992,129.59047599999985,0.4334373474121094
