walltime(s),cputime(s),systime(s),usertime(s),memory(GB)
524.9099168777466,563.375728,161.518896,401.856832,0.8847694396972656
530.7904484272003,569.35858,161.26588600000002,408.09269399999994,0.8847694396972656
531.2707324028015,569.8976019999999,161.065116,408.8324859999999,0.8847694396972656
531.4605073928833,570.153774,160.947178,409.206596,0.8847694396972656
531.3502776622772,570.0705800000001,160.21837400000004,409.852206,0.8847694396972656
530.8719804286957,569.2102369999999,159.67478500000004,409.53545199999985,0.8847694396972656
