walltime(s),cputime(s),systime(s),usertime(s),memory(GB)
144.41639018058777,158.268834,42.196695,116.07213899999999,0.32049560546875
144.92934823036194,158.80449299999998,42.339000999999996,116.465492,0.3205223083496094
144.68317008018494,158.553968,42.149373,116.404595,0.3205299377441406
144.80229306221008,158.660257,42.716367000000005,115.94389000000001,0.3205375671386719
144.62745022773743,158.51827099999994,42.072772000000015,116.44549899999993,0.3205528259277344
144.54643297195435,158.35953700000002,41.927763,116.43177400000002,0.320556640625
145.3631763458252,159.25325300000006,42.71160900000004,116.54164400000002,0.320556640625
144.93320870399475,158.82872500000002,42.110930999999994,116.71779400000003,0.3205604553222656
144.4027545452118,158.21742499999993,42.038625000000025,116.17879999999991,0.3205604553222656
144.84380340576172,158.71126199999992,42.871577,115.83968499999992,0.3205718994140625
140.72440195083618,154.07976400000007,41.31800399999997,112.7617600000001,0.3205718994140625
144.94035506248474,158.82330100000001,42.300703,116.52259800000002,0.3205718994140625
144.36865544319153,158.1874190000001,42.502246000000014,115.68517300000008,0.3205718994140625
144.77252340316772,158.66148099999998,42.353612,116.30786899999998,0.3205718994140625
145.25015091896057,159.17249500000014,42.61782800000003,116.55466700000011,0.3205718994140625
144.45992875099182,158.26993400000015,41.69455900000003,116.57537500000012,0.3205718994140625
145.2470726966858,159.10934099999986,41.991127000000006,117.11821399999985,0.3205718994140625
144.63764548301697,158.43635100000006,42.56281100000001,115.87354000000005,0.3205718994140625
145.29240202903748,159.21827399999984,42.469274999999925,116.74899899999991,0.3205718994140625
144.50457167625427,158.30440800000008,41.395208000000025,116.90920000000006,0.3205718994140625
138.0554006099701,150.98606499999994,39.55216400000006,111.43390099999988,0.3205718994140625
144.70385313034058,158.5535440000001,42.02765199999999,116.52589200000011,0.3205718994140625
145.08263397216797,158.99797200000012,42.66792699999996,116.33004500000015,0.3205718994140625
144.5051188468933,158.29417000000024,42.047783000000095,116.24638700000014,0.3205718994140625
