walltime(s),cputime(s),systime(s),usertime(s),memory(GB)
107.88507342338562,113.32450799999998,34.858253999999995,78.46625399999999,0.3572425842285156
104.858713388443,110.778704,34.18227099999999,76.596433,0.3576087951660156
103.15278959274292,108.95229499999999,33.67270500000001,75.27958999999998,0.35764312744140625
103.35373544692993,109.17137499999998,33.918784999999986,75.25259,0.3576507568359375
103.34342861175537,109.19073400000005,33.386964000000006,75.80377000000004,0.3576507568359375
103.51062393188477,109.39176999999998,33.789158000000015,75.60261199999997,0.3576507568359375
103.3109142780304,109.24586800000006,33.995187000000016,75.25068100000004,0.3576545715332031
103.85606956481934,109.51406900000009,33.71561,75.7984590000001,0.3576545715332031
103.16711091995239,109.153636,33.691985000000045,75.46165099999996,0.3576545715332031
103.43267011642456,109.42835300000002,33.764229,75.66412400000002,0.3576545715332031
103.42360019683838,109.35762499999998,33.76351699999998,75.594108,0.3576545715332031
103.68567967414856,109.58272700000003,33.75629299999997,75.82643400000006,0.3576545715332031
103.35789227485657,109.26899199999991,33.927344999999946,75.34164699999997,0.3576545715332031
103.18793225288391,109.0943499999999,33.77961299999998,75.31473699999992,0.3576545715332031
103.12915754318237,109.127725,33.79216100000002,75.33556399999998,0.3576545715332031
129.64104962348938,110.63591500000001,35.584982000000025,75.05093299999999,0.3576545715332031
128.81823205947876,107.89757100000008,33.86837200000002,74.02919900000006,0.3576545715332031
107.8887312412262,108.25970200000006,33.681786999999986,74.57791500000008,0.3576545715332031
215.6356029510498,110.09928300000013,36.579065000000014,73.52021800000011,0.3576545715332031
356.84647941589355,117.47554999999988,45.75260099999991,71.72294899999997,0.3576545715332031
246.49901175498962,104.67895400000009,34.12164300000006,70.55731100000003,0.3576545715332031
177.05586123466492,105.2641759999999,32.366269999999986,72.89790599999992,0.3576545715332031
95.8046293258667,102.70997000000011,30.694224000000077,72.01574600000004,0.3576545715332031
97.32197642326355,104.19378100000006,31.164265,73.02951600000006,0.3576545715332031
100.17513871192932,106.58184400000005,32.47279400000002,74.10905000000002,0.3576545715332031
314.20408725738525,105.59088799999995,33.790482999999995,71.80040499999996,0.3576545715332031
