walltime(s),cputime(s),systime(s),usertime(s),memory(GB)
199.52322554588318,219.782229,69.100618,150.681611,0.32659912109375
202.44936990737915,222.78183100000004,70.84717900000001,151.93465200000003,0.3271751403808594
202.8270571231842,223.223039,70.86392900000001,152.35911,0.3271751403808594
202.54813694953918,222.85297799999995,70.85588999999999,151.99708799999996,0.3271751403808594
202.5864098072052,222.883055,70.614374,152.26868100000002,0.3271751403808594
202.87852716445923,223.23234100000002,71.43920000000003,151.793141,0.3271751403808594
195.57397651672363,215.42290000000008,69.23672300000004,146.18617700000004,0.3271751403808594
202.25922989845276,222.59175900000014,70.65191400000003,151.9398450000001,0.3271751403808594
202.26736307144165,222.48534600000005,70.14219300000002,152.34315300000003,0.3271751403808594
194.31982040405273,213.7027720000001,66.72759599999995,146.97517600000015,0.3271751403808594
202.2362563610077,222.48958000000005,69.92382000000009,152.56575999999995,0.3271751403808594
202.2099781036377,222.53407900000013,70.49724400000002,152.0368350000001,0.3271751403808594
202.52718830108643,222.8258609999998,69.58444499999996,153.24141599999984,0.3271751403808594
202.32846069335938,222.63368100000014,70.67232200000001,151.96135900000013,0.3271751403808594
200.41602897644043,220.753558,69.88003200000014,150.87352599999986,0.3271751403808594
202.24501371383667,222.52203899999995,70.56685900000002,151.95517999999993,0.3271751403808594
200.90515851974487,221.1648869999999,69.48983300000009,151.67505399999982,0.3271751403808594
