walltime(s),cputime(s),systime(s),usertime(s),memory(GB)
655.3281645774841,691.024871,208.689168,482.33570299999997,1.013031005859375
657.817453622818,693.715001,209.23152199999998,484.48347900000005,1.013031005859375
655.1718425750732,691.4996429999999,207.12694599999998,484.3726969999999,1.013031005859375
648.1885390281677,683.690326,205.43796200000008,478.25236399999994,1.013031005859375
631.2656352519989,666.4237650000001,200.08192999999994,466.3418350000002,1.013031005859375
