walltime(s),cputime(s),systime(s),usertime(s),memory(GB)
193.45027494430542,206.57961200000003,60.053346000000005,146.52626600000002,0.4632682800292969
196.76126337051392,210.140251,60.085297,150.054954,0.4643974304199219
198.37672972679138,211.54260999999997,60.14078599999999,151.40182399999998,0.4643974304199219
197.02687096595764,210.39093999999997,59.766333,150.62460699999997,0.4643974304199219
196.81320810317993,210.13315399999996,60.091977000000014,150.04117699999995,0.4651298522949219
197.11925864219666,210.43491900000004,60.16283499999997,150.27208400000006,0.4651298522949219
197.0240728855133,210.41085199999998,59.65436599999998,150.756486,0.4651298522949219
196.932311296463,210.22247799999985,60.28528,149.93719799999985,0.4651298522949219
196.76901865005493,210.0344510000001,59.80610300000001,150.2283480000001,0.4651298522949219
196.86625790596008,210.26222400000006,60.66761900000006,149.594605,0.4651298522949219
196.31344604492188,209.755174,59.15659199999993,150.59858200000008,0.4651298522949219
195.78044891357422,209.74126799999988,59.21469300000001,150.52657499999987,0.4651298522949219
195.01582717895508,208.43329699999992,59.435481000000095,148.99781599999983,0.4651298522949219
196.14243364334106,209.6316629999999,59.97998800000005,149.65167499999984,0.4651298522949219
195.23205089569092,208.6874499999999,59.50759900000003,149.17985099999987,0.4651298522949219
194.34522700309753,207.91008699999986,59.36162999999999,148.54845699999987,0.4651298522949219
195.76010632514954,209.1990669999999,59.58181000000002,149.61725699999988,0.4651298522949219
196.3037769794464,209.67275599999994,60.118206999999984,149.55454899999995,0.4651298522949219
