walltime(s),cputime(s),systime(s),usertime(s),memory(GB)
1783.743135690689,1920.4357949999999,556.838376,1363.597419,2.8198394775390625
