walltime(s),cputime(s),systime(s),usertime(s),memory(GB)
1098.8555119037628,1177.169194,329.298353,847.870841,1.6749191284179688
1094.949981212616,1173.698312,326.9471050000001,846.751207,1.6822547912597656
1104.8906078338623,1183.805383,332.92166799999995,850.8837149999999,1.6903114318847656
