walltime(s),cputime(s),systime(s),usertime(s),memory(GB)
2353.1998603343964,2584.077505,789.6411750000001,1794.43633,1.8355789184570312
