walltime(s),cputime(s),systime(s),usertime(s),memory(GB)
967.2706985473633,1068.307745,335.020814,733.286931,0.7986984252929688
977.4881069660187,1078.845784,345.61124700000005,733.2345369999999,0.7986984252929688
970.0935945510864,1069.580752,334.416201,735.1645510000001,0.7986984252929688
