walltime(s),cputime(s),systime(s),usertime(s),memory(GB)
159.38387274742126,175.43498699999998,48.439585,126.99540199999998,0.3365516662597656
161.44690918922424,177.55515799999998,49.783747999999996,127.77140999999997,0.33734130859375
161.5731348991394,177.70467200000002,48.972977,128.731695,0.33734130859375
162.09008979797363,178.27426000000006,48.277975,129.99628500000006,0.33734130859375
161.77520418167114,177.89298099999996,48.561780999999996,129.33119999999997,0.33734130859375
161.50780510902405,177.46715700000004,48.005214000000024,129.46194300000002,0.33734130859375
161.7680778503418,177.96643899999998,48.40178099999997,129.564658,0.33734130859375
162.08204317092896,178.253607,48.957858999999985,129.295748,0.33734130859375
161.92113780975342,178.10686599999997,48.82574499999998,129.28112099999998,0.33734130859375
162.13394904136658,178.37455399999993,48.40402499999999,129.97052899999994,0.33734130859375
161.67959856987,177.79505600000005,48.434617,129.36043900000004,0.33734130859375
162.06472873687744,178.2618520000001,48.35269900000003,129.90915300000006,0.33734130859375
162.10379815101624,178.2982270000001,49.57946800000002,128.7187590000001,0.33734130859375
161.90355110168457,178.061467,48.693659000000025,129.36780799999997,0.33734130859375
161.78222966194153,177.91131699999983,48.765356999999995,129.14595999999983,0.33734130859375
162.25950145721436,178.42995200000007,49.482485999999994,128.94746600000008,0.33734130859375
161.90691661834717,178.09882300000004,48.12972500000001,129.96909800000003,0.33734130859375
161.7895679473877,177.90591600000016,48.99510499999997,128.9108110000002,0.33734130859375
162.08165192604065,178.20103899999992,48.59274700000003,129.6082919999999,0.33734130859375
157.78067302703857,173.43923300000006,47.26197400000001,126.17725900000005,0.33734130859375
161.8847153186798,178.03330799999992,48.28929000000005,129.74401799999987,0.33734130859375
162.09967184066772,178.11992799999973,49.00931899999989,129.11060899999984,0.33734130859375
