walltime(s),cputime(s),systime(s),usertime(s),memory(GB)
1263.8613245487213,1333.3319459999998,402.00141299999996,931.330533,1.6850013732910156
1269.9705502986908,1339.879013,395.40053800000004,944.478475,1.6850013732910156
