walltime(s),cputime(s),systime(s),usertime(s),memory(GB)
190.8305881023407,203.448908,57.814006,145.63490199999998,0.4574470520019531
191.76348781585693,204.68348300000002,58.741974,145.94150900000002,0.4582786560058594
191.60215377807617,204.503051,58.21549300000001,146.287558,0.4582786560058594
191.31492233276367,204.16456300000002,58.49708000000001,145.667483,0.4582786560058594
191.65801668167114,204.55445299999994,58.613335999999975,145.94111699999996,0.4582786560058594
192.60258173942566,205.20962199999997,59.078990999999974,146.130631,0.4582786560058594
191.35468006134033,204.1859320000001,58.623785999999996,145.5621460000001,0.4582786560058594
191.7793595790863,204.65923799999996,58.84672599999999,145.81251199999997,0.4582786560058594
191.2995569705963,204.08965200000011,58.06500200000005,146.02465000000007,0.4582786560058594
192.1436676979065,205.106675,58.74259499999994,146.36408000000006,0.4582786560058594
191.43372106552124,204.27830100000006,58.867872000000034,145.41042900000002,0.4582786560058594
191.45511722564697,204.36731899999995,58.390795000000026,145.97652399999993,0.4582786560058594
192.07554721832275,204.96787199999994,58.41069500000003,146.5571769999999,0.4582786560058594
192.7674262523651,205.55831599999988,58.31188599999996,147.24642999999992,0.4582786560058594
188.00767946243286,201.25209700000016,57.591770999999994,143.66032600000017,0.4582786560058594
191.12062191963196,204.13667900000007,58.420578999999975,145.7161000000001,0.4582786560058594
191.20042276382446,204.15677500000015,58.43044699999996,145.7263280000002,0.4582786560058594
191.09215331077576,204.1681229999998,58.40447299999994,145.76364999999987,0.4582786560058594
