walltime(s),cputime(s),systime(s),usertime(s),memory(GB)
1538.9127275943756,1684.1057030000002,447.310107,1236.7955960000002,1.5941810607910156
1538.5976481437683,1684.143862,443.17130999999995,1240.972552,1.5943336486816406
