walltime(s),cputime(s),systime(s),usertime(s),memory(GB)
108.19855690002441,113.76449300000002,34.386805,79.377688,0.35968017578125
106.70653343200684,112.329757,33.087036000000005,79.242721,0.36002349853515625
105.05691289901733,110.69691700000001,32.38629,78.31062700000001,0.3607368469238281
105.34152507781982,111.04778499999998,32.538174999999995,78.50960999999998,0.3607368469238281
105.2396993637085,110.89359200000001,32.39249100000001,78.501101,0.3607368469238281
105.67284345626831,111.44378400000002,32.854792,78.58899200000002,0.3607368469238281
105.22089314460754,110.93426699999995,32.80478500000001,78.12948199999994,0.3607368469238281
105.71460270881653,111.35575200000002,33.103020999999984,78.25273100000004,0.3607368469238281
104.9346535205841,110.67208099999999,33.20144299999998,77.47063800000001,0.3607368469238281
105.68311309814453,111.39871100000005,33.00331700000004,78.39539400000001,0.3607368469238281
105.29087209701538,111.12551800000006,32.846182999999996,78.27933500000006,0.3607368469238281
105.53345489501953,111.34290900000002,32.926897999999994,78.41601100000003,0.3607368469238281
105.10488629341125,110.97055399999999,32.53986499999996,78.43068900000003,0.3607368469238281
105.0535306930542,110.82942599999984,32.836746000000005,77.99267999999984,0.3607368469238281
105.07545638084412,110.82676900000001,32.57087000000001,78.255899,0.3607368469238281
151.38794684410095,112.63644800000014,34.35700700000001,78.27944100000013,0.3607368469238281
144.1786506175995,109.95653900000025,32.56301000000008,77.39352900000017,0.3607368469238281
118.15335750579834,110.2365299999999,33.553229999999985,76.68329999999992,0.3607368469238281
317.4504430294037,117.646027,43.95429100000001,73.69173599999999,0.3607368469238281
249.4920687675476,112.37609000000009,39.29972099999998,73.07636900000011,0.3607368469238281
284.98458528518677,106.34050400000012,32.75588800000003,73.5846160000001,0.3607368469238281
110.22397780418396,105.6688549999999,30.272328000000016,75.39652699999988,0.3607368469238281
98.92983484268188,105.72828300000015,30.164588000000094,75.56369500000005,0.3607368469238281
100.8475592136383,107.00137899999993,31.26680399999998,75.73457499999995,0.3607368469238281
101.27207922935486,107.56820100000004,31.623006000000032,75.94519500000001,0.3607368469238281
350.3875524997711,103.32644700000014,31.697652000000062,71.62879500000008,0.3607368469238281
