walltime(s),cputime(s),systime(s),usertime(s),memory(GB)
288.00502920150757,316.722874,96.228681,220.494193,0.3932228088378906
289.1544635295868,317.89451299999996,98.0862,219.80831299999997,0.3932228088378906
289.28908109664917,318.00718200000006,97.99401,220.01317200000005,0.3939361572265625
289.2629990577698,318.0026490000001,97.955039,220.04761000000008,0.3939361572265625
289.45622158050537,318.22112899999996,97.42033099999998,220.800798,0.3948974609375
289.45502257347107,318.194296,96.84467499999994,221.34962100000007,0.3948974609375
289.1334493160248,317.86138200000016,97.96581000000003,219.89557200000013,0.3948974609375
285.0316553115845,313.1857070000001,96.11163499999998,217.07407200000011,0.3948974609375
289.25936460494995,317.99931300000014,96.92264899999998,221.07666400000016,0.3948974609375
289.5478792190552,318.28847899999994,98.56246799999997,219.72601099999997,0.3948974609375
289.35541439056396,318.1187070000001,96.26944000000003,221.84926700000005,0.3948974609375
287.8939595222473,316.4774279999999,96.95765800000004,219.51976999999988,0.3948974609375
