walltime(s),cputime(s),systime(s),usertime(s),memory(GB)
183.978511095047,201.289031,55.955003,145.334028,0.32588958740234375
186.4073326587677,203.725628,55.10488599999999,148.620742,0.3267097473144531
186.45216488838196,203.752553,54.794951999999995,148.957601,0.3267097473144531
186.25506019592285,203.586457,54.597263999999996,148.989193,0.3267097473144531
185.9468116760254,202.92123700000005,55.150863999999984,147.77037300000006,0.3267097473144531
185.89677119255066,203.16752800000006,54.295398999999975,148.8721290000001,0.3267097473144531
181.92064833641052,198.78866699999998,54.46736600000003,144.32130099999995,0.3267097473144531
186.53997802734375,203.84721199999996,55.05703199999999,148.79017999999996,0.3267097473144531
186.5691955089569,203.86606100000012,54.494632999999965,149.37142800000015,0.3267097473144531
186.4022674560547,203.704406,55.088014999999984,148.61639100000002,0.3267097473144531
186.41339349746704,203.72047500000008,54.91650800000002,148.80396700000006,0.3267097473144531
186.6406283378601,203.9087229999999,55.002133999999955,148.90658899999994,0.3267097473144531
186.33510851860046,203.64781900000014,55.991460000000075,147.65635900000007,0.3267097473144531
186.57511734962463,203.829833,54.30078400000002,149.529049,0.3267097473144531
186.8189959526062,204.11854299999993,55.160349999999994,148.95819299999994,0.3267097473144531
186.34970831871033,203.6011800000001,54.666263999999956,148.93491600000016,0.3267097473144531
186.34937119483948,203.646794,54.60400000000004,149.04279399999996,0.3267097473144531
186.37158060073853,203.66602700000033,54.820155,148.84587200000033,0.3267097473144531
186.3085401058197,203.59376599999985,54.35962099999995,149.2341449999999,0.3267097473144531
