walltime(s),cputime(s),systime(s),usertime(s),memory(GB)
578.4033906459808,610.9566870000001,181.436486,429.52020100000004,1.0712089538574219
562.3091509342194,596.84078,171.03488600000003,425.805894,1.0719718933105469
560.0227060317993,594.898034,170.68702100000002,424.2110130000001,1.0719718933105469
558.2391862869263,593.0296839999999,171.15077999999994,421.8789039999999,1.0719718933105469
555.999528169632,591.623778,169.26203900000007,422.36173899999994,1.0719718933105469
552.1765820980072,588.3997509999998,168.08306600000003,420.3166849999998,1.0719718933105469
