walltime(s),cputime(s),systime(s),usertime(s),memory(GB)
359.6846146583557,384.80001200000004,107.935912,276.8641,0.639617919921875
370.08477330207825,395.37024199999996,108.89540399999998,286.474838,0.643218994140625
368.87751817703247,394.18747499999995,109.49986799999999,284.68760699999996,0.643218994140625
370.89052629470825,395.81856400000004,111.167865,284.65069900000003,0.643218994140625
369.70051980018616,394.89274500000005,110.88033300000001,284.01241200000004,0.643218994140625
371.43944001197815,396.1730429999999,111.64685900000006,284.52618399999983,0.643218994140625
373.0000915527344,396.811007,111.78002300000003,285.030984,0.643218994140625
372.29582476615906,396.3484410000002,111.77905599999997,284.56938500000024,0.643218994140625
371.9161150455475,395.89391999999964,111.878871,284.01504899999964,0.643218994140625
