walltime(s),cputime(s),systime(s),usertime(s),memory(GB)
356.29765820503235,378.61984299999995,114.496974,264.122869,0.6682052612304688
357.322811126709,379.67876600000005,114.04993200000001,265.62883400000004,0.6682052612304688
358.58336091041565,380.832771,115.18845100000001,265.64432,0.6682052612304688
357.63060760498047,379.95141399999994,114.08165600000001,265.86975799999993,0.6682052612304688
358.9712800979614,381.2976560000001,114.06170099999997,267.2359550000001,0.6682052612304688
353.91208934783936,376.2087989999999,113.34984399999996,262.8589549999999,0.6682052612304688
346.4366455078125,368.84011599999997,110.03682900000001,258.80328699999995,0.6682052612304688
347.2500002384186,369.34908899999994,110.19098199999996,259.158107,0.6682052612304688
333.28493070602417,356.14361599999984,106.21725900000001,249.92635699999983,0.6682052612304688
318.45737171173096,341.868788,101.404131,240.464657,0.6682052612304688
