walltime(s),cputime(s),systime(s),usertime(s),memory(GB)
1751.5416963100433,1924.3093999999999,521.81647,1402.49293,1.704437255859375
1760.4964060783386,1934.563099,524.321395,1410.2417039999998,1.7118988037109375
