walltime(s),cputime(s),systime(s),usertime(s),memory(GB)
560.6965239048004,602.833051,175.951963,426.881088,0.9793319702148438
562.7827877998352,604.989658,175.24767599999998,429.741982,0.9793319702148438
563.1282637119293,605.58994,173.75992500000007,431.8300149999999,0.9793319702148438
563.3631517887115,605.5832839999999,174.825377,430.75790699999993,0.9793319702148438
562.5740945339203,605.008325,175.14235600000006,429.86596899999995,0.9793319702148438
563.4845526218414,605.7118840000002,174.669123,431.04276100000016,0.9793319702148438
