walltime(s),cputime(s),systime(s),usertime(s),memory(GB)
451.2833442687988,496.806386,149.112194,347.694192,0.4863700866699219
458.43134236335754,503.770677,156.077771,347.692906,0.48828125
453.2736132144928,497.99808599999994,153.540796,344.45728999999994,0.48828125
457.58267545700073,502.865701,155.82682800000003,347.03887299999997,0.48828125
457.03977608680725,502.5996880000001,155.95745900000009,346.64222900000004,0.48828125
456.91283988952637,502.50676299999986,154.7633659999999,347.74339699999996,0.48828125
457.5348882675171,503.0423139999999,154.44319499999995,348.599119,0.48828125
