walltime(s),cputime(s),systime(s),usertime(s),memory(GB)
230.21458339691162,242.63203700000003,73.79408600000001,168.837951,0.5406036376953125
236.77278017997742,249.782515,73.545018,176.237497,0.5409584045410156
238.36843419075012,251.25274000000005,74.316359,176.93638100000004,0.542236328125
239.81211042404175,252.387941,75.306397,177.081544,0.542236328125
243.73225450515747,256.740659,78.91950700000001,177.82115199999998,0.542236328125
241.96291279792786,254.90136599999994,78.12239199999999,176.77897399999995,0.542236328125
248.01885104179382,253.91376499999984,78.11230600000005,175.8014589999998,0.542236328125
255.51243996620178,244.6128319999999,75.50254699999994,169.11028499999998,0.542236328125
606.8170375823975,255.60225400000002,91.37466499999994,164.22758900000008,0.542236328125
402.05848026275635,229.14603999999997,70.05474100000004,159.09129899999994,0.542236328125
217.3735535144806,231.8873900000001,68.55845199999999,163.3289380000001,0.542236328125
366.85394072532654,235.30289300000015,70.77245099999993,164.53044200000022,0.542236328125
