walltime(s),cputime(s),systime(s),usertime(s),memory(GB)
530.7991352081299,583.809975,160.559714,423.250261,0.5934219360351562
545.8777482509613,599.982178,166.699317,433.282861,0.5970840454101562
540.4233210086823,593.7987720000001,164.87535200000002,428.9234200000001,0.5970840454101562
548.8261330127716,603.047037,164.45288799999997,438.594149,0.5970840454101562
549.395201921463,603.6193010000003,166.11822900000004,437.50107200000025,0.5970840454101562
549.144858121872,603.308484,166.02928400000008,437.27919999999995,0.5970840454101562
