walltime(s),cputime(s),systime(s),usertime(s),memory(GB)
1099.536961555481,1180.204635,340.209574,839.995061,1.6441535949707031
1112.5027947425842,1193.663004,340.56555900000006,853.097445,1.6441535949707031
1110.3167576789856,1191.4197809999998,338.5847289999999,852.8350519999999,1.6441535949707031
