walltime(s),cputime(s),systime(s),usertime(s),memory(GB)
741.3387815952301,781.3403450000001,240.035382,541.304963,1.4559211730957031
773.8427448272705,814.6423080000001,252.880715,561.7615930000001,1.4559211730957031
1447.3571245670319,805.8172770000002,262.36687100000006,543.4504060000002,1.4559211730957031
