walltime(s),cputime(s),systime(s),usertime(s),memory(GB)
328.2978267669678,361.105688,97.530316,263.575372,0.4721412658691406
333.17629289627075,365.940279,97.89350500000002,268.04677399999997,0.47264862060546875
333.7205572128296,366.55076800000006,99.17361500000001,267.377153,0.47264862060546875
330.0630123615265,362.41632699999997,98.10206999999997,264.314257,0.47264862060546875
324.9678633213043,356.6883979999998,95.83160599999997,260.8567919999998,0.4728355407714844
333.4981141090393,366.23081800000017,99.69384800000006,266.5369700000001,0.4728355407714844
330.76488161087036,362.89835100000005,96.17653399999995,266.7218170000001,0.4728355407714844
331.4339039325714,363.9618489999999,97.8824370000001,266.0794119999998,0.4728355407714844
332.53057646751404,365.19868999999994,98.12850099999991,267.070189,0.4728355407714844
332.75557351112366,365.482113,98.95795700000008,266.52415599999995,0.4728355407714844
