walltime(s),cputime(s),systime(s),usertime(s),memory(GB)
1481.9442923069,1606.223491,456.790368,1149.433123,2.5573081970214844
1505.93443441391,1631.319942,455.719529,1175.6004130000001,2.5582427978515625
