walltime(s),cputime(s),systime(s),usertime(s),memory(GB)
986.7489717006683,1063.389881,299.38271299999997,764.007168,1.5603370666503906
987.7283673286438,1064.422443,297.961714,766.460729,1.5605201721191406
987.8868203163147,1064.4236859999999,297.350236,767.0734499999999,1.5605201721191406
