walltime(s),cputime(s),systime(s),usertime(s),memory(GB)
416.8450584411621,459.048682,143.998568,315.050114,0.47985076904296875
419.5822594165802,461.827401,142.93975300000002,318.887648,0.47985076904296875
419.51201152801514,461.6683839999999,143.54209699999996,318.12628699999993,0.47985076904296875
419.66488814353943,461.8886530000001,143.96232300000008,317.92633,0.48145294189453125
419.6981644630432,461.915027,142.15177900000003,319.763248,0.48145294189453125
417.2390775680542,459.1667880000001,142.71684700000003,316.4499410000001,0.48145294189453125
417.25650095939636,459.26804100000004,144.07169700000009,315.19634399999995,0.48145294189453125
415.696564912796,457.35782300000017,141.44428000000005,315.9135430000001,0.48145294189453125
