walltime(s),cputime(s),systime(s),usertime(s),memory(GB)
434.40068793296814,477.263262,147.424377,329.838885,0.4946022033691406
439.285329580307,482.11555799999996,145.75051799999997,336.36504,0.4953575134277344
439.5578224658966,482.36424199999993,144.45316199999996,337.91107999999997,0.49633026123046875
439.3078029155731,482.1903539999999,144.90527400000002,337.2850799999999,0.49633026123046875
439.5927059650421,482.451328,144.69687499999998,337.754453,0.49633026123046875
439.4082353115082,482.28691500000014,144.936144,337.3507710000001,0.49633026123046875
439.55522871017456,482.4266530000001,146.13352399999997,336.29312900000014,0.49645233154296875
431.299259185791,473.082364,142.20545499999992,330.87690900000007,0.49645233154296875
