walltime(s),cputime(s),systime(s),usertime(s),memory(GB)
181.6141917705536,200.499576,56.965873,143.533703,0.3378562927246094
183.15257668495178,202.122702,57.68518099999999,144.437521,0.3379058837890625
182.75695943832397,201.68078100000002,56.443866000000014,145.236915,0.33792877197265625
183.22661304473877,202.18480699999995,56.924747999999994,145.26005899999996,0.3379364013671875
182.2450213432312,201.13014099999998,56.643096000000014,144.48704499999997,0.3379554748535156
182.6114320755005,201.468593,56.858446000000015,144.61014699999998,0.3379669189453125
183.48644852638245,202.48220600000002,57.10153500000001,145.380671,0.33797454833984375
182.42386388778687,201.2759319999999,57.218436,144.0574959999999,0.33798980712890625
174.74813413619995,192.5537300000002,53.97483,138.5789000000002,0.33798980712890625
183.10414505004883,202.05071800000007,57.401216999999974,144.6495010000001,0.33798980712890625
183.42569017410278,202.41842999999994,57.425748999999996,144.99268099999995,0.33798980712890625
183.5878427028656,202.56503499999997,57.54083200000002,145.02420299999994,0.33798980712890625
183.5648055076599,202.53321799999992,57.619892999999934,144.913325,0.33798980712890625
183.6018648147583,202.5590850000001,57.48271,145.0763750000001,0.33798980712890625
182.67218470573425,201.48351900000023,56.86485600000003,144.6186630000002,0.33798980712890625
183.0471498966217,201.98982699999976,57.46053500000005,144.5292919999997,0.33798980712890625
178.127290725708,196.2535569999999,54.70058099999994,141.55297599999994,0.33798980712890625
183.7957739830017,202.8011879999999,57.941381999999976,144.85980599999994,0.33798980712890625
183.45878839492798,202.43687700000032,57.11825500000009,145.31862200000023,0.33798980712890625
