walltime(s),cputime(s),systime(s),usertime(s),memory(GB)
1085.5200083255768,1197.1727500000002,336.772205,860.4005450000001,1.110809326171875
1072.7016277313232,1182.4725230000001,328.76552399999997,853.7069990000001,1.110809326171875
1082.9317195415497,1194.27925,333.223782,861.055468,1.110809326171875
