walltime(s),cputime(s),systime(s),usertime(s),memory(GB)
132.9813916683197,145.896545,44.181474,101.715071,0.3113250732421875
138.21695375442505,151.566251,47.078724,104.48752699999999,0.31134033203125
133.41874265670776,146.366442,44.35020299999999,102.01623900000001,0.31179046630859375
134.9050750732422,147.949189,44.423749999999984,103.525439,0.31179046630859375
137.96514558792114,151.274186,46.29149899999999,104.982687,0.31179046630859375
133.97532725334167,146.9052109999999,43.951412000000005,102.95379899999989,0.31179046630859375
135.7125380039215,148.9048219999999,45.258036000000004,103.6467859999999,0.31179046630859375
127.13255071640015,139.5358500000001,39.69127100000003,99.84457900000007,0.31179046630859375
126.98310780525208,139.31660800000003,39.14933300000001,100.16727500000002,0.31179046630859375
131.03252696990967,143.6624559999999,41.844483999999966,101.81797199999994,0.31179046630859375
132.53882265090942,145.37683399999997,43.11958699999997,102.257247,0.31179046630859375
131.80208539962769,144.44942299999997,42.097631000000035,102.35179199999993,0.31182098388671875
138.64307022094727,152.02250600000002,46.72594400000003,105.296562,0.31182098388671875
130.6005663871765,143.18178599999987,41.271897999999965,101.90988799999991,0.31182098388671875
134.5462625026703,147.24819500000024,44.4995990000001,102.74859600000013,0.31182098388671875
130.96445298194885,143.60755600000016,41.02689499999997,102.58066100000019,0.31182098388671875
138.34313869476318,151.60766999999998,46.37235399999997,105.23531600000001,0.31182098388671875
130.9484760761261,143.58342399999992,41.280643000000055,102.30278099999987,0.31182098388671875
139.0957145690918,152.509862,46.74683500000003,105.76302699999997,0.31182098388671875
130.61511325836182,143.23295200000007,41.31023600000003,101.92271600000004,0.31182098388671875
139.05973601341248,152.45186699999988,46.70775500000002,105.74411199999986,0.31182098388671875
130.95482659339905,143.56596999999965,40.88249399999995,102.6834759999997,0.31182098388671875
138.1319179534912,151.52405599999997,47.37971700000003,104.14433899999995,0.31182098388671875
131.5825536251068,144.2509990000001,42.083523000000014,102.16747600000008,0.31182098388671875
137.6940598487854,150.93410799999992,45.47247500000003,105.46163299999989,0.31182098388671875
134.1491014957428,147.0996849999999,43.50834899999995,103.59133599999996,0.31182098388671875
