walltime(s),cputime(s),systime(s),usertime(s),memory(GB)
313.6652593612671,344.913884,94.85851600000001,250.055368,0.4661903381347656
314.9154369831085,346.144085,95.738483,250.40560200000002,0.46697235107421875
314.6703176498413,345.853123,92.79815999999997,253.054963,0.46697235107421875
315.21019291877747,346.45439,94.11064899999997,252.34374100000002,0.46697235107421875
307.6308071613312,337.859656,91.51198199999999,246.34767399999998,0.46697235107421875
314.8294355869293,346.03145100000006,94.77513399999998,251.25631700000008,0.46697235107421875
315.0690498352051,346.17471899999987,94.70880499999998,251.46591399999988,0.46697235107421875
315.95326113700867,347.325074,95.94538799999998,251.379686,0.46697235107421875
316.0955307483673,347.466139,95.33725199999992,252.12888700000008,0.46697235107421875
315.9914536476135,347.3678339999999,95.50610699999993,251.86172699999997,0.46697235107421875
316.2592010498047,347.6370069999999,95.1922780000001,252.44472899999982,0.46697235107421875
