walltime(s),cputime(s),systime(s),usertime(s),memory(GB)
187.63401460647583,206.285118,54.751306,151.533812,0.3452720642089844
190.99474835395813,209.72098100000002,56.57970900000001,153.14127200000001,0.3459434509277344
191.51645183563232,210.319399,55.928233000000006,154.391166,0.3459434509277344
190.94360852241516,209.6390930000001,55.93417100000002,153.70492200000007,0.3459434509277344
190.66951298713684,209.30827500000007,55.37943500000003,153.92884000000004,0.3459434509277344
191.40132236480713,210.20073299999996,55.594772999999975,154.60595999999998,0.3459434509277344
190.54583835601807,209.27650600000004,56.602243000000044,152.674263,0.3459434509277344
191.18779158592224,209.97265199999987,56.309470999999974,153.6631809999999,0.3459434509277344
191.4872705936432,210.325086,56.91427100000004,153.41081499999996,0.3459434509277344
191.84582924842834,210.71024599999998,58.12422400000003,152.58602199999996,0.3459434509277344
190.3484227657318,208.98530599999992,56.02896999999996,152.95633599999996,0.3459434509277344
191.65438723564148,210.49106499999994,56.88964299999998,153.60142199999996,0.3459434509277344
191.80395793914795,210.64707499999997,56.88118599999996,153.76588900000002,0.3459434509277344
190.79495072364807,209.52840199999991,56.734005000000025,152.7943969999999,0.3459434509277344
191.74113011360168,210.5956030000002,57.00897699999996,153.58662600000025,0.3459434509277344
191.80720353126526,210.65183100000013,56.28176600000006,154.37006500000007,0.3459434509277344
183.4371726512909,201.2209999999999,54.25925399999994,146.96174599999995,0.3459434509277344
191.72257280349731,210.53346900000008,56.99211600000001,153.54135300000007,0.3459434509277344
