walltime(s),cputime(s),systime(s),usertime(s),memory(GB)
1571.0181708335876,1726.18626,466.845198,1259.341062,1.6737060546875
1539.5373644828796,1690.848652,454.476605,1236.3720469999998,1.6737060546875
