walltime(s),cputime(s),systime(s),usertime(s),memory(GB)
604.995014667511,664.939387,180.46572700000002,484.47366,0.6990470886230469
613.8162543773651,674.111179,180.65273200000001,493.458447,0.6990470886230469
614.9310097694397,675.3188210000001,181.13367999999997,494.18514100000004,0.6990470886230469
614.1012763977051,674.3612590000001,179.58278000000007,494.77847900000006,0.6990470886230469
616.9387409687042,677.465556,182.973928,494.491628,0.6990470886230469
