walltime(s),cputime(s),systime(s),usertime(s),memory(GB)
1711.3204066753387,1880.351679,511.82456099999996,1368.5271180000002,1.7320518493652344
1671.163741350174,1834.711158,496.58354499999996,1338.127613,1.7320518493652344
