walltime(s),cputime(s),systime(s),usertime(s),memory(GB)
518.5175774097443,545.675557,158.174585,387.500972,0.7966804504394531
518.5088088512421,545.732105,154.083735,391.64837000000006,0.7966804504394531
494.6612856388092,523.1191369999999,146.108406,377.01073099999996,0.7966804504394531
465.8408012390137,496.484771,137.928313,358.556458,0.7966804504394531
459.65618896484375,490.7278869999999,136.08356100000003,354.64432599999986,0.7966804504394531
459.1010675430298,490.3806769999999,135.94401399999992,354.43666299999995,0.7966804504394531
455.9693720340729,487.45333099999993,135.74677399999996,351.706557,0.7966804504394531
