walltime(s),cputime(s),systime(s),usertime(s),memory(GB)
316.912314414978,348.156784,93.768445,254.388339,0.4327583312988281
318.34269881248474,349.7819769999999,95.465944,254.31603299999995,0.4328117370605469
317.8440864086151,349.218429,95.17001500000003,254.04841399999998,0.4343299865722656
309.5387992858887,339.820235,91.937908,247.88232700000003,0.4343299865722656
318.84307074546814,350.27995200000004,95.08341999999999,255.19653200000005,0.4343299865722656
314.22659826278687,345.0964940000001,91.91431299999999,253.18218100000013,0.4343299865722656
318.4657471179962,349.89461299999994,94.87866299999996,255.01594999999998,0.4343299865722656
318.7922122478485,350.2804360000001,93.73085000000003,256.5495860000001,0.4343299865722656
318.5304937362671,349.98768899999993,93.67860200000007,256.30908699999986,0.4343299865722656
319.1414155960083,350.64020700000003,94.19079999999997,256.44940700000006,0.4343299865722656
313.64694905281067,344.42822800000033,93.07643500000006,251.35179300000027,0.4343299865722656
