walltime(s),cputime(s),systime(s),usertime(s),memory(GB)
568.0437750816345,611.742428,174.197725,437.544703,0.93896484375
566.9967353343964,610.683254,172.874813,437.808441,0.93896484375
571.0541915893555,614.740711,174.504231,440.23648000000003,0.93896484375
600.4761910438538,644.0781820000002,183.91303900000003,460.16514300000017,0.93896484375
628.0909004211426,671.6414019999999,190.87881200000004,480.7625899999998,0.93896484375
611.3098466396332,654.756511,184.3863040000001,470.37020699999994,0.93896484375
