walltime(s),cputime(s),systime(s),usertime(s),memory(GB)
229.3993980884552,253.235338,73.844037,179.391301,0.3609466552734375
230.29574990272522,254.099103,75.08271400000001,179.016389,0.3609771728515625
230.50982666015625,254.390379,74.06729200000001,180.323087,0.360992431640625
228.52150130271912,251.98780000000002,75.03517300000001,176.952627,0.3610076904296875
227.9532914161682,251.3459180000001,73.55330400000003,177.79261400000007,0.3610191345214844
226.76519799232483,250.0983629999999,72.90695899999997,177.19140399999992,0.36102294921875
229.91617155075073,253.63932400000022,74.47958900000003,179.15973500000018,0.36103057861328125
228.8892252445221,252.41397900000004,75.13904500000001,177.27493400000003,0.36103057861328125
230.0659158229828,253.7968729999999,74.01458500000001,179.78228799999988,0.36103057861328125
230.16558384895325,253.9040869999999,75.12912699999993,178.77495999999996,0.36103057861328125
100221.43894338608,250.01440200000013,72.47304500000007,177.54135700000006,0.36103057861328125
71553.09841179848,251.76028800000017,74.15887599999996,177.6014120000002,0.36103057861328125
230.0740783214569,253.76915400000007,75.238609,178.53054500000007,0.36103057861328125
230.0496964454651,253.6825699999997,74.47176400000012,179.2108059999996,0.36103057861328125
230.44602513313293,254.1874260000004,74.89639299999999,179.29103300000043,0.36103057861328125
