walltime(s),cputime(s),systime(s),usertime(s),memory(GB)
589.9470324516296,636.96797,177.376597,459.59137300000003,0.995147705078125
617.3600299358368,664.618015,184.36433300000002,480.25368199999997,0.995147705078125
621.5717422962189,666.356708,188.623603,477.733105,0.995147705078125
622.6883099079132,665.8799530000001,191.697001,474.1829520000001,0.995147705078125
630.6402316093445,675.070303,191.529763,483.54053999999996,0.995147705078125
