walltime(s),cputime(s),systime(s),usertime(s),memory(GB)
264.75774478912354,290.810287,86.454549,204.355738,0.2900123596191406
259.75504779815674,285.601554,85.97465100000001,199.62690300000003,0.290069580078125
269.1095757484436,296.18798300000014,90.99355600000004,205.19442700000008,0.29007720947265625
259.8860192298889,286.3432120000001,89.20086400000002,197.14234800000008,0.29007720947265625
267.8430256843567,294.470738,89.04175199999997,205.428986,0.29007720947265625
268.9893102645874,295.8562390000002,89.03698400000007,206.8192550000001,0.29007720947265625
269.24629378318787,296.15537400000005,88.55040599999995,207.6049680000001,0.2900810241699219
269.28053879737854,296.255125,90.61405000000002,205.641075,0.2906150817871094
269.5252742767334,296.511528,89.42687999999998,207.08464800000002,0.2906150817871094
269.6618847846985,296.61986500000023,90.70645999999999,205.91340500000024,0.2906150817871094
269.5269527435303,296.4757800000001,90.81796900000006,205.65781100000004,0.2906150817871094
270.0962085723877,297.30549499999984,93.12624299999993,204.1792519999999,0.2906150817871094
269.6642518043518,296.70615599999974,89.57927199999995,207.1268839999998,0.2906150817871094
