walltime(s),cputime(s),systime(s),usertime(s),memory(GB)
205.39132952690125,224.074568,58.195401,165.879167,0.33099365234375
206.42466473579407,225.150215,57.426968,167.723247,0.3313331604003906
206.8274233341217,225.57168699999997,57.893883999999986,167.67780299999998,0.3313407897949219
206.47580409049988,225.22302399999998,58.330477,166.89254699999998,0.3315315246582031
204.72030878067017,223.14606299999988,57.005131999999975,166.1409309999999,0.3315696716308594
205.8812894821167,224.556738,58.15674899999999,166.399989,0.33158111572265625
202.70076251029968,220.96098700000005,56.799203000000034,164.161784,0.3315887451171875
206.5683195590973,225.33110200000004,57.88088499999998,167.45021700000007,0.3315887451171875
206.51441597938538,225.213642,57.77236199999999,167.44128,0.3318367004394531
206.62464690208435,225.28969900000004,58.23625800000002,167.05344100000002,0.33184051513671875
188.47561693191528,204.809442,48.82340199999999,155.98604,0.33184051513671875
195.23733830451965,212.56495099999995,52.30497600000001,160.25997499999994,0.33184051513671875
70992.38241457939,219.69919099999981,54.91157800000008,164.78761299999974,0.33184051513671875
106447.46501922607,221.82763399999976,56.534043999999994,165.29358999999977,0.33184051513671875
205.23125195503235,223.72386199999994,57.52499799999998,166.19886399999996,0.33184051513671875
205.185054063797,223.71845500000018,57.30468100000007,166.4137740000001,0.33184051513671875
202.82484889030457,221.09172399999989,57.09476399999994,163.99695999999994,0.33184051513671875
