walltime(s),cputime(s),systime(s),usertime(s),memory(GB)
1201.691955089569,1293.639258,368.269958,925.3693,1.7054595947265625
1230.171152830124,1320.716218,378.04249799999997,942.6737200000001,1.7054595947265625
