walltime(s),cputime(s),systime(s),usertime(s),memory(GB)
129.77865314483643,139.82384000000002,37.511948000000004,102.311892,0.3758697509765625
130.8027367591858,140.94259499999998,37.912082000000005,103.03051299999998,0.3758697509765625
131.3603231906891,141.527599,37.55570700000001,103.971892,0.3758697509765625
131.19963312149048,141.36207899999997,38.04175599999999,103.32032299999997,0.3758697509765625
131.45153975486755,141.63430400000004,37.89163300000001,103.74267100000003,0.37587738037109375
131.76336932182312,141.93385500000005,37.739935,104.19392000000005,0.3758811950683594
131.69022059440613,141.84063800000004,37.800542999999976,104.04009500000006,0.375885009765625
131.89080834388733,142.05450499999995,38.10896300000002,103.94554199999993,0.37590789794921875
132.22156190872192,142.378356,38.23980499999999,104.138551,0.3759117126464844
132.09527325630188,142.29558700000007,38.101044,104.19454300000007,0.3759117126464844
131.70238065719604,141.89163400000012,37.849316999999985,104.04231700000014,0.3759117126464844
132.18465900421143,142.34439500000013,38.006641,104.33775400000013,0.3759117126464844
132.08316326141357,142.24134199999997,37.926131999999996,104.31520999999998,0.3759117126464844
133.81298518180847,143.96298199999995,38.094082000000014,105.86889999999994,0.3759117126464844
134.85122108459473,144.98002800000006,38.48151199999995,106.49851600000011,0.3759117126464844
135.24371576309204,145.396798,38.96217200000001,106.43462599999998,0.3759117126464844
134.97556495666504,145.10909800000002,39.72456599999998,105.38453200000004,0.3759117126464844
135.28999972343445,145.43525199999988,39.105167999999935,106.33008399999994,0.3759117126464844
135.67968845367432,145.81879199999992,38.943092999999976,106.87569899999994,0.3759117126464844
135.24904608726501,145.4271329999999,39.124761000000035,106.30237199999988,0.3759117126464844
134.93206429481506,145.0786489999996,39.261078,105.81757099999959,0.3759117126464844
135.2678418159485,145.4339169999996,38.95876599999997,106.47515099999964,0.3759117126464844
135.6091389656067,145.74818700000026,38.59135200000003,107.15683500000023,0.3759117126464844
135.41527152061462,145.6121639999999,39.27809000000002,106.33407399999987,0.3759117126464844
135.10862708091736,145.21398900000008,38.86710900000003,106.34688000000006,0.3759117126464844
135.17174100875854,145.37020400000017,39.08583699999997,106.2843670000002,0.3759117126464844
