walltime(s),cputime(s),systime(s),usertime(s),memory(GB)
3025.8088068962097,3225.600399,918.462389,2307.13801,3.6898956298828125
