walltime(s),cputime(s),systime(s),usertime(s),memory(GB)
209.4968204498291,227.908484,57.443775,170.464709,0.3315544128417969
212.22446656227112,230.91000900000003,58.140773,172.76923600000003,0.33185577392578125
213.8822910785675,232.775533,58.628035999999994,174.147497,0.3320465087890625
214.29213500022888,233.22297300000002,59.08014600000001,174.142827,0.3320503234863281
212.75985288619995,231.48226500000007,59.10836100000003,172.37390400000004,0.33206939697265625
213.45536494255066,232.30172500000003,59.11114199999997,173.19058300000006,0.3323249816894531
212.53480887413025,231.33557000000013,59.23271900000003,172.1028510000001,0.33232879638671875
214.89525365829468,233.8927270000001,59.554507,174.3382200000001,0.33233642578125
214.5298671722412,233.4966240000001,58.86725799999999,174.62936600000012,0.3323516845703125
213.56232380867004,232.4027870000001,59.64888000000008,172.75390700000003,0.3323516845703125
213.9594874382019,232.75647800000002,58.261848999999984,174.49462900000003,0.3323516845703125
214.8937211036682,233.84755100000007,59.468309999999974,174.3792410000001,0.3323516845703125
177244.40311026573,228.0917960000004,57.391061000000036,170.70073500000035,0.3323516845703125
215.2903072834015,234.3060770000003,59.401171999999974,174.90490500000033,0.3323516845703125
215.3697988986969,234.3249639999999,59.73567000000003,174.58929399999988,0.3323516845703125
207.82243418693542,225.95965699999965,57.109928999999966,168.8497279999997,0.3323516845703125
215.2994043827057,234.34265799999991,60.27884699999993,174.063811,0.3323516845703125
