walltime(s),cputime(s),systime(s),usertime(s),memory(GB)
277.3411440849304,306.398143,104.662751,201.735392,0.2802886962890625
255.64356184005737,279.55836600000004,77.342212,202.21615400000002,0.28206634521484375
264.8427801132202,288.7836080000001,77.31502300000002,211.46858500000008,0.28231048583984375
256.3115403652191,279.712462,75.06919599999998,204.64326600000004,0.28231048583984375
264.92188000679016,288.77960900000005,76.35565299999996,212.4239560000001,0.28231048583984375
264.79014110565186,288.6590459999999,76.651657,212.00738899999988,0.28231048583984375
264.75769329071045,288.68449300000003,77.224579,211.45991400000003,0.28231048583984375
264.79547357559204,288.7221930000002,76.79905300000007,211.9231400000001,0.28231048583984375
264.8976263999939,288.81364999999994,76.63974300000007,212.17390699999987,0.28231048583984375
264.6689600944519,288.5960970000002,77.62982399999999,210.96627300000023,0.28231048583984375
264.6720051765442,288.61817999999994,78.06512599999996,210.55305399999997,0.28231048583984375
262.1771926879883,285.85603700000013,76.69724000000008,209.15879700000005,0.28231048583984375
265.05226397514343,288.93634999999983,76.79196300000001,212.14438699999982,0.28231048583984375
