walltime(s),cputime(s),systime(s),usertime(s),memory(GB)
632.1847536563873,677.538038,184.111475,493.426563,0.9671096801757812
667.4510743618011,712.99577,192.58732100000003,520.408449,0.97662353515625
697.7866904735565,743.828667,198.68975799999998,545.138909,0.97662353515625
707.551411151886,753.8651979999999,200.30243400000006,553.5627639999998,0.97662353515625
603.4602043628693,649.8915910000002,172.49575900000002,477.39583200000015,0.97662353515625
