walltime(s),cputime(s),systime(s),usertime(s),memory(GB)
257.4117193222046,280.86178800000005,75.93625,204.92553800000002,0.3439979553222656
261.0826985836029,284.499169,74.088582,210.410587,0.34503936767578125
260.4614026546478,283.871859,74.333946,209.53791299999995,0.34503936767578125
260.8817536830902,284.320511,73.70766599999999,210.612845,0.3450889587402344
261.257700920105,284.7031630000001,74.224493,210.47867000000008,0.3450889587402344
260.65568804740906,284.0709719999999,74.32840800000002,209.7425639999999,0.3450889587402344
261.07302141189575,284.50665600000013,74.57697900000005,209.92967700000008,0.3455772399902344
261.24083161354065,284.686112,74.89112699999998,209.794985,0.3455772399902344
257.296404838562,280.2268050000001,73.58883200000002,206.6379730000001,0.3455772399902344
261.1200361251831,284.5713609999999,75.22319600000003,209.34816499999988,0.3455924987792969
250.26754689216614,271.69286499999987,72.59819499999992,199.09466999999995,0.3455924987792969
261.64820551872253,285.1211589999998,74.57275699999991,210.5484019999999,0.3455924987792969
261.635320186615,285.08698100000004,74.96063900000001,210.12634200000002,0.3455924987792969
