walltime(s),cputime(s),systime(s),usertime(s),memory(GB)
177.2882103919983,195.546352,11.172953,184.373399,0.6694259643554688
179.68979501724243,199.729672,11.992854000000001,187.736818,0.7751274108886719
179.48993825912476,199.21476300000003,12.175915,187.03884800000003,0.7751274108886719
178.98035764694214,198.17429400000003,12.300021000000001,185.87427300000002,0.7751274108886719
178.19850540161133,197.031341,12.214241000000001,184.81709999999998,0.7751274108886719
179.4631702899933,199.48047900000003,12.299611000000006,187.18086800000003,0.7751274108886719
179.23256993293762,198.5589020000001,12.108964999999998,186.4499370000001,0.7751274108886719
179.24645829200745,198.5432030000001,12.26522700000001,186.27797600000008,0.7751274108886719
179.19453930854797,198.42527300000006,12.186380999999997,186.23889200000008,0.7751274108886719
178.94304084777832,197.86176400000016,12.141681000000005,185.72008300000016,0.7751274108886719
180.32113480567932,200.7006849999999,11.991353000000004,188.7093319999999,0.7751274108886719
180.1207857131958,200.02890200000041,12.234437000000014,187.7944650000004,0.7751274108886719
179.70601844787598,199.4478919999998,11.785661000000005,187.6622309999998,0.7751274108886719
179.68648433685303,199.6115119999998,11.888902000000002,187.7226099999998,0.7751274108886719
177.7626829147339,195.99395999999984,11.059992000000022,184.93396799999982,0.7751274108886719
178.3491554260254,197.41222200000007,12.162872000000021,185.24935000000005,0.7751274108886719
180.818927526474,200.38537399999996,12.336326999999983,188.04904699999997,0.7751274108886719
188.33099246025085,208.08512699999997,12.977457999999984,195.107669,0.7751274108886719
192.13219475746155,212.07077100000012,12.659748000000008,199.4110230000001,0.7751274108886719
180.2930784225464,198.79268499999992,12.104566000000005,186.68811899999992,0.7751274108886719
