walltime(s),cputime(s),systime(s),usertime(s),memory(GB)
311.1366527080536,331.90702899999997,98.102619,233.80441,0.6061744689941406
314.51955461502075,335.77236099999993,98.44052099999999,237.33183999999997,0.6113128662109375
313.92606377601624,335.773271,96.781801,238.99147000000005,0.6113128662109375
314.46186232566833,335.997558,97.13130799999999,238.86625000000004,0.6113128662109375
314.37222146987915,336.363263,98.56847399999998,237.79478900000004,0.6113128662109375
309.34400701522827,332.21481000000006,94.76962300000002,237.44518700000003,0.6113128662109375
306.251522064209,330.2012050000001,91.95639000000006,238.24481500000002,0.6113128662109375
311.1012029647827,335.1613389999999,93.98427099999992,241.17706799999996,0.6113128662109375
312.9825475215912,337.1049419999998,94.82561199999998,242.27932999999985,0.6113128662109375
320.1635196208954,342.00517100000036,98.69721700000002,243.30795400000034,0.6113128662109375
323.90035486221313,345.16365199999996,100.20687299999986,244.9567790000001,0.6113128662109375
