walltime(s),cputime(s),systime(s),usertime(s),memory(GB)
1017.1654598712921,1121.086836,327.33276,793.7540759999999,0.9659042358398438
1003.8806614875793,1106.198174,318.05415700000003,788.144017,0.9659042358398438
172331.8743815422,1115.430225,322.99942699999997,792.4307980000001,0.9659042358398438
