walltime(s),cputime(s),systime(s),usertime(s),memory(GB)
1976.0016593933105,2106.452621,622.126298,1484.326323,2.8577117919921875
