walltime(s),cputime(s),systime(s),usertime(s),memory(GB)
290.90628027915955,310.683466,91.166382,219.517084,0.5789642333984375
299.1649091243744,318.919892,93.524366,225.395526,0.5833816528320312
301.31903100013733,321.380798,93.55618300000003,227.824615,0.58526611328125
300.66218852996826,320.56704199999996,94.18996899999996,226.377073,0.5852775573730469
302.4532878398895,322.3578809999999,96.028907,226.3289739999999,0.5853347778320312
301.06086015701294,320.9860960000001,93.689662,227.2964340000001,0.585357666015625
292.02727365493774,311.80062999999984,91.39862800000003,220.4020019999998,0.585357666015625
287.0333979129791,307.2960260000001,89.66979400000002,217.62623200000007,0.585357666015625
286.1499533653259,306.2368980000001,90.28400800000009,215.95289000000002,0.585357666015625
285.4159173965454,305.72209399999997,89.40771199999995,216.31438200000002,0.585357666015625
288.3265709877014,308.31712000000005,90.11628800000005,218.200832,0.585357666015625
288.1738917827606,308.06510699999956,90.64844899999991,217.41665799999964,0.585357666015625
