walltime(s),cputime(s),systime(s),usertime(s),memory(GB)
326.94161653518677,346.276923,104.919814,241.35710899999998,0.752471923828125
331.94075989723206,351.574571,105.16609199999999,246.40847899999997,0.7547454833984375
332.2976770401001,352.197921,105.96937200000002,246.228549,0.7562828063964844
331.9288067817688,351.6712929999999,104.62695499999995,247.04433799999993,0.7562828063964844
328.9896137714386,349.59014800000017,103.42668900000007,246.1634590000001,0.7562828063964844
328.49936723709106,349.757606,102.07663100000002,247.680975,0.7562828063964844
328.5925793647766,349.691326,102.92594199999996,246.76538400000004,0.7562828063964844
322.83531951904297,344.330605,100.52880900000002,243.80179599999997,0.7562828063964844
327.53593039512634,348.5997030000002,102.624369,245.9753340000002,0.7562828063964844
332.50498509407043,352.83181300000035,104.76597000000004,248.0658430000003,0.7562828063964844
