walltime(s),cputime(s),systime(s),usertime(s),memory(GB)
1262.5315783023834,1345.2999479999999,407.079796,938.220152,2.5301437377929688
1267.774878501892,1354.6411799999998,399.761313,954.8798669999999,2.5301437377929688
