walltime(s),cputime(s),systime(s),usertime(s),memory(GB)
133.10339450836182,142.139386,38.26506800000001,103.874318,0.3712882995605469
140.73213052749634,150.244884,39.734005999999994,110.510878,0.3712882995605469
139.36010599136353,148.574276,39.555454,109.018822,0.3712882995605469
141.02771067619324,150.37329599999998,38.96128499999999,111.412011,0.3712882995605469
143.57905387878418,153.01400399999997,40.182450999999986,112.83155299999999,0.3712882995605469
137.74627923965454,147.25488500000003,39.093289999999996,108.16159500000003,0.3712882995605469
142.03837060928345,151.09472899999997,40.590844000000004,110.50388499999997,0.3712882995605469
143.59413981437683,152.04276,40.984302000000014,111.05845799999997,0.3712882995605469
139.63576912879944,148.00886199999997,40.61214799999999,107.39671399999997,0.3712882995605469
143.340247631073,151.59093799999988,41.912126,109.67881199999988,0.3712882995605469
143.91667532920837,151.82131800000002,41.975678000000016,109.84564,0.3712882995605469
137.60802745819092,145.74225100000007,39.02182699999997,106.7204240000001,0.3712882995605469
136.81220078468323,145.15125999999992,39.24396000000007,105.90729999999985,0.3712882995605469
136.03146815299988,144.63987499999996,39.31008099999997,105.32979399999999,0.3712882995605469
135.4534194469452,144.06801099999996,39.079223999999954,104.988787,0.3712882995605469
134.163560628891,142.8188399999999,38.08561099999997,104.73322899999994,0.3712882995605469
133.88243460655212,142.85615999999993,37.945806999999945,104.91035299999999,0.3712882995605469
133.51056337356567,142.2692790000001,38.15374500000007,104.11553400000003,0.3712882995605469
133.85020470619202,142.7393930000003,38.08220800000004,104.65718500000025,0.3712882995605469
137.23312163352966,145.61076999999966,40.01075299999991,105.60001699999975,0.3712882995605469
138.1729097366333,146.14576499999998,39.97070899999994,106.17505600000004,0.3712882995605469
137.52101969718933,145.42797299999984,40.72196299999996,104.70600999999988,0.3712882995605469
137.0012490749359,144.9890499999998,39.83740799999998,105.15164199999981,0.3712882995605469
137.53795790672302,145.5083179999998,39.79353800000001,105.71477999999979,0.3712882995605469
137.51292514801025,145.595105,39.75790100000006,105.83720399999993,0.3712882995605469
137.26829051971436,145.52723600000013,39.79076400000008,105.73647200000005,0.3712882995605469
