walltime(s),cputime(s),systime(s),usertime(s),memory(GB)
389.39079451560974,426.76995800000003,114.52736800000001,312.24259,0.5221099853515625
393.67551159858704,430.963182,112.94066399999998,318.02251800000005,0.5223617553710938
392.82774329185486,430.257399,113.561219,316.69618,0.5223617553710938
390.7703583240509,428.15868299999994,113.62293700000004,314.5357459999999,0.5223617553710938
390.6693260669708,427.96761800000013,114.21226000000001,313.7553580000001,0.5223617553710938
389.9657144546509,427.3240440000002,113.84373800000003,313.48030600000016,0.5223617553710938
402.22787976264954,440.7915879999998,119.38142199999993,321.4101659999999,0.5223617553710938
395.1414706707001,432.6643879999998,115.59509300000002,317.0692949999998,0.5223617553710938
395.01188921928406,432.59659000000033,113.68808000000013,318.9085100000002,0.5223617553710938
