walltime(s),cputime(s),systime(s),usertime(s),memory(GB)
2648.7271161079407,2835.43642,844.900703,1990.535717,3.5797462463378906
