walltime(s),cputime(s),systime(s),usertime(s),memory(GB)
2096.6681106090546,2230.82394,646.0560290000001,1584.767911,3.8377647399902344
