walltime(s),cputime(s),systime(s),usertime(s),memory(GB)
167.34066581726074,148.045205,41.831105,106.2141,0.2999382019042969
238.36596965789795,153.742855,44.765459,108.97739599999998,0.3021087646484375
638.7666676044464,162.66895,55.46808299999999,107.20086700000002,0.30258941650390625
211.77046418190002,150.55866400000002,40.938717,109.61994700000002,0.3091163635253906
137.29289531707764,147.22644500000004,39.329646999999994,107.89679800000005,0.31298065185546875
140.47424602508545,149.750359,40.78936799999997,108.96099100000004,0.31298065185546875
391.78704357147217,142.80245099999996,39.67541899999998,103.12703199999999,0.31298065185546875
111.24354124069214,120.548068,30.90959300000003,89.63847499999997,0.31475067138671875
101.53980207443237,109.75843300000003,28.67454200000003,81.083891,0.31475067138671875
99.70939135551453,107.83434699999998,26.61239599999999,81.22195099999999,0.3159217834472656
99.44762420654297,107.59598599999993,27.331649999999968,80.26433599999996,0.3159217834472656
99.68009209632874,107.894161,28.02182399999998,79.87233700000002,0.3159217834472656
101.09067749977112,109.22256799999985,27.93168499999996,81.2908829999999,0.3159217834472656
101.07331776618958,109.26537400000012,28.426710000000014,80.83866400000011,0.3159217834472656
100.2404716014862,108.41901500000017,27.65067799999997,80.7683370000002,0.3159217834472656
99.55937266349792,107.66177000000016,27.09232700000007,80.56944300000009,0.3160133361816406
99.39420175552368,107.46073999999999,25.989383999999973,81.47135600000001,0.3170204162597656
99.43255352973938,107.43760899999995,26.962601000000063,80.47500799999989,0.3170204162597656
99.34189176559448,107.428943,26.236831999999936,81.19211100000007,0.3170204162597656
99.72341585159302,107.81976000000009,26.604475000000093,81.215285,0.3170204162597656
99.21531224250793,107.24921600000005,26.59584899999993,80.65336700000012,0.3170204162597656
99.97025418281555,108.31300299999998,26.688446999999996,81.62455599999998,0.3170204162597656
105.04264545440674,113.4176020000001,28.693443000000002,84.7241590000001,0.3170204162597656
