walltime(s),cputime(s),systime(s),usertime(s),memory(GB)
625.0882153511047,665.0183119999999,195.804361,469.21395099999995,1.001739501953125
634.8585970401764,674.8830150000001,196.69624800000003,478.18676700000003,1.0019798278808594
631.1084067821503,671.995083,195.54150700000002,476.453576,1.0019798278808594
602.1358513832092,645.4186199999999,185.215197,460.20342299999993,1.0019798278808594
601.1228671073914,643.9197490000003,185.21671200000003,458.7030370000002,1.0019798278808594
