walltime(s),cputime(s),systime(s),usertime(s),memory(GB)
1908.4739561080933,2051.1662189999997,575.0369949999999,1476.129224,2.728851318359375
