walltime(s),cputime(s),systime(s),usertime(s),memory(GB)
542.5005559921265,594.4116300000001,177.323598,417.088032,0.5345039367675781
543.6635241508484,594.665749,173.103219,421.56253,0.5355110168457031
551.2193429470062,603.0643429999999,174.392114,428.6722289999999,0.5355110168457031
550.1849865913391,602.101708,173.25484300000005,428.846865,0.5355110168457031
551.4641788005829,603.4822949999997,175.01816199999996,428.4641329999997,0.5355110168457031
550.5114207267761,602.3846889999999,173.78560800000002,428.59908099999984,0.5355110168457031
