walltime(s),cputime(s),systime(s),usertime(s),memory(GB)
314.49695563316345,336.58295,95.05569,241.52725999999998,0.5940284729003906
320.62793922424316,342.949966,95.13134500000001,247.818621,0.5999336242675781
319.12684297561646,341.18819299999996,95.17923299999998,246.00896,0.5999565124511719
312.56368136405945,333.96068599999995,94.30469299999999,239.65599299999997,0.5999565124511719
312.09695410728455,333.07733400000006,93.80647199999999,239.27086200000008,0.5999565124511719
313.9840524196625,334.12939800000004,95.96781699999997,238.16158100000007,0.5999565124511719
320.8724639415741,340.808771,98.10997399999997,242.698797,0.5999565124511719
320.5066945552826,340.676693,98.10620499999993,242.57048800000007,0.5999565124511719
317.06297397613525,337.97480499999995,97.53767899999991,240.43712600000003,0.5999565124511719
315.7709641456604,336.35965399999986,97.4173639999999,238.94228999999996,0.5999565124511719
312.06707191467285,333.53000799999984,94.61380599999995,238.91620199999988,0.5999565124511719
