walltime(s),cputime(s),systime(s),usertime(s),memory(GB)
354.5011522769928,375.63665399999996,106.553386,269.083268,0.7371559143066406
364.8440058231354,387.290778,109.123849,278.166929,0.7371559143066406
353.5297565460205,376.13917999999995,105.53515099999998,270.60402899999997,0.7371559143066406
359.52319502830505,382.919312,105.85565299999996,277.06365900000003,0.7371559143066406
359.90311884880066,383.74792900000017,105.89878600000003,277.84914300000014,0.7371559143066406
353.3622040748596,377.13092499999993,103.06176000000005,274.0691649999999,0.7371559143066406
354.3774311542511,376.5010050000002,106.38602000000003,270.11498500000016,0.7371559143066406
354.5140209197998,376.20950500000026,105.50194699999997,270.7075580000003,0.7371559143066406
355.0072708129883,377.25693000000035,105.65392499999996,271.6030050000004,0.7371559143066406
354.77449798583984,377.638545,106.21188099999995,271.4266640000001,0.7371559143066406
