walltime(s),cputime(s),systime(s),usertime(s),memory(GB)
238.2003698348999,261.923409,74.492493,187.430916,0.3828277587890625
239.3983085155487,263.316823,75.462098,187.85472500000003,0.3828277587890625
239.11155652999878,262.99453600000004,75.40363500000001,187.59090100000003,0.3828277587890625
236.1719937324524,259.615277,75.26071999999999,184.354557,0.3828277587890625
235.85759449005127,259.249538,74.02752200000003,185.22201599999994,0.382843017578125
238.8203625679016,262.63572400000004,75.14514100000002,187.49058300000002,0.38287353515625
236.65381121635437,260.28587000000005,74.94640900000002,185.33946100000003,0.38287353515625
238.90261793136597,262.70000100000004,75.02158399999996,187.67841700000008,0.38287353515625
239.32916474342346,263.221805,75.54799700000001,187.673808,0.38287353515625
239.47528171539307,263.3673630000002,75.77788900000007,187.5894740000001,0.38287353515625
171542.24799871445,244.94970699999988,72.02027099999998,172.9294359999999,0.38287353515625
239.55314183235168,263.46315600000014,75.18738300000007,188.27577300000007,0.38287353515625
239.07633471488953,262.945387,75.55562299999997,187.389764,0.38287353515625
239.7003972530365,263.62011299999983,75.24925900000005,188.37085399999978,0.38287353515625
239.84314727783203,263.7243310000001,75.20531300000016,188.51901799999996,0.38287353515625
