walltime(s),cputime(s),systime(s),usertime(s),memory(GB)
147.42906737327576,157.51703600000002,43.279644000000005,114.237392,0.3378410339355469
151.5566544532776,161.86899400000001,44.95096300000001,116.91803100000001,0.3378410339355469
151.8748185634613,162.31111800000002,43.99596799999999,118.31515000000002,0.3378410339355469
151.80397272109985,162.19051900000005,44.29490700000002,117.89561200000003,0.3378410339355469
153.36092805862427,163.567755,44.326362999999986,119.24139200000002,0.3378410339355469
146.19188523292542,156.5832330000001,42.35631600000002,114.22691700000007,0.3378410339355469
142.21578931808472,152.27695299999993,41.78535599999998,110.49159699999996,0.3378410339355469
141.3673632144928,151.45090300000004,40.39056000000005,111.06034299999999,0.3378410339355469
145.26280093193054,155.89161000000001,42.251934000000006,113.63967600000001,0.3378410339355469
148.01027488708496,158.71734400000008,42.380877,116.33646700000008,0.3378410339355469
147.72869181632996,158.20493199999993,42.040865,116.16406699999993,0.3378410339355469
147.08212685585022,157.55500700000016,42.07298700000001,115.48202000000015,0.3378410339355469
141.63862133026123,152.16082499999993,41.01706300000001,111.14376199999992,0.3378410339355469
140.19409012794495,150.71439800000007,40.46116400000005,110.25323400000002,0.3378410339355469
145.34542608261108,155.93144700000005,41.64392699999996,114.28752000000009,0.3378410339355469
143.62671875953674,154.23898500000007,41.35111100000006,112.88787400000001,0.3378410339355469
145.22559332847595,155.56645100000003,42.76871900000003,112.797732,0.3378410339355469
148.73124170303345,158.96908699999994,43.29560599999991,115.67348100000004,0.3378410339355469
155.3296024799347,165.2265359999999,45.374371999999994,119.8521639999999,0.3378410339355469
156.2041437625885,166.41179699999986,45.755221000000006,120.65657599999986,0.3378410339355469
152.0610363483429,162.65365499999973,44.158908,118.49474699999973,0.3378410339355469
154.3960084915161,164.98950799999966,43.89777400000003,121.09173399999963,0.3378410339355469
153.2177860736847,163.58475899999985,43.894600999999966,119.69015799999988,0.3378410339355469
153.88766407966614,164.57566699999995,44.5121969999999,120.06347000000005,0.3378410339355469
