walltime(s),cputime(s),systime(s),usertime(s),memory(GB)
1874.7412977218628,2058.871776,542.528043,1516.343733,1.79144287109375
