walltime(s),cputime(s),systime(s),usertime(s),memory(GB)
1271.5799036026,1396.794731,430.479718,966.3150129999999,1.0556678771972656
1271.3405032157898,1394.00639,423.65263899999997,970.3537510000001,1.05706787109375
