walltime(s),cputime(s),systime(s),usertime(s),memory(GB)
1063.7733221054077,1169.792135,321.501898,848.2902369999999,0.9942893981933594
1119.8914186954498,1231.919819,347.985347,883.9344719999999,1.0053787231445312
1118.8728349208832,1230.515989,349.550351,880.9656379999999,1.0062828063964844
