walltime(s),cputime(s),systime(s),usertime(s),memory(GB)
217.96519136428833,231.19532400000003,65.823998,165.371326,0.47287750244140625
225.1655194759369,239.159221,66.98553899999999,172.173682,0.47492218017578125
225.41364073753357,239.53879199999997,67.11087999999998,172.427912,0.4750480651855469
225.01959371566772,239.34670700000004,66.477621,172.86908600000004,0.4750480651855469
221.09445095062256,235.38848900000005,66.42678599999999,168.96170300000006,0.4750480651855469
220.00430297851562,233.99485800000002,65.10290999999995,168.89194800000007,0.4750480651855469
219.20660853385925,233.3914999999999,65.43140499999998,167.9600949999999,0.4750480651855469
218.3359570503235,232.79143,65.15273000000002,167.63869999999997,0.4750480651855469
216.23600697517395,231.32036700000015,64.26415499999996,167.0562120000002,0.4750480651855469
216.26612043380737,231.41925300000014,64.05215800000008,167.36709500000006,0.4750480651855469
215.99933624267578,230.960191,63.85943499999996,167.10075600000005,0.4750480651855469
213.9129180908203,229.19672100000003,62.681387000000086,166.51533399999994,0.4750480651855469
214.8267946243286,229.70846600000027,63.57926599999996,166.1292000000003,0.4750480651855469
217.16617488861084,232.7500460000001,63.784509999999955,168.96553600000016,0.4750480651855469
216.7111942768097,231.99070199999983,63.49819000000002,168.4925119999998,0.4750480651855469
217.45987391471863,232.1584170000002,64.16128600000013,167.99713100000008,0.4750480651855469
