walltime(s),cputime(s),systime(s),usertime(s),memory(GB)
989.1391425132751,1085.515102,287.0299,798.4852020000001,1.0895767211914062
989.7792723178864,1086.031827,290.79664499999996,795.235182,1.0977935791015625
985.9710125923157,1081.711436,287.53604000000007,794.1753960000001,1.0981292724609375
