walltime(s),cputime(s),systime(s),usertime(s),memory(GB)
227.14062333106995,248.851652,74.01916299999999,174.832489,0.34021759033203125
229.75556921958923,251.45461399999996,73.566045,177.88856899999996,0.3410148620605469
229.99314427375793,251.70323799999994,73.45680199999998,178.24643599999996,0.3410148620605469
229.46987295150757,251.129381,72.82529300000002,178.30408799999998,0.3410148620605469
229.92688083648682,251.62125699999996,73.122008,178.49924899999996,0.3410148620605469
229.877370595932,251.56593600000014,73.127409,178.43852700000014,0.3410148620605469
230.039701461792,251.74095799999998,74.16324999999995,177.57770800000003,0.3410148620605469
229.98616886138916,251.69228499999986,73.244418,178.44786699999986,0.3410148620605469
229.83464241027832,251.4616329999999,71.8606749999999,179.600958,0.3410148620605469
229.76595950126648,251.42893000000015,72.752838,178.67609200000015,0.3410148620605469
221.0015676021576,241.10751800000014,71.82157100000006,169.28594700000008,0.3410148620605469
230.06723952293396,251.52524700000015,71.69846999999993,179.82677700000022,0.3410148620605469
230.2316014766693,251.732488,72.38477,179.347718,0.3410148620605469
230.19873476028442,251.68851499999982,72.79143199999999,178.89708299999984,0.3410148620605469
230.29207396507263,251.797235,72.36211000000003,179.43512499999997,0.3410148620605469
