walltime(s),cputime(s),systime(s),usertime(s),memory(GB)
391.96946716308594,423.906747,115.226343,308.680404,0.7392654418945312
397.3475868701935,430.58211800000004,115.203811,315.378307,0.7467041015625
386.5777359008789,418.6923049999999,111.69989899999999,306.99240599999996,0.7478523254394531
386.19071650505066,417.87392300000005,111.146863,306.72706000000005,0.7478523254394531
424.01518273353577,457.3621640000001,123.49648000000002,333.8656840000001,0.7478981018066406
439.6448640823364,473.6583730000001,128.26187599999992,345.3964970000002,0.7478981018066406
446.8987526893616,480.847761,130.80044199999998,350.047319,0.7478981018066406
465.8887963294983,500.2069970000001,135.89394600000003,364.3130510000001,0.7478981018066406
