walltime(s),cputime(s),systime(s),usertime(s),memory(GB)
612.6151809692383,660.04835,183.62352099999998,476.424829,1.0596656799316406
616.5427603721619,664.302471,184.543179,479.759292,1.0691757202148438
614.1296832561493,661.721794,181.376999,480.3447950000001,1.0691757202148438
623.4672341346741,671.812206,185.61700299999995,486.195203,1.0691757202148438
625.1541602611542,673.5016740000001,184.80981300000008,488.691861,1.0691757202148438
