walltime(s),cputime(s),systime(s),usertime(s),memory(GB)
736.0437512397766,784.1842760000001,196.290121,587.8941550000001,1.130950927734375
759.2772078514099,809.0025170000001,194.620445,614.3820720000001,1.409393310546875
770.2166204452515,819.249716,196.18943699999994,623.060279,1.409393310546875
812.381992816925,860.76801,208.12264200000004,652.645368,1.409393310546875
