walltime(s),cputime(s),systime(s),usertime(s),memory(GB)
2127.0505607128143,2289.320858,636.441721,1652.8791370000001,2.977100372314453
