walltime(s),cputime(s),systime(s),usertime(s),memory(GB)
159.01140642166138,173.785714,43.595165,130.190549,0.3351478576660156
160.24255776405334,174.98558699999998,43.759433,131.22615399999998,0.3351783752441406
160.20031476020813,174.938865,43.67781099999999,131.261054,0.33518218994140625
160.42330312728882,175.189892,44.176878999999985,131.013013,0.3351860046386719
160.34220480918884,175.11324699999997,44.05758,131.05566699999997,0.3351898193359375
160.04707765579224,174.80956399999997,43.753581999999994,131.05598199999997,0.3351898193359375
160.59069633483887,175.36478999999997,43.483006000000046,131.88178399999993,0.33577728271484375
160.25537252426147,174.98274800000007,44.08634799999999,130.89640000000009,0.33577728271484375
160.3236105442047,175.07027400000004,43.34432800000002,131.72594600000002,0.33577728271484375
160.07885789871216,174.81072000000006,43.25232700000004,131.55839300000002,0.33577728271484375
160.33850765228271,175.11785799999996,44.00180499999999,131.11605299999997,0.33577728271484375
158.05760025978088,172.51782400000002,42.575266000000056,129.94255799999996,0.33577728271484375
160.0651354789734,174.83189700000014,43.192564999999945,131.6393320000002,0.33577728271484375
160.2055242061615,174.97617400000001,43.99916300000007,130.97701099999995,0.33577728271484375
160.18867015838623,174.95564799999988,43.11088399999994,131.84476399999994,0.33577728271484375
159.93356800079346,174.6715680000002,43.214991000000055,131.45657700000015,0.33577728271484375
160.1645131111145,174.91964799999994,43.711247999999955,131.20839999999998,0.33577728271484375
159.99352860450745,174.74717599999997,43.02475500000003,131.72242099999994,0.33577728271484375
159.91178965568542,174.64467499999978,43.350709999999935,131.29396499999984,0.33577728271484375
160.20896935462952,174.98399399999994,43.70716900000002,131.27682499999992,0.33577728271484375
160.05834102630615,174.80919700000027,42.84153700000002,131.96766000000025,0.33577728271484375
159.7138729095459,174.45126700000026,43.02579400000002,131.42547300000024,0.33577728271484375
