walltime(s),cputime(s),systime(s),usertime(s),memory(GB)
353.4609000682831,386.633923,101.658243,284.97568,0.4801139831542969
360.9524495601654,394.20993,103.249641,290.960289,0.4819297790527344
360.6660041809082,393.95727700000003,101.39195000000001,292.565327,0.4819297790527344
359.8794400691986,393.2334900000001,102.36226499999998,290.8712250000001,0.4819297790527344
358.3799707889557,391.7101699999999,102.804058,288.9061119999999,0.4819297790527344
356.1464157104492,389.053913,101.98657899999995,287.0673340000001,0.4819297790527344
360.7934470176697,394.0441030000002,102.01107000000002,292.03303300000016,0.4819297790527344
360.6124761104584,393.90412200000014,102.02668100000005,291.8774410000001,0.4819297790527344
358.58222675323486,391.795067,101.85925799999995,289.93580900000006,0.4819297790527344
360.41984391212463,393.8050860000001,102.68422699999996,291.1208590000001,0.4819297790527344
