walltime(s),cputime(s),systime(s),usertime(s),memory(GB)
485.23551416397095,536.258914,166.85307,369.405844,0.4827880859375
482.0616989135742,532.7846999999999,166.443533,366.3411669999999,0.4827880859375
441.5649845600128,491.49824600000005,163.271545,328.22670100000005,0.4827880859375
479.84400248527527,530.1905019999999,169.70560999999998,360.48489199999995,0.4827880859375
487.18901324272156,537.739986,170.20497799999998,367.53500800000006,0.4827880859375
487.67471528053284,538.241088,171.04185299999995,367.19923500000004,0.4827880859375
484.17778491973877,534.679975,170.05912200000012,364.6208529999999,0.4827880859375
