walltime(s),cputime(s),systime(s),usertime(s),memory(GB)
981.8250949382782,1075.593338,315.162847,760.430491,0.807525634765625
993.724000453949,1086.739193,313.74426399999993,772.994929,0.807525634765625
993.6504538059235,1087.9630839999998,313.60282099999995,774.3602629999998,0.807525634765625
