walltime(s),cputime(s),systime(s),usertime(s),memory(GB)
141.37086272239685,150.344738,38.244166,112.100572,0.3166999816894531
141.59814453125,150.56181899999999,38.858397000000004,111.70342199999999,0.3170890808105469
142.28619933128357,151.329433,38.976286,112.353147,0.3171119689941406
143.01689338684082,152.06432199999998,38.95379699999998,113.110525,0.3172760009765625
141.77775883674622,150.76324500000004,38.944368,111.81887700000004,0.3173103332519531
142.1715486049652,151.219926,38.67921999999999,112.540706,0.31732177734375
141.8336923122406,150.80116100000004,39.27493399999997,111.52622700000006,0.31735992431640625
141.69044518470764,150.59728600000005,38.75892299999998,111.83836300000007,0.3179168701171875
141.22176241874695,150.163903,39.25796700000001,110.905936,0.3179168701171875
142.46985936164856,151.46867799999995,38.62629100000004,112.84238699999992,0.3179168701171875
139.7262670993805,148.17250099999995,38.726789,109.44571199999996,0.3179168701171875
142.73641681671143,151.7437490000002,39.403639999999996,112.34010900000021,0.3179168701171875
141.45268869400024,150.390495,38.50022999999999,111.890265,0.3179283142089844
141.85356545448303,150.85541599999993,38.83618899999993,112.019227,0.3179283142089844
142.10516357421875,151.12750399999993,39.27407699999992,111.85342700000001,0.31801605224609375
139.5555784702301,148.26943700000004,38.13536099999999,110.13407600000005,0.31801605224609375
140.9650411605835,150.14288699999997,38.985067999999956,111.15781900000002,0.31801605224609375
142.34736275672913,151.3265490000001,39.54724699999997,111.77930200000014,0.31801605224609375
137.88106727600098,146.28977499999996,38.006131000000096,108.28364399999987,0.31801605224609375
143.06757998466492,152.03642700000034,38.660616000000005,113.37581100000034,0.31801605224609375
141.5449411869049,150.46965499999976,39.048963999999955,111.4206909999998,0.31801605224609375
138.44140338897705,147.40619000000027,38.033364000000006,109.37282600000026,0.31801605224609375
134.10805869102478,142.59375899999998,37.37037500000008,105.2233839999999,0.31801605224609375
142.64972853660583,151.6481610000002,39.05992600000002,112.58823500000017,0.31801605224609375
141.30406618118286,150.14547799999968,39.029236999999966,111.11624099999972,0.31801605224609375
