walltime(s),cputime(s),systime(s),usertime(s),memory(GB)
147.39825463294983,160.482527,37.816733,122.665794,0.3152198791503906
148.27488470077515,161.36353599999998,37.688365,123.67517099999999,0.31551361083984375
148.3236756324768,161.407151,38.036721,123.37043,0.315521240234375
148.25687456130981,161.318697,38.377201,122.94149599999997,0.3160285949707031
148.09053754806519,161.177944,37.63351300000002,123.54443099999997,0.316162109375
148.38789534568787,161.48685800000004,37.79162400000001,123.69523400000003,0.316162109375
148.28873682022095,161.34527499999993,37.26937100000001,124.07590399999992,0.3164825439453125
148.39063334465027,161.48151699999994,37.77977199999998,123.70174499999996,0.3164825439453125
147.96139121055603,161.02087099999994,37.41566,123.60521099999994,0.3164939880371094
147.93371629714966,160.96983499999993,37.42429599999997,123.54553899999996,0.3164939880371094
148.0776708126068,161.12544799999995,38.24258600000002,122.88286199999993,0.31650543212890625
148.2311782836914,161.29386500000015,37.97020200000003,123.32366300000012,0.31650543212890625
148.19755816459656,161.21991499999996,38.22711099999998,122.99280399999998,0.31650543212890625
148.52426028251648,161.64155600000015,39.04992600000003,122.59163000000012,0.31650543212890625
148.27495217323303,161.29068399999994,38.11568199999999,123.17500199999995,0.31650543212890625
148.4471549987793,161.51930800000002,38.34964200000002,123.169666,0.31650543212890625
148.58399438858032,161.63557400000025,38.32123300000001,123.31434100000024,0.31650543212890625
148.4007704257965,161.43103499999972,37.596721,123.83431399999972,0.31650543212890625
148.8836829662323,161.95668499999988,38.62176999999997,123.33491499999991,0.31650543212890625
148.56609964370728,161.62992800000006,38.39969300000007,123.230235,0.31650543212890625
148.4412224292755,161.49460600000032,39.00923599999999,122.48537000000033,0.31650543212890625
143.76968383789062,156.25299100000018,37.376787000000036,118.87620400000014,0.31650543212890625
148.80033159255981,161.86933699999997,38.861737999999946,123.00759900000003,0.31650543212890625
148.6998336315155,161.7735190000003,38.184040000000095,123.58947900000021,0.31650543212890625
