walltime(s),cputime(s),systime(s),usertime(s),memory(GB)
173441.58984208107,2616.5944200000004,802.706332,1813.8880880000002,1.7252311706542969
