walltime(s),cputime(s),systime(s),usertime(s),memory(GB)
544.2629976272583,597.982483,176.39581700000002,421.586666,0.4566307067871094
556.1306614875793,610.264467,180.54711999999998,429.717347,0.4566307067871094
555.3795390129089,609.582257,182.82846700000005,426.75379,0.4568214416503906
555.7415249347687,609.8761249999998,180.32026199999996,429.5558629999998,0.4580192565917969
556.6580626964569,610.8128900000002,182.34693300000004,428.4659570000001,0.45825958251953125
556.0624806880951,610.1316039999999,181.07457099999988,429.05703300000005,0.45825958251953125
