walltime(s),cputime(s),systime(s),usertime(s),memory(GB)
2060.6870551109314,2191.926798,634.370571,1557.556227,2.63916015625
