walltime(s),cputime(s),systime(s),usertime(s),memory(GB)
166.25886487960815,180.619687,6.64597,173.973717,1.7431373596191406
167.7731580734253,182.48550799999998,6.9032610000000005,175.582247,1.8170509338378906
167.69168877601624,182.86014099999994,7.2399580000000014,175.62018299999994,1.8170509338378906
168.08506846427917,183.376633,7.049494000000003,176.327139,1.8170509338378906
167.5518274307251,182.68284799999998,7.292120000000001,175.39072799999997,1.8170509338378906
168.4419240951538,183.51132700000005,7.026927000000001,176.48440000000005,1.8170509338378906
169.16691851615906,184.6662510000001,6.643687,178.0225640000001,1.8170509338378906
169.07854294776917,185.29707699999994,7.242030999999997,178.05504599999995,1.8170509338378906
169.013995885849,183.7575939999998,6.797820999999999,176.9597729999998,1.8170509338378906
169.22390604019165,183.74089499999997,6.428339999999999,177.31255499999997,1.8170509338378906
170.47495102882385,185.89167200000003,7.3851060000000075,178.50656600000002,1.8170509338378906
170.89567232131958,186.43782299999992,7.604628000000005,178.83319499999993,1.8170509338378906
170.78823232650757,186.35206700000003,7.515392000000006,178.836675,1.8170509338378906
170.5233669281006,186.57141599999977,7.554262999999992,179.01715299999978,1.8170509338378906
170.8522961139679,186.57273700000002,7.414197999999999,179.15853900000002,1.8170509338378906
170.93467020988464,187.01505300000014,7.665058999999999,179.34999400000015,1.8170509338378906
170.71774983406067,186.55638000000025,6.997579999999999,179.55880000000025,1.8170509338378906
170.9715769290924,186.06586400000032,7.083049000000003,178.9828150000003,1.8170509338378906
171.68951869010925,186.85622900000007,7.098696999999987,179.75753200000008,1.8170509338378906
168.18580412864685,182.59684200000027,6.7186550000000125,175.87818700000025,1.8170509338378906
171.2509298324585,186.38463600000003,7.376003999999995,179.00863200000003,1.8170509338378906
