walltime(s),cputime(s),systime(s),usertime(s),memory(GB)
468.5346829891205,513.1085089999999,148.543184,364.565325,0.4931221008300781
516.3164577484131,577.983728,228.89343900000003,349.090289,0.4931221008300781
477.35195326805115,521.8133049999999,145.793931,376.01937399999997,0.4931221008300781
477.4539999961853,522.1419260000001,145.01290400000005,377.1290220000001,0.4931221008300781
477.85721588134766,522.5913449999999,145.33216000000004,377.2591849999999,0.4931221008300781
478.221675157547,523.0066330000002,143.992256,379.0143770000002,0.4931221008300781
478.46532130241394,523.2828100000002,145.87024599999995,377.4125640000002,0.4931221008300781
