walltime(s),cputime(s),systime(s),usertime(s),memory(GB)
243.40805554389954,259.568492,65.45595900000001,194.11253299999998,0.47153472900390625
251.6922800540924,267.961403,66.475851,201.485552,0.47153472900390625
257.69580245018005,273.48215700000003,69.323385,204.158772,0.47153472900390625
259.4258887767792,275.367847,68.94564799999998,206.42219899999998,0.47153472900390625
260.04706025123596,275.9985729999999,70.31987699999996,205.67869599999995,0.47153472900390625
257.4964141845703,273.77562499999993,69.32259200000004,204.4530329999999,0.47153472900390625
248.5270025730133,264.537211,67.38845299999997,197.14875800000004,0.47153472900390625
240.78148126602173,257.5589299999999,64.96120199999996,192.59772799999996,0.47153472900390625
242.0624017715454,258.157321,66.194842,191.96247900000003,0.47153472900390625
250.62217473983765,267.07948499999986,67.31751399999996,199.7619709999999,0.47153472900390625
247.85020065307617,264.29640699999993,66.67923699999994,197.61717,0.47153472900390625
253.78221893310547,269.8491140000001,67.58696099999997,202.26215300000013,0.47153472900390625
258.6800158023834,274.6510700000001,68.90891600000009,205.74215400000003,0.47153472900390625
261.23048996925354,277.5470780000003,70.83472000000006,206.71235800000022,0.47153472900390625
