walltime(s),cputime(s),systime(s),usertime(s),memory(GB)
658.4038882255554,718.300607,180.990949,537.309658,0.7577972412109375
664.7520339488983,724.6098569999999,178.977134,545.6327229999999,0.7620010375976562
663.3758101463318,722.95021,178.50435099999999,544.4458589999999,0.7620010375976562
666.093847990036,726.002208,179.56640600000003,546.435802,0.7627639770507812
664.9386231899261,724.7726949999999,179.017247,545.7554479999999,0.7627639770507812
