walltime(s),cputime(s),systime(s),usertime(s),memory(GB)
220.8455502986908,243.17178,67.37118099999999,175.800599,0.355987548828125
221.43090057373047,243.822071,68.15321200000001,175.668859,0.35602569580078125
221.21132564544678,243.54851200000007,67.58215200000001,175.96636000000007,0.3560371398925781
221.4158434867859,243.72247900000002,67.22693100000004,176.49554799999999,0.3560523986816406
171087.21069955826,235.78865499999995,65.37486999999999,170.41378499999996,0.3560600280761719
218.4335150718689,240.46323699999994,66.126532,174.33670499999994,0.3560638427734375
214.7709503173828,236.40313800000013,66.302862,170.10027600000012,0.3560638427734375
195.74463272094727,215.46748300000024,59.06199400000003,156.40548900000022,0.3560638427734375
195.2868890762329,214.86877500000003,59.204016000000024,155.664759,0.3560638427734375
195.64190030097961,215.30521099999999,59.08671700000002,156.21849399999996,0.3560638427734375
194.79060912132263,214.18767000000014,58.39526699999999,155.79240300000015,0.3560638427734375
194.59527730941772,213.99779100000012,58.32536500000003,155.6724260000001,0.3560638427734375
194.37423968315125,213.72818300000017,57.92267900000002,155.80550400000016,0.3560638427734375
194.67047905921936,214.08533199999988,57.724860000000035,156.36047199999985,0.3560638427734375
194.54342103004456,214.00944300000026,57.46575599999994,156.54368700000032,0.3560638427734375
194.24136543273926,213.92141499999968,58.2267599999999,155.69465499999978,0.3560638427734375
194.36594414710999,214.0312929999999,57.337465999999836,156.69382700000006,0.3560638427734375
