walltime(s),cputime(s),systime(s),usertime(s),memory(GB)
2165.850200653076,2305.34986,659.7026930000001,1645.6471669999999,2.7502365112304688
