walltime(s),cputime(s),systime(s),usertime(s),memory(GB)
216.51284742355347,236.416089,62.828916,173.587173,0.32295989990234375
219.09359526634216,238.934626,62.127311,176.80731500000002,0.3238983154296875
218.81397914886475,238.67291599999993,62.24917699999999,176.42373899999996,0.32421112060546875
225.9604058265686,248.98411499999997,78.77953200000002,170.20458299999996,0.32421112060546875
217.45890617370605,237.366671,62.599058000000014,174.76761299999998,0.32421112060546875
217.41770124435425,237.1084600000001,60.432345,176.6761150000001,0.32421112060546875
214.7687964439392,233.97694500000006,61.77717200000001,172.19977300000005,0.32421112060546875
218.13285756111145,237.91945500000014,62.47023000000007,175.44922500000007,0.32421112060546875
218.74201703071594,238.58011099999976,62.59421999999995,175.9858909999998,0.32421112060546875
219.26833939552307,239.126306,62.16812500000003,176.95818099999997,0.32421112060546875
218.3536205291748,238.223024,62.97848099999999,175.24454300000002,0.32421112060546875
219.11480140686035,238.92435299999988,61.284762,177.63959099999988,0.32421112060546875
218.9617681503296,238.8001929999998,61.522130999999945,177.27806199999986,0.32421112060546875
219.07410788536072,238.96623100000022,62.29735500000004,176.66887600000018,0.32421112060546875
218.93981337547302,238.77529500000014,61.652530999999954,177.1227640000002,0.32421112060546875
218.93114495277405,238.78173600000014,60.92878399999995,177.8529520000002,0.32421112060546875
