walltime(s),cputime(s),systime(s),usertime(s),memory(GB)
1410.4168229103088,1511.38044,381.00018800000004,1130.380252,1.6882362365722656
1407.2256407737732,1510.760656,374.08687000000003,1136.6737859999998,1.6921577453613281
