walltime(s),cputime(s),systime(s),usertime(s),memory(GB)
1186.3220987319946,1267.066581,367.989706,899.076875,2.3432044982910156
1239.941213607788,1320.479307,377.825659,942.6536480000001,2.3432044982910156
