walltime(s),cputime(s),systime(s),usertime(s),memory(GB)
665.7821288108826,711.2808009999999,174.875558,536.4052429999999,0.9363059997558594
686.5665674209595,732.389529,177.39196199999998,554.9975670000001,1.0112495422363281
684.5992617607117,731.2428580000001,175.96772100000004,555.2751370000001,1.0112495422363281
672.0057799816132,719.8534440000001,172.38255400000003,547.47089,1.0112495422363281
683.6380755901337,732.7666800000001,174.83262000000002,557.93406,1.0112495422363281
