walltime(s),cputime(s),systime(s),usertime(s),memory(GB)
1086.311784029007,1156.991161,348.519319,808.4718419999999,1.6322059631347656
1120.725928068161,1195.0584219999998,352.35898899999995,842.6994329999999,1.6581954956054688
1103.0854432582855,1180.78436,344.20247300000005,836.581887,1.6581954956054688
