walltime(s),cputime(s),systime(s),usertime(s),memory(GB)
326.4820144176483,349.06315700000005,102.875493,246.187664,0.6726417541503906
327.60581064224243,349.795338,103.378079,246.41725900000003,0.6726417541503906
325.132568359375,348.10967299999993,102.45336299999997,245.65630999999996,0.6726417541503906
319.6504681110382,344.56631100000004,98.22054300000002,246.34576800000002,0.6726417541503906
321.88118839263916,346.96977799999996,98.494846,248.47493199999997,0.6726417541503906
325.32165122032166,350.63974500000006,100.41191900000001,250.22782600000005,0.6726417541503906
332.76128697395325,356.0319999999998,104.26819499999999,251.76380499999982,0.6726417541503906
336.69788336753845,359.06458199999986,106.19095400000003,252.87362799999983,0.6726417541503906
338.198513507843,360.07909800000004,106.75938600000006,253.31971199999998,0.6726417541503906
336.45280861854553,359.0018530000001,104.48705800000005,254.51479500000005,0.6726417541503906
