walltime(s),cputime(s),systime(s),usertime(s),memory(GB)
140.65991139411926,152.919637,37.299741000000004,115.619896,0.3115196228027344
142.3845899105072,154.697136,38.007669,116.689467,0.31179046630859375
141.27455854415894,153.598203,38.454497,115.14370600000001,0.311798095703125
142.09021830558777,154.399056,38.06412800000001,116.33492799999999,0.31244659423828125
135.2421624660492,147.32295600000003,36.655888000000004,110.66706800000003,0.31244659423828125
133.57867002487183,145.57340299999998,36.20325600000001,109.37014699999997,0.31244659423828125
131.77813816070557,143.74129699999997,35.81139400000001,107.92990299999997,0.31247711181640625
138.7904291152954,150.88687200000004,36.81194900000003,114.07492300000001,0.31247711181640625
136.17916202545166,148.25323800000007,36.362319000000014,111.89091900000005,0.31247711181640625
137.8926646709442,149.95431499999995,37.20638399999996,112.747931,0.31247711181640625
142.12241673469543,154.41621999999995,37.50608,116.91013999999996,0.31247711181640625
141.35224723815918,153.5407370000001,37.85133000000002,115.68940700000007,0.31247711181640625
141.7583041191101,153.99592999999982,37.890319999999974,116.10560999999984,0.31247711181640625
142.45150351524353,154.72187099999996,37.297469999999976,117.42440099999999,0.31247711181640625
140.49962329864502,152.71007900000006,36.857325999999944,115.85275300000012,0.31247711181640625
141.9775049686432,154.2619269999998,37.84493599999996,116.41699099999983,0.31247711181640625
136.5150501728058,148.5880810000001,36.02970099999993,112.55838000000017,0.3124961853027344
133.65300750732422,145.66482100000007,36.77930700000002,108.88551400000006,0.3124961853027344
131.26475930213928,143.2149099999997,36.124053,107.09085699999969,0.3124961853027344
138.2430498600006,150.34549299999992,36.8760309999999,113.46946200000002,0.3124961853027344
136.77735328674316,148.83691199999987,36.70317699999998,112.13373499999989,0.3124961853027344
137.78299236297607,149.8919920000004,36.35724700000003,113.53474500000038,0.3124961853027344
138.92853426933289,150.66440499999987,36.61207000000002,114.05233499999986,0.3124961853027344
141.48019123077393,153.73457799999994,37.55120999999997,116.18336799999997,0.3124961853027344
141.46416997909546,153.68304000000023,37.79672100000005,115.88631900000019,0.3124961853027344
