walltime(s),cputime(s),systime(s),usertime(s),memory(GB)
313.01474356651306,339.18703100000005,81.255256,257.931775,0.4754219055175781
314.0324740409851,340.28075699999994,82.64928299999998,257.63147399999997,0.4754219055175781
314.4594626426697,340.72565099999997,81.82530399999999,258.900347,0.4754219055175781
316.30707907676697,341.7149159999999,83.04116499999998,258.6737509999999,0.4754219055175781
317.9897177219391,343.7209730000001,82.75252499999999,260.9684480000001,0.4754219055175781
317.6035213470459,343.43666500000006,82.69228499999997,260.7443800000001,0.4754219055175781
318.42603158950806,344.3891540000001,84.03796399999999,260.3511900000001,0.4754219055175781
318.2079257965088,344.2042630000001,82.80693100000008,261.397332,0.4754219055175781
317.940954208374,343.87335300000007,82.89363500000002,260.97971800000005,0.4754219055175781
312.23896980285645,336.8876519999999,81.32034599999997,255.56730599999992,0.4754219055175781
316.52528047561646,342.3165489999999,81.51327500000002,260.8032739999999,0.4754219055175781
