walltime(s),cputime(s),systime(s),usertime(s),memory(GB)
719.523818731308,763.35641,194.158535,569.197875,0.935943603515625
686.5373728275299,735.5609870000001,177.35843699999998,558.2025500000001,1.0023231506347656
681.48122382164,732.3556580000001,173.24766699999998,559.1079910000001,1.0023231506347656
699.6296963691711,745.1127540000001,182.67236100000002,562.4403930000001,1.0023231506347656
688.2894036769867,734.8740400000002,179.58691700000008,555.2871230000001,1.0023231506347656
