walltime(s),cputime(s),systime(s),usertime(s),memory(GB)
297.1272203922272,326.92983,98.966106,227.96372399999998,0.3926811218261719
298.549476146698,328.432729,99.705557,228.727172,0.3926811218261719
293.55180621147156,322.99082899999996,98.29803000000001,224.69279899999998,0.3926811218261719
298.80275535583496,328.667115,99.766594,228.90052100000003,0.39269256591796875
298.74116253852844,328.60949899999986,98.854084,229.75541499999986,0.3927192687988281
299.1085274219513,329.019999,100.71125300000006,228.30874599999993,0.3927192687988281
298.70202803611755,328.557375,98.80508799999996,229.75228700000002,0.39272308349609375
298.8958704471588,328.78970800000025,99.25845600000002,229.53125200000022,0.392730712890625
298.8631422519684,328.7071510000002,100.20477199999993,228.50237900000025,0.3927574157714844
299.0681571960449,328.917695,100.01867600000003,228.89901899999995,0.3927574157714844
298.5157792568207,328.4421569999996,100.05327099999988,228.38888599999973,0.3927650451660156
299.5262038707733,329.898197,100.098747,229.79944999999998,0.39276885986328125
