walltime(s),cputime(s),systime(s),usertime(s),memory(GB)
2812.3048400878906,3078.910186,838.7359439999999,2240.174242,1.8198089599609375
