walltime(s),cputime(s),systime(s),usertime(s),memory(GB)
731.6072101593018,776.3357849999999,226.206474,550.1293109999999,1.4604072570800781
734.3472800254822,780.48078,225.099834,555.380946,1.4604072570800781
747.7543334960938,793.2768529999998,229.820876,563.4559769999998,1.4604072570800781
783.2368659973145,828.4169019999998,239.35447299999998,589.0624289999998,1.4604072570800781
