walltime(s),cputime(s),systime(s),usertime(s),memory(GB)
3026.8912436962128,3332.545064,1061.730658,2270.814406,2.1875381469726562
