walltime(s),cputime(s),systime(s),usertime(s),memory(GB)
213.99858331680298,229.656432,60.50186,169.154572,0.4701995849609375
219.5513050556183,236.00698099999997,63.063424999999995,172.94355599999997,0.4744071960449219
218.91384983062744,235.133859,62.34200799999999,172.791851,0.4745063781738281
219.08323097229004,235.14330199999998,61.757889000000006,173.38541299999997,0.4745140075683594
226.9206931591034,243.37961100000004,64.573838,178.80577300000004,0.4745292663574219
228.54972791671753,244.804175,65.32515699999999,179.479018,0.4745292663574219
235.1263861656189,251.6813160000002,65.91036500000001,185.7709510000002,0.47521209716796875
234.78878450393677,251.09126799999996,65.84025600000001,185.25101199999995,0.47521209716796875
233.8234612941742,250.42763400000007,65.74900199999996,184.6786320000001,0.47521209716796875
230.96128249168396,247.26268500000003,65.138957,182.12372800000003,0.47521209716796875
232.17207717895508,248.6702879999999,65.70360900000003,182.96667899999989,0.47521209716796875
233.1040997505188,249.60555899999974,65.64008999999999,183.96546899999976,0.47521209716796875
232.44036746025085,248.73574700000017,65.91587600000003,182.81987100000015,0.47521209716796875
232.53987097740173,248.78514999999993,65.15451800000005,183.63063199999988,0.47521209716796875
232.88016319274902,249.27681099999984,66.45140099999992,182.82540999999992,0.47521209716796875
