walltime(s),cputime(s),systime(s),usertime(s),memory(GB)
235.46418690681458,250.01852199999996,72.033217,177.98530499999998,0.5632514953613281
238.9133632183075,254.16519100000002,72.417147,181.74804400000002,0.5639610290527344
238.87350749969482,254.51152000000002,71.304217,183.20730300000002,0.5639610290527344
237.36420154571533,252.8948489999999,70.54620599999998,182.34864299999992,0.5639610290527344
238.0544559955597,253.61932500000006,71.55647700000003,182.06284800000003,0.5639610290527344
239.9850697517395,255.81887000000012,71.848907,183.96996300000012,0.5639610290527344
239.17819952964783,254.53300400000006,71.16094300000003,183.37206100000003,0.5639610290527344
237.72555565834045,253.122996,71.60006500000003,181.52293099999997,0.5639610290527344
240.66565108299255,256.19508800000006,72.13300900000002,184.06207900000004,0.5639610290527344
243.45353031158447,258.24722699999995,73.46425299999999,184.78297399999997,0.5639610290527344
242.68190026283264,257.23357099999987,73.8091599999999,183.42441099999996,0.5639610290527344
243.68444728851318,258.426159,73.48412399999995,184.94203500000003,0.5639610290527344
240.59421372413635,255.403685,73.74282599999992,181.66085900000007,0.5639610290527344
244.8998785018921,259.4312689999998,74.04754100000002,185.3837279999998,0.5639610290527344
242.8023660182953,257.7648280000001,73.85776499999997,183.9070630000001,0.5639610290527344
