walltime(s),cputime(s),systime(s),usertime(s),memory(GB)
181.83824801445007,199.794531,12.651766,187.142765,0.6591262817382812
191.98959589004517,212.04115500000003,13.686248,198.35490700000003,0.7667961120605469
192.98510479927063,213.35515200000006,13.435324000000001,199.91982800000005,0.7667961120605469
189.62437057495117,209.617453,12.762136000000005,196.855317,0.7667961120605469
185.98339676856995,205.11515099999994,12.520433999999995,192.59471699999995,0.7667961120605469
183.13655281066895,202.59052299999985,13.198446000000004,189.39207699999986,0.7667961120605469
183.47166514396667,202.82744999999983,12.962598999999997,189.86485099999982,0.7667961120605469
183.89550733566284,203.5733330000001,12.549416999999991,191.0239160000001,0.7667961120605469
180.98149490356445,200.307052,12.22316099999999,188.083891,0.7667961120605469
182.89782094955444,201.45228799999995,12.66867600000002,188.78361199999995,0.7667961120605469
186.17414355278015,205.553448,12.62630999999999,192.927138,0.7667961120605469
194.4604618549347,213.94954399999986,13.39131599999999,200.55822799999987,0.7667961120605469
200.68142986297607,220.4374259999999,14.611784999999998,205.8256409999999,0.7667961120605469
199.84419536590576,220.12699200000026,13.925864999999988,206.20112700000027,0.7667961120605469
202.1104233264923,224.11720100000025,14.771214999999984,209.34598600000027,0.7667961120605469
197.8823299407959,219.131509,14.590523000000019,204.54098599999998,0.7667961120605469
202.48272490501404,223.23409099999992,14.513188000000014,208.7209029999999,0.7667961120605469
202.96405577659607,225.9030669999999,15.414699999999982,210.48836699999993,0.7667961120605469
