walltime(s),cputime(s),systime(s),usertime(s),memory(GB)
131.93873119354248,141.824635,39.47945,102.345185,0.3507499694824219
131.94317841529846,142.108073,40.345597,101.76247599999999,0.3507499694824219
132.66402959823608,142.75569499999997,40.14161300000001,102.61408199999997,0.3507499694824219
132.488379240036,142.56620900000001,40.21041800000002,102.35579100000001,0.3507499694824219
131.61814165115356,141.73566500000007,40.19164900000001,101.54401600000006,0.3507499694824219
131.56178379058838,141.68451499999998,39.496735,102.18777999999998,0.3507499694824219
131.38246273994446,141.522084,39.75636400000002,101.76571999999999,0.3507499694824219
131.26211833953857,141.53247700000003,39.66645799999998,101.86601900000005,0.3507499694824219
131.25154757499695,141.58184999999997,39.181318999999974,102.400531,0.3507499694824219
131.20013642311096,141.448398,39.47126000000003,101.97713799999997,0.3507499694824219
131.15997123718262,141.42702599999996,39.39877899999999,102.02824699999996,0.3507499694824219
130.98893094062805,141.29106699999983,38.68826299999995,102.60280399999988,0.3507499694824219
130.28992319107056,140.707378,38.96441599999997,101.74296200000003,0.3507499694824219
130.16503977775574,140.47920899999986,39.20887599999992,101.27033299999994,0.3507499694824219
130.6247754096985,140.99629700000003,38.85603400000002,102.140263,0.3507499694824219
133.203861951828,143.3478560000001,40.67959500000006,102.66826100000003,0.3507499694824219
134.3245210647583,144.54031699999985,40.145043999999984,104.39527299999986,0.3507499694824219
134.17657041549683,144.37750800000015,40.517588000000046,103.8599200000001,0.3507499694824219
134.89249801635742,145.10763899999984,40.58265499999993,104.5249839999999,0.3507499694824219
134.8467411994934,144.86374899999998,41.163138000000004,103.70061099999998,0.3507499694824219
134.75090384483337,144.52299200000004,41.101395000000025,103.42159700000002,0.3507499694824219
137.5449573993683,146.92230099999972,42.71230200000002,104.2099989999997,0.3507499694824219
137.32396507263184,146.7844289999997,42.71185400000002,104.07257499999969,0.3507499694824219
138.08710885047913,147.4477370000002,43.15776200000005,104.28997500000014,0.3507499694824219
140.03929924964905,149.25161000000003,43.28686700000003,105.964743,0.3507499694824219
141.8641905784607,150.82036300000004,43.6853880000001,107.13497499999994,0.3507499694824219
