walltime(s),cputime(s),systime(s),usertime(s),memory(GB)
166.3834981918335,182.494277,54.884519,127.609758,0.2965354919433594
167.64662623405457,183.76887200000002,55.422056000000005,128.34681600000002,0.2967529296875
167.5890884399414,183.276949,55.218635000000006,128.058314,0.2969818115234375
167.97621250152588,184.05269899999996,55.24919699999998,128.80350199999998,0.29720306396484375
167.7992479801178,183.89655700000006,55.70448999999999,128.19206700000007,0.29720306396484375
167.7152762413025,183.615366,55.10926900000004,128.50609699999995,0.29721832275390625
167.961003780365,183.92253499999993,55.500714000000016,128.4218209999999,0.29721832275390625
167.92667293548584,183.9992170000001,55.58247,128.4167470000001,0.29721832275390625
167.7693588733673,183.95507300000008,56.458392,127.49668100000008,0.29721832275390625
167.6638126373291,183.37708199999986,54.30632600000001,129.07075599999985,0.2972259521484375
167.94058990478516,184.04740200000003,55.65443300000004,128.392969,0.2972679138183594
167.85510230064392,183.925922,54.25340100000005,129.67252099999996,0.2972679138183594
167.71513962745667,183.41553,55.10846700000002,128.30706299999997,0.297271728515625
167.77247262001038,183.89639699999987,55.837537,128.05885999999987,0.297271728515625
167.78400087356567,183.94359899999995,55.47764099999995,128.465958,0.2972755432128906
167.40233159065247,183.1856610000002,54.747174000000086,128.43848700000012,0.2972755432128906
167.90890312194824,184.0190789999998,55.65477599999997,128.36430299999984,0.2972755432128906
167.7843942642212,183.85023500000034,55.693831000000046,128.1564040000003,0.29727935791015625
167.81558203697205,183.88583900000026,54.845462,129.04037700000026,0.2973213195800781
167.85582756996155,183.5168490000001,55.04051699999991,128.47633200000018,0.2973213195800781
163.83748745918274,178.79829500000005,54.81983799999989,123.97845700000016,0.2973213195800781
