walltime(s),cputime(s),systime(s),usertime(s),memory(GB)
210.09728360176086,229.119009,60.843737,168.275272,0.32122802734375
213.20462465286255,232.42792200000002,59.846368999999996,172.581553,0.3222618103027344
212.2170970439911,231.42667300000005,59.34669100000001,172.07998200000003,0.3222618103027344
205.18795776367188,224.408248,60.164860000000004,164.24338799999998,0.3222618103027344
215.1215786933899,236.26375399999995,62.881122000000005,173.38263199999994,0.3222618103027344
214.05966544151306,234.31389499999995,60.70421300000004,173.6096819999999,0.3222923278808594
213.27121424674988,232.48740900000018,58.577544999999986,173.9098640000002,0.32257843017578125
212.85792541503906,232.04927100000003,58.61128200000002,173.43798900000002,0.32257843017578125
212.78909492492676,231.98368200000021,59.42967100000004,172.55401100000017,0.32257843017578125
212.76312971115112,231.96173099999987,59.08462899999995,172.87710199999992,0.3226776123046875
212.95387744903564,232.15194400000007,60.1676040000001,171.98433999999997,0.3226776123046875
213.28919863700867,232.9245000000002,60.574220999999966,172.35027900000023,0.3226776123046875
212.6538062095642,231.86028699999997,59.14293399999997,172.717353,0.3226776123046875
213.0451958179474,232.25984800000003,59.11770899999999,173.14213900000004,0.3226776123046875
212.65103435516357,231.90157000000022,59.265713000000005,172.63585700000021,0.3226776123046875
212.05002427101135,231.28145300000017,60.35880899999995,170.92264400000022,0.3226776123046875
