walltime(s),cputime(s),systime(s),usertime(s),memory(GB)
228.33926653862,242.11664100000002,70.529329,171.587312,0.4744758605957031
234.26271080970764,248.134884,70.511296,177.62358799999998,0.4761199951171875
232.85304522514343,247.23333000000005,70.41994200000002,176.81338800000003,0.47728729248046875
228.5766363143921,243.33572500000005,69.72132200000001,173.61440300000004,0.47728729248046875
227.67684984207153,243.43718799999994,67.897359,175.53982899999994,0.47728729248046875
225.69352912902832,241.0796420000001,67.68637700000005,173.39326500000004,0.47728729248046875
229.94275999069214,245.352189,69.54531400000002,175.806875,0.47728729248046875
229.1048424243927,244.64460000000014,69.053559,175.59104100000013,0.47728729248046875
228.40022945404053,244.4185550000002,67.65131900000006,176.76723600000014,0.47728729248046875
231.49527740478516,246.67121500000007,69.58047499999998,177.0907400000001,0.47728729248046875
234.66129350662231,249.42025899999987,70.15005099999996,179.2702079999999,0.47728729248046875
233.99650931358337,248.61142499999983,70.2475179999999,178.36390699999993,0.47728729248046875
232.87224793434143,247.9688789999998,70.15903099999991,177.80984799999987,0.47728729248046875
230.5545153617859,245.67135399999972,68.641573,177.02978099999973,0.47728729248046875
229.74996757507324,245.15284599999995,69.63110099999994,175.521745,0.47728729248046875
