walltime(s),cputime(s),systime(s),usertime(s),memory(GB)
1082.910983800888,1153.982087,346.975119,807.006968,1.7326507568359375
1082.3760180473328,1158.9771,338.80115099999995,820.1759490000001,1.7326507568359375
1117.0889279842377,1192.031126,345.3734199999999,846.6577060000002,1.7326507568359375
