walltime(s),cputime(s),systime(s),usertime(s),memory(GB)
165.93061208724976,182.852683,8.123047,174.729636,1.7519302368164062
163.94930458068848,180.01542999999998,8.080307000000001,171.93512299999998,1.8113517761230469
165.84430146217346,182.69302800000003,8.411701999999998,174.28132600000004,1.8113517761230469
161.53857707977295,177.86520799999997,8.402255,169.46295299999997,1.8113517761230469
161.37829113006592,178.11431499999998,8.312480999999998,169.80183399999999,1.8113517761230469
160.24781489372253,176.9520560000001,7.962640999999998,168.98941500000012,1.8113517761230469
165.04267287254333,182.418233,8.607841999999998,173.81039099999998,1.8113517761230469
158.46211528778076,174.44458299999994,7.487649999999995,166.95693299999994,1.8113517761230469
149.51693868637085,164.05430100000018,6.735116999999988,157.31918400000018,1.8113517761230469
161.66376280784607,177.34486099999998,7.580444999999997,169.76441599999998,1.8113517761230469
164.9503095149994,180.92453999999998,8.030837000000005,172.89370299999996,1.8113517761230469
164.91026663780212,181.04875999999996,7.950802999999993,173.09795699999995,1.8113517761230469
164.02377820014954,180.24159999999992,7.988374999999991,172.25322499999993,1.8113517761230469
166.34567832946777,183.66922999999986,8.894271000000003,174.77495899999985,1.8113517761230469
167.68078708648682,184.70446200000032,9.098686,175.60577600000033,1.8113517761230469
162.75857734680176,178.84237499999972,8.06145100000002,170.7809239999997,1.8113517761230469
165.476309299469,182.347375,8.343015999999977,174.00435900000002,1.8113517761230469
164.13043546676636,180.29586999999984,7.962730999999991,172.33313899999985,1.8113517761230469
166.6162748336792,184.10430400000033,9.037338000000005,175.06696600000032,1.8113517761230469
166.30588817596436,183.33141799999993,8.911408999999992,174.42000899999994,1.8113517761230469
164.88712787628174,181.87833200000003,8.839166000000006,173.03916600000002,1.8113517761230469
165.33130145072937,181.4584260000002,8.097910000000013,173.3605160000002,1.8113517761230469
