walltime(s),cputime(s),systime(s),usertime(s),memory(GB)
2037.5993058681488,2233.568771,539.575151,1693.99362,1.7226715087890625
