walltime(s),cputime(s),systime(s),usertime(s),memory(GB)
343.23610854148865,374.45602,91.95042600000001,282.50559400000003,0.47748565673828125
345.00147438049316,376.203565,91.45114600000001,284.75241900000003,0.4782371520996094
345.0681700706482,376.11718300000007,91.68060300000002,284.43658000000005,0.4782371520996094
344.28444147109985,375.414262,91.23815300000001,284.176109,0.4782371520996094
345.0472090244293,376.26218999999986,92.964451,283.29773899999986,0.4782371520996094
344.67087483406067,375.89113499999996,91.30823399999997,284.582901,0.4782371520996094
344.75032353401184,375.89677300000005,91.10050100000001,284.79627200000004,0.4782371520996094
345.33397793769836,376.4873509999999,90.76078300000006,285.7265679999998,0.4782371520996094
339.01232957839966,369.3813919999998,89.96495400000003,279.41643799999974,0.4782371520996094
346.1961159706116,377.44170399999996,92.22171300000002,285.21999099999994,0.4782371520996094
