walltime(s),cputime(s),systime(s),usertime(s),memory(GB)
645.8923156261444,689.988715,165.898012,524.090703,0.8456687927246094
633.1229734420776,679.547771,158.46513499999998,521.082636,0.9827423095703125
642.785623550415,686.5411119999999,163.665543,522.8755689999998,0.9887237548828125
643.3989877700806,687.8174590000001,164.63989699999996,523.1775620000001,0.9887237548828125
627.1490614414215,672.0649509999997,158.57260299999996,513.4923479999998,0.9887237548828125
