walltime(s),cputime(s),systime(s),usertime(s),memory(GB)
2108.5347578525543,2303.410673,576.390279,1727.020394,1.7431640625
