walltime(s),cputime(s),systime(s),usertime(s),memory(GB)
671.9108633995056,719.8761529999999,157.00807899999998,562.868074,1.7296485900878906
690.3406224250793,738.8314560000001,158.27528999999998,580.5561660000001,2.0938796997070312
699.5592768192291,746.2370619999999,162.28164599999997,583.955416,2.0938796997070312
695.091347694397,742.9933870000002,159.938829,583.0545580000003,2.096923828125
687.6789674758911,736.6821570000001,156.66558999999995,580.0165670000001,2.096923828125
