walltime(s),cputime(s),systime(s),usertime(s),memory(GB)
131.20251941680908,139.04766,38.423759999999994,100.6239,0.3445892333984375
130.87538170814514,138.65858,37.222260000000006,101.43632,0.3445892333984375
128.223867893219,136.06838900000002,36.56468600000001,99.503703,0.3445892333984375
128.12909126281738,136.692653,35.55519199999999,101.13746100000003,0.3445892333984375
127.26986908912659,136.23489500000002,36.27488100000002,99.960014,0.3445892333984375
130.2538640499115,139.778542,36.121076999999985,103.657465,0.3445892333984375
128.87814855575562,137.57366299999995,35.89308699999998,101.68057599999997,0.3445892333984375
129.866637468338,138.45950000000005,36.21220000000005,102.2473,0.3445892333984375
130.95077753067017,140.00291900000002,36.230458,103.77246100000002,0.3445892333984375
132.97584462165833,142.27986699999997,37.58737099999996,104.692496,0.3445892333984375
134.14899015426636,143.00568499999991,37.787049999999965,105.21863499999995,0.3445892333984375
137.0442214012146,145.53472600000003,39.01186000000001,106.52286600000002,0.3445892333984375
137.51492977142334,145.9545529999998,39.466049999999996,106.48850299999981,0.3445892333984375
137.8487992286682,146.72058199999992,39.04589899999996,107.67468299999996,0.3445892333984375
138.05637192726135,145.90189500000008,39.570080000000075,106.331815,0.3445892333984375
139.65480017662048,148.13412600000004,40.31201599999997,107.82211000000007,0.3445892333984375
139.79584431648254,148.24240699999996,40.06554600000004,108.17686099999992,0.3445892333984375
138.02148485183716,146.310387,39.54345699999999,106.76693,0.3445892333984375
136.64493560791016,144.57054100000005,38.64078900000004,105.92975200000001,0.3445892333984375
138.45787239074707,146.841948,40.078862999999956,106.76308500000005,0.3445892333984375
138.72120094299316,147.50277600000004,39.79587900000001,107.70689700000003,0.3445892333984375
137.16380381584167,144.9833850000001,39.66085200000009,105.32253300000002,0.3445892333984375
137.81097173690796,146.02615300000002,39.45904399999995,106.56710900000007,0.3445892333984375
136.60265636444092,145.16729099999998,38.65557899999999,106.51171199999999,0.3445892333984375
137.1592128276825,145.6571859999998,39.27562599999999,106.38155999999981,0.3445892333984375
138.01412725448608,146.87170700000001,38.98594600000001,107.885761,0.3445892333984375
