walltime(s),cputime(s),systime(s),usertime(s),memory(GB)
182.7586317062378,201.330201,13.306683000000001,188.023518,0.6733779907226562
181.61446237564087,199.25013,12.605513,186.644617,0.7820243835449219
181.3784818649292,199.23923100000002,12.760645,186.478586,0.7820243835449219
181.7257115840912,200.12824299999994,12.525691000000002,187.60255199999995,0.7820243835449219
183.21198105812073,202.46879300000006,12.718057000000002,189.75073600000007,0.7820243835449219
183.42395663261414,202.22899399999994,13.140753000000004,189.08824099999993,0.7820243835449219
182.8643708229065,201.04702800000015,12.274665999999996,188.77236200000016,0.7820243835449219
180.26692175865173,197.7587249999999,12.186188999999999,185.5725359999999,0.7820243835449219
182.12839770317078,199.954546,13.308295999999999,186.64625,0.7820243835449219
184.9618377685547,203.95606800000002,12.752680999999995,191.20338700000002,0.7820243835449219
183.8280429840088,201.555047,12.84512500000001,188.709922,0.7820243835449219
183.13855862617493,200.82000899999997,12.647362999999984,188.172646,0.7820243835449219
182.04345560073853,199.91478299999991,12.557215000000014,187.3575679999999,0.7820243835449219
181.9950189590454,200.23645400000018,12.84388199999998,187.3925720000002,0.7820243835449219
182.7220070362091,201.87387099999992,13.382494999999977,188.49137599999995,0.7820243835449219
180.986177444458,199.3610509999997,12.604583999999988,186.7564669999997,0.7820243835449219
182.6918830871582,200.86132199999983,12.437128999999999,188.42419299999983,0.7820243835449219
181.63587760925293,198.88671000000002,12.698008999999985,186.18870100000004,0.7820243835449219
182.7644600868225,200.82193699999974,12.875008000000008,187.94692899999973,0.7820243835449219
