walltime(s),cputime(s),systime(s),usertime(s),memory(GB)
217.53232049942017,236.043335,16.32186,219.721475,0.6825370788574219
218.05202770233154,236.931469,15.924646,221.006823,0.7896385192871094
218.29309487342834,237.35180199999996,15.939103000000003,221.41269899999998,0.7924385070800781
218.77993249893188,238.33461,16.664617000000007,221.66999299999998,0.7960624694824219
218.557133436203,236.54753100000005,15.285028000000011,221.26250300000004,0.7960624694824219
219.003315448761,237.74208600000003,15.615482,222.12660400000004,0.7960624694824219
213.60414695739746,232.14489199999997,16.11904,216.025852,0.7960624694824219
217.49578261375427,235.8893800000002,15.552640000000011,220.3367400000002,0.7960624694824219
217.78639197349548,236.97640600000008,15.99106900000001,220.98533700000007,0.7960624694824219
218.11700773239136,237.1584100000002,15.985347000000019,221.17306300000018,0.7960624694824219
217.3676164150238,236.51128999999997,15.920505999999989,220.59078399999999,0.7960624694824219
217.04145002365112,234.88073599999993,15.085453000000001,219.79528299999993,0.7960624694824219
217.23229455947876,235.88798799999964,14.911835000000025,220.9761529999996,0.7960624694824219
217.4950408935547,236.26750800000013,15.454746999999998,220.81276100000014,0.7960624694824219
217.08339619636536,235.85525000000013,15.971700999999996,219.88354900000013,0.7960624694824219
216.8998429775238,235.03682399999968,15.087531000000013,219.94929299999967,0.7960624694824219
