walltime(s),cputime(s),systime(s),usertime(s),memory(GB)
711.7444398403168,779.0120400000001,206.494274,572.517766,0.7540092468261719
723.0734753608704,790.3636979999999,207.574037,582.7896609999999,0.7591896057128906
717.3610908985138,784.0394599999998,206.10994100000005,577.9295189999998,0.7591896057128906
720.2286117076874,787.3985000000001,205.19516899999996,582.2033310000002,0.7591896057128906
