walltime(s),cputime(s),systime(s),usertime(s),memory(GB)
1.9273853302001953,1.9273749999999996,0.0,1.9273749999999996,0.19080352783203125
1.9002776145935059,1.9002599999999994,0.0,1.9002599999999994,0.19080352783203125
1.8956387042999268,1.8956470000000003,0.0,1.8956470000000003,0.19080352783203125
1.9000258445739746,1.9000240000000002,0.0,1.9000240000000002,0.19080352783203125
2.0494112968444824,2.049422,0.0,2.049422,0.19080352783203125
1.89998197555542,1.8999739999999985,0.0,1.8999739999999985,0.19080352783203125
1.8969097137451172,1.8969179999999994,0.0,1.8969179999999994,0.19080352783203125
1.8995721340179443,1.8995730000000002,0.0,1.8995730000000002,0.19080352783203125
1.892836093902588,1.8928449999999977,0.0,1.8928449999999977,0.19080352783203125
1.9016809463500977,1.900262999999999,0.0,1.900262999999999,0.19080352783203125
1.9045796394348145,1.9045690000000022,0.0,1.9045690000000022,0.19080352783203125
1.9067864418029785,1.9067669999999985,0.0,1.9067669999999985,0.19080352783203125
1.8990724086761475,1.8990790000000004,0.0,1.8990790000000004,0.19080352783203125
1.9061791896820068,1.9061780000000006,0.0,1.9061780000000006,0.19080352783203125
1.9018638134002686,1.9018409999999975,0.0,1.9018409999999975,0.19080352783203125
1.8987011909484863,1.8987100000000012,0.0,1.8987100000000012,0.19080352783203125
1.8972649574279785,1.897248999999995,0.0,1.897248999999995,0.19080352783203125
1.8988728523254395,1.8988799999999983,0.0,1.8988799999999983,0.19080352783203125
1.8965158462524414,1.8965160000000054,0.0,1.8965160000000054,0.19080352783203125
1.9007225036621094,1.9007140000000007,0.0,1.9007140000000007,0.19080352783203125
1.897979974746704,1.897980000000004,0.0,1.897980000000004,0.19080352783203125
1.8994665145874023,1.8994749999999954,0.0,1.8994749999999954,0.19080352783203125
1.8966031074523926,1.896581999999995,0.0,1.896581999999995,0.19080352783203125
1.897242546081543,1.8972510000000042,0.0,1.8972510000000042,0.19080352783203125
1.8942325115203857,1.8942089999999965,0.0,1.8942089999999965,0.19080352783203125
1.8969826698303223,1.8969919999999973,0.0,1.8969919999999973,0.19080352783203125
1.8956992626190186,1.8956969999999984,0.0,1.8956969999999984,0.19080352783203125
1.8997139930725098,1.899706000000002,0.0,1.899706000000002,0.19080352783203125
1.8950698375701904,1.8950689999999994,0.0,1.8950689999999994,0.19080352783203125
1.8996233940124512,1.8996309999999994,0.0,1.8996309999999994,0.19080352783203125
