walltime(s),cputime(s),systime(s),usertime(s),memory(GB)
1005.4144401550293,1005.4074469999999,0.0,1005.4074469999999,0.1958465576171875
1005.9714546203613,1005.961335,0.0,1005.961335,0.1958465576171875
904.9873807430267,904.982692,0.0,904.982692,0.1958465576171875
