walltime(s),cputime(s),systime(s),usertime(s),memory(GB)
26.834805250167847,26.834688999999997,0.0,26.834688999999997,0.19469451904296875
26.806267261505127,26.806174000000002,0.0,26.806174000000002,0.19469451904296875
26.824093103408813,26.82397499999999,0.0,26.82397499999999,0.19469451904296875
26.807377099990845,26.807270000000003,0.0,26.807270000000003,0.19469451904296875
26.81312108039856,26.813019999999995,0.0,26.813019999999995,0.19469451904296875
26.79373288154602,26.79362599999999,0.0,26.79362599999999,0.19469451904296875
26.820062398910522,26.819965999999994,0.0,26.819965999999994,0.19469451904296875
26.794322729110718,26.794238000000007,0.0,26.794238000000007,0.19469451904296875
26.804807901382446,26.804741999999976,0.0,26.804741999999976,0.19469451904296875
26.7936270236969,26.79354299999997,0.0,26.79354299999997,0.19469451904296875
26.81070637702942,26.81060100000002,0.0,26.81060100000002,0.19469451904296875
26.811692476272583,26.811607000000038,0.0,26.811607000000038,0.19469451904296875
26.81095790863037,26.810873000000015,0.0,26.810873000000015,0.19469451904296875
26.789035320281982,26.78895,0.0,26.78895,0.19469451904296875
26.80494475364685,26.804849999999988,0.0,26.804849999999988,0.19469451904296875
26.792388916015625,26.792294999999967,0.0,26.792294999999967,0.19469451904296875
26.812987565994263,26.81291600000003,0.0,26.81291600000003,0.19469451904296875
26.79304790496826,26.792962000000045,0.0,26.792962000000045,0.19469451904296875
26.80240225791931,26.802324,0.0,26.802324,0.19469451904296875
26.80085301399231,26.80075899999997,0.0,26.80075899999997,0.19469451904296875
26.820708990097046,26.820618999999965,0.0,26.820618999999965,0.19469451904296875
26.80300760269165,26.80291100000011,0.0,26.80291100000011,0.19469451904296875
26.808041095733643,26.80796200000009,0.0,26.80796200000009,0.19469451904296875
26.80069637298584,26.80058699999995,0.0,26.80058699999995,0.19469451904296875
26.8145592212677,26.81448899999998,0.0,26.81448899999998,0.19469451904296875
26.803163528442383,26.803084000000013,0.0,26.803084000000013,0.19469451904296875
26.81656289100647,26.81647899999996,0.0,26.81647899999996,0.19469451904296875
26.80434536933899,26.804246000000035,0.0,26.804246000000035,0.19469451904296875
26.821370840072632,26.821263000000044,0.0,26.821263000000044,0.19469451904296875
26.81793713569641,26.81783800000005,0.0,26.81783800000005,0.19469451904296875
