walltime(s),cputime(s),systime(s),usertime(s),memory(GB)
0.7942543029785156,0.793882,0.0,0.793882,0.18744277954101562
0.7604339122772217,0.7604280000000001,0.0,0.7604280000000001,0.18744277954101562
0.7618026733398438,0.7617889999999994,0.0,0.7617889999999994,0.18744277954101562
0.7587528228759766,0.7587390000000003,0.0,0.7587390000000003,0.18744277954101562
0.7613077163696289,0.7613030000000007,0.0,0.7613030000000007,0.18744277954101562
0.7601323127746582,0.7601200000000006,0.0,0.7601200000000006,0.18744277954101562
0.7591202259063721,0.7591150000000013,0.0,0.7591150000000013,0.18744277954101562
0.7650623321533203,0.7650579999999998,0.0,0.7650579999999998,0.18744277954101562
0.7583882808685303,0.7583830000000003,0.0,0.7583830000000003,0.18744277954101562
0.764448881149292,0.764443,0.0,0.764443,0.18744277954101562
0.7604203224182129,0.760408,0.0,0.760408,0.18744277954101562
0.759443998336792,0.7594399999999997,0.0,0.7594399999999997,0.18744277954101562
0.7603650093078613,0.7603600000000004,0.0,0.7603600000000004,0.18744277954101562
0.7740535736083984,0.7740480000000005,0.0,0.7740480000000005,0.18744277954101562
0.763791561126709,0.7637870000000007,0.0,0.7637870000000007,0.18744277954101562
0.7585201263427734,0.758506999999998,0.0,0.758506999999998,0.18744277954101562
0.7590024471282959,0.7589969999999973,0.0,0.7589969999999973,0.18744277954101562
0.7602224349975586,0.7602170000000008,0.0,0.7602170000000008,0.18744277954101562
0.7632598876953125,0.7632550000000009,0.0,0.7632550000000009,0.18744277954101562
0.7611587047576904,0.7611540000000012,0.0,0.7611540000000012,0.18744277954101562
0.7708017826080322,0.7707899999999981,0.0,0.7707899999999981,0.18744277954101562
0.7571694850921631,0.757164999999997,0.0,0.757164999999997,0.18744277954101562
0.7684392929077148,0.7684330000000017,0.0,0.7684330000000017,0.18744277954101562
0.7861888408660889,0.7861830000000012,0.0,0.7861830000000012,0.18744277954101562
0.7596931457519531,0.7596880000000006,0.0,0.7596880000000006,0.18744277954101562
0.7633247375488281,0.7632960000000004,0.0,0.7632960000000004,0.18744277954101562
0.7654116153717041,0.7654059999999987,0.0,0.7654059999999987,0.18744277954101562
0.759620189666748,0.7596150000000002,0.0,0.7596150000000002,0.18744277954101562
0.7714593410491943,0.7714469999999984,0.0,0.7714469999999984,0.18744277954101562
0.7601401805877686,0.7601359999999993,0.0,0.7601359999999993,0.18744277954101562
