walltime(s),cputime(s),systime(s),usertime(s),memory(GB)
6.559164524078369,6.559197,0.0,6.559197,0.19428253173828125
6.609571695327759,6.609497000000001,0.0,6.609497000000001,0.19428253173828125
6.5696656703948975,6.5697030000000005,0.0,6.5697030000000005,0.19428253173828125
6.688205242156982,6.688110000000002,0.0,6.688110000000002,0.19428253173828125
6.55737829208374,6.557418999999999,0.0,6.557418999999999,0.19428253173828125
6.67264199256897,6.672552000000003,0.0,6.672552000000003,0.19428253173828125
6.565251111984253,6.565297000000001,0.0,6.565297000000001,0.19428253173828125
6.67267370223999,6.672707000000003,0.0,6.672707000000003,0.19428253173828125
6.5753161907196045,6.575258000000005,0.0,6.575258000000005,0.19428253173828125
6.6845903396606445,6.68463899999999,0.0,6.68463899999999,0.19428253173828125
6.6054558753967285,6.605464999999995,0.0,6.605464999999995,0.19428253173828125
6.647480010986328,6.647518000000005,0.0,6.647518000000005,0.19428253173828125
6.617369890213013,6.617418000000001,0.0,6.617418000000001,0.19428253173828125
6.639649152755737,6.63954600000001,0.0,6.63954600000001,0.19428253173828125
6.637828588485718,6.637868000000012,0.0,6.637868000000012,0.19428253173828125
6.603169679641724,6.603117999999995,0.0,6.603117999999995,0.19428253173828125
6.532913446426392,6.532950999999997,0.0,6.532950999999997,0.19428253173828125
6.601377487182617,6.601267000000007,0.0,6.601267000000007,0.19428253173828125
6.567696571350098,6.567745000000002,0.0,6.567745000000002,0.19428253173828125
6.677671194076538,6.677658000000008,0.0,6.677658000000008,0.19428253173828125
6.7101731300354,6.710054999999983,0.0,6.710054999999983,0.19428253173828125
6.586224555969238,6.586274000000003,0.0,6.586274000000003,0.19428253173828125
6.593759298324585,6.593707999999992,0.0,6.593707999999992,0.19428253173828125
6.73625111579895,6.736282999999986,0.0,6.736282999999986,0.19428253173828125
6.778285264968872,6.77830800000001,0.0,6.77830800000001,0.19428253173828125
6.578071594238281,6.578105000000002,3.000000000030756e-06,6.578102000000001,0.19428253173828125
8.375537395477295,8.320672000000002,0.0,8.320672000000002,0.19428253173828125
7.635618209838867,7.631406999999996,0.0,7.631406999999996,0.19428253173828125
6.791928291320801,6.787958000000003,0.0,6.787958000000003,0.19428253173828125
6.920873165130615,6.9204870000000085,0.0,6.9204870000000085,0.19428253173828125
