walltime(s),cputime(s),systime(s),usertime(s),memory(GB)
33.57868480682373,33.578936999999996,0.0,33.578936999999996,0.19500350952148438
33.846108198165894,33.84641299999999,0.0,33.84641299999999,0.19500350952148438
33.30212616920471,33.302407,0.0,33.302407,0.19500350952148438
33.80312180519104,33.803408000000005,0.0,33.803408000000005,0.19500350952148438
33.76249837875366,33.762714999999986,0.0,33.762714999999986,0.19500350952148438
33.73542094230652,33.73571799999999,0.0,33.73571799999999,0.19500350952148438
33.81055998802185,33.810869,0.0,33.810869,0.19500350952148438
34.33703088760376,34.336179000000016,0.0,34.336179000000016,0.19500350952148438
33.73422074317932,33.73259099999996,0.0,33.73259099999996,0.19500350952148438
34.376558780670166,34.37589200000002,0.0,34.37589200000002,0.19500350952148438
34.361167669296265,34.353313000000014,0.0,34.353313000000014,0.19500350952148438
34.277512550354004,34.273829999999975,0.0,34.273829999999975,0.19500350952148438
33.275811195373535,33.27264500000001,0.0,33.27264500000001,0.19500350952148438
34.318053245544434,34.310171000000025,0.0,34.310171000000025,0.19500350952148438
33.169304847717285,33.16724099999999,0.0034900000000000486,33.16375099999999,0.19500350952148438
33.18167972564697,33.17552400000009,0.0040000000000000036,33.17152400000009,0.19500350952148438
33.18921637535095,33.18825800000002,0.0,33.18825800000002,0.19500350952148438
34.3160355091095,34.31351500000005,0.0,34.31351500000005,0.19500350952148438
33.156166076660156,33.155061000000046,0.0,33.155061000000046,0.19518661499023438
34.30210614204407,34.300637999999935,0.0,34.300637999999935,0.19518661499023438
33.89375114440918,33.89262599999995,0.0,33.89262599999995,0.19518661499023438
34.65080142021179,34.64962300000002,0.0,34.64962300000002,0.19518661499023438
34.32253408432007,34.32247400000006,0.0,34.32247400000006,0.19518661499023438
33.4873628616333,33.48763399999996,0.0,33.48763399999996,0.19518661499023438
33.28766322135925,33.287199999999984,0.0,33.287199999999984,0.19518661499023438
34.07397818565369,34.074289999999905,0.0,34.074289999999905,0.19518661499023438
35.18490529060364,35.185204,0.0,35.185204,0.19518661499023438
34.73167300224304,34.73199499999998,0.0,34.73199499999998,0.19518661499023438
34.16957449913025,34.16986799999995,0.0,34.16986799999995,0.19518661499023438
33.81022906303406,33.810524999999984,0.0,33.810524999999984,0.19518661499023438
