walltime(s),cputime(s),systime(s),usertime(s),memory(GB)
74.87368583679199,74.833795,0.0,74.833795,0.1945953369140625
73.31957674026489,73.319811,0.0,73.319811,0.1945953369140625
73.01958155632019,73.01961599999998,0.0,73.01961599999998,0.1945953369140625
72.93603658676147,72.93615099999997,0.0,72.93615099999997,0.1945953369140625
73.03768587112427,73.037735,0.0,73.037735,0.1945953369140625
72.78189492225647,72.78197599999999,0.0,72.78197599999999,0.1945953369140625
72.75233149528503,72.75234900000004,0.0,72.75234900000004,0.1945953369140625
72.76649737358093,72.76657699999998,0.0,72.76657699999998,0.1945953369140625
72.58088040351868,72.58109999999999,0.0,72.58109999999999,0.1945953369140625
72.71715712547302,72.7173909999999,0.0,72.7173909999999,0.1945953369140625
72.57746887207031,72.57766600000002,0.0,72.57766600000002,0.1945953369140625
71.62693953514099,71.62709700000005,0.0,71.62709700000005,0.1945953369140625
63.64216923713684,63.64260300000001,0.0,63.64260300000001,0.1945953369140625
62.28480243682861,62.284929000000034,0.0,62.284929000000034,0.1945953369140625
60.47868609428406,60.47914999999989,0.0,60.47914999999989,0.1945953369140625
60.509122371673584,60.509637999999995,0.0,60.509637999999995,0.1945953369140625
60.79856872558594,60.798979000000145,0.0,60.798979000000145,0.1945953369140625
60.495070457458496,60.49552599999993,0.0,60.49552599999993,0.1945953369140625
60.55526423454285,60.555661999999984,0.0,60.555661999999984,0.1945953369140625
60.422566413879395,60.423041999999896,0.0,60.423041999999896,0.1945953369140625
60.47526144981384,60.475705999999946,0.0,60.475705999999946,0.1945953369140625
60.44890761375427,60.44941199999994,0.0,60.44941199999994,0.1945953369140625
60.54084300994873,60.54133999999999,0.0,60.54133999999999,0.1945953369140625
60.479092597961426,60.479580999999826,0.0,60.479580999999826,0.1945953369140625
60.528990745544434,60.52941699999997,0.0,60.52941699999997,0.1945953369140625
60.43748188018799,60.437913999999864,0.0,60.437913999999864,0.1945953369140625
60.43609404563904,60.43651999999997,0.0,60.43651999999997,0.1945953369140625
60.43092155456543,60.43144399999983,0.0,60.43144399999983,0.1945953369140625
60.56506824493408,60.56547599999999,0.0,60.56547599999999,0.1945953369140625
60.47711944580078,60.477581999999984,0.0,60.477581999999984,0.1945953369140625
