walltime(s),cputime(s),systime(s),usertime(s),memory(GB)
32.32771277427673,32.327541,0.0,32.327541,0.19433975219726562
32.32960772514343,32.32944700000001,0.0,32.32944700000001,0.19433975219726562
32.3032500743866,32.30310100000001,0.0,32.30310100000001,0.19433975219726562
32.3071186542511,32.30688199999999,0.0,32.30688199999999,0.19433975219726562
32.82430601119995,32.82411099999999,0.0,32.82411099999999,0.19433975219726562
32.57884120941162,32.57870399999999,0.0,32.57870399999999,0.19433975219726562
33.04887866973877,33.0487,0.0,33.0487,0.19433975219726562
32.44791626930237,32.44775000000001,0.0,32.44775000000001,0.19433975219726562
32.38624024391174,32.386086000000034,0.0,32.386086000000034,0.19433975219726562
32.33559060096741,32.33544599999999,0.0,32.33544599999999,0.19433975219726562
32.80143117904663,32.80124000000001,0.0,32.80124000000001,0.19433975219726562
32.5537269115448,32.553563,0.0,32.553563,0.19433975219726562
32.509841442108154,32.50966500000004,0.0,32.50966500000004,0.19433975219726562
32.40031170845032,32.40015999999997,0.0,32.40015999999997,0.19433975219726562
32.524975299835205,32.524827000000016,0.0,32.524827000000016,0.19433975219726562
32.41351294517517,32.41337600000003,0.0,32.41337600000003,0.19433975219726562
32.370267391204834,32.37013000000002,0.0,32.37013000000002,0.19433975219726562
32.21569085121155,32.215568000000076,0.0,32.215568000000076,0.19433975219726562
32.484944105148315,32.48480499999994,0.0,32.48480499999994,0.19433975219726562
32.46075224876404,32.460627000000045,0.0,32.460627000000045,0.19433975219726562
32.600969314575195,32.60082399999999,0.0,32.60082399999999,0.19433975219726562
32.61400389671326,32.613834999999995,0.0,32.613834999999995,0.19433975219726562
32.600635051727295,32.600516000000084,0.0,32.600516000000084,0.19433975219726562
32.620604515075684,32.62046200000009,0.0,32.62046200000009,0.19433975219726562
32.61715793609619,32.616990999999985,0.0,32.616990999999985,0.19433975219726562
32.55947709083557,32.559322000000066,0.0,32.559322000000066,0.19433975219726562
32.70415711402893,32.703986999999984,0.0,32.703986999999984,0.19433975219726562
32.63310527801514,32.632936000000086,0.0,32.632936000000086,0.19433975219726562
32.58184313774109,32.58170000000007,0.0,32.58170000000007,0.19433975219726562
32.61465382575989,32.61451499999998,0.0,32.61451499999998,0.19433975219726562
