walltime(s),cputime(s),systime(s),usertime(s),memory(GB)
2673.93274974823,2673.974861,0.050646000000000024,2673.924215,0.19696807861328125
