walltime(s),cputime(s),systime(s),usertime(s),memory(GB)
1.9173831939697266,1.9172279999999997,0.0,1.9172279999999997,0.19422531127929688
1.963947057723999,1.9638340000000003,0.0,1.9638340000000003,0.19422531127929688
1.9525651931762695,1.9524419999999996,0.0,1.9524419999999996,0.19422531127929688
1.9135122299194336,1.9133900000000015,0.0,1.9133900000000015,0.19422531127929688
1.957578420639038,1.9574440000000006,0.0,1.9574440000000006,0.19422531127929688
1.951808214187622,1.951694999999999,0.0,1.951694999999999,0.19422531127929688
1.9627604484558105,1.9626370000000009,0.0,1.9626370000000009,0.19422531127929688
1.9733240604400635,1.9732100000000017,0.0,1.9732100000000017,0.19422531127929688
1.9630253314971924,1.9629049999999992,0.0,1.9629049999999992,0.19422531127929688
1.9650557041168213,1.9649420000000006,0.0,1.9649420000000006,0.19422531127929688
1.9520728588104248,1.9519400000000005,0.0,1.9519400000000005,0.19422531127929688
1.9658632278442383,1.9657420000000023,0.0,1.9657420000000023,0.19422531127929688
1.9605998992919922,1.9604669999999977,0.0,1.9604669999999977,0.19422531127929688
1.9734644889831543,1.9733509999999974,0.0,1.9733509999999974,0.19422531127929688
1.97770357131958,1.97757,0.0,1.97757,0.19422531127929688
1.9638690948486328,1.9637559999999965,0.0,1.9637559999999965,0.19422531127929688
1.9636459350585938,1.9633360000000053,0.0,1.9633360000000053,0.19422531127929688
1.9823851585388184,1.9822630000000032,0.0,1.9822630000000032,0.19422531127929688
1.961660623550415,1.9615200000000002,0.0,1.9615200000000002,0.19422531127929688
1.9821882247924805,1.9820750000000018,0.0,1.9820750000000018,0.19422531127929688
1.9650781154632568,1.9649450000000002,0.0,1.9649450000000002,0.19422531127929688
1.9568870067596436,1.9567610000000002,0.0,1.9567610000000002,0.19422531127929688
1.969820261001587,1.9696879999999979,0.0,1.9696879999999979,0.19422531127929688
1.9687530994415283,1.9686400000000006,0.0,1.9686400000000006,0.19422531127929688
1.9548630714416504,1.954552999999997,0.0,1.954552999999997,0.19422531127929688
1.9489026069641113,1.9487889999999979,0.0,1.9487889999999979,0.19422531127929688
1.9603395462036133,1.9601959999999963,0.0,1.9601959999999963,0.19422531127929688
1.9696087837219238,1.9694959999999995,0.0,1.9694959999999995,0.19422531127929688
1.9655647277832031,1.9654319999999998,0.0,1.9654319999999998,0.19422531127929688
1.9690184593200684,1.968905999999997,0.0,1.968905999999997,0.19422531127929688
