walltime(s),cputime(s),systime(s),usertime(s),memory(GB)
4.360171318054199,4.36022,0.0,4.36022,0.19643783569335938
4.347816705703735,4.347883999999999,0.0,4.347883999999999,0.19643783569335938
4.361250877380371,4.361336000000001,0.0,4.361336000000001,0.19643783569335938
4.350132465362549,4.350248999999998,0.0,4.350248999999998,0.19643783569335938
4.355481863021851,4.355580999999997,0.0,4.355580999999997,0.19643783569335938
4.353858232498169,4.353957000000001,0.0,4.353957000000001,0.19643783569335938
4.362740516662598,4.362831,0.0,4.362831,0.19643783569335938
4.355405807495117,4.355494999999998,0.0,4.355494999999998,0.19643783569335938
4.353926420211792,4.354024000000003,0.0,4.354024000000003,0.19643783569335938
4.355895519256592,4.356004999999996,0.0,4.356004999999996,0.19643783569335938
4.351180553436279,4.351280000000003,0.0,4.351280000000003,0.19643783569335938
4.354471445083618,4.354554,0.0,4.354554,0.19643783569335938
4.355855703353882,4.3559549999999945,0.0,4.3559549999999945,0.19643783569335938
4.358550548553467,4.358641999999996,0.0,4.358641999999996,0.19643783569335938
4.356684446334839,4.356775999999996,0.0,4.356775999999996,0.19643783569335938
4.3591883182525635,4.359285999999997,0.0,4.359285999999997,0.19643783569335938
4.354775667190552,4.354891999999992,0.0,4.354891999999992,0.19643783569335938
4.348258018493652,4.3483559999999954,0.0,4.3483559999999954,0.19643783569335938
4.353703498840332,4.353806999999989,0.0,4.353806999999989,0.19643783569335938
4.352261781692505,4.352350000000001,0.0,4.352350000000001,0.19643783569335938
4.355846405029297,4.355942999999996,0.0,4.355942999999996,0.19643783569335938
4.356561183929443,4.356657999999996,0.0,4.356657999999996,0.19643783569335938
4.353312969207764,4.3533979999999985,0.0,4.3533979999999985,0.19643783569335938
4.347363471984863,4.347476,0.0,4.347476,0.19643783569335938
4.351582288742065,4.35167899999999,0.0,4.35167899999999,0.19643783569335938
4.350233793258667,4.3503319999999945,0.0,4.3503319999999945,0.19643783569335938
4.351121425628662,4.351206000000005,0.0,4.351206000000005,0.19643783569335938
4.354390382766724,4.354489999999998,0.0,4.354489999999998,0.19643783569335938
4.35131573677063,4.351409000000004,0.0,4.351409000000004,0.19643783569335938
4.35073709487915,4.350828999999976,0.0,4.350828999999976,0.19643783569335938
