walltime(s),cputime(s),systime(s),usertime(s),memory(GB)
612.9755854606628,612.981105,0.0,612.981105,0.195068359375
607.2011640071869,607.206887,0.0,607.206887,0.195068359375
602.9293563365936,602.935113,0.0,602.935113,0.195068359375
605.6803958415985,605.6791970000002,0.0,605.6791970000002,0.195068359375
602.0122108459473,602.017973,0.0,602.017973,0.195068359375
