walltime(s),cputime(s),systime(s),usertime(s),memory(GB)
1997.456362247467,1997.10569,0.0027739999999999987,1997.102916,0.19457626342773438
