walltime(s),cputime(s),systime(s),usertime(s),memory(GB)
6.246423721313477,6.246364000000001,0.002925000000000011,6.243439,0.1947784423828125
6.219250202178955,6.219207999999998,0.0,6.219207999999998,0.1947784423828125
6.2333667278289795,6.2332779999999985,0.0,6.2332779999999985,0.1947784423828125
6.207319498062134,6.2072949999999985,0.0,6.2072949999999985,0.1947784423828125
6.2096545696258545,6.209534000000001,0.0,6.209534000000001,0.1947784423828125
6.222243309020996,6.222199000000003,0.0,6.222199000000003,0.1947784423828125
6.210219860076904,6.2101709999999954,0.0,6.2101709999999954,0.1947784423828125
6.208491802215576,6.208382999999998,0.0,6.208382999999998,0.1947784423828125
6.221839666366577,6.2217780000000005,0.0,6.2217780000000005,0.1947784423828125
6.218070030212402,6.218028000000004,0.0,6.218028000000004,0.1947784423828125
6.207620859146118,6.207518000000007,0.0,6.207518000000007,0.1947784423828125
6.255674123764038,6.255637000000007,0.0,6.255637000000007,0.1947784423828125
6.207230806350708,6.207128999999995,0.0,6.207128999999995,0.1947784423828125
6.221014499664307,6.220976000000007,0.0,6.220976000000007,0.1947784423828125
6.231384992599487,6.231352999999999,0.0,6.231352999999999,0.1947784423828125
6.20637321472168,6.206255000000013,0.0,6.206255000000013,0.1947784423828125
6.235082387924194,6.235050000000001,0.0,6.235050000000001,0.1947784423828125
6.216819524765015,6.216709999999992,0.0,6.216709999999992,0.1947784423828125
6.211546421051025,6.211515000000006,0.0,6.211515000000006,0.1947784423828125
6.229823350906372,6.229790999999992,0.0,6.229790999999992,0.1947784423828125
6.214450836181641,6.214345000000009,0.0,6.214345000000009,0.1947784423828125
6.21395206451416,6.213915000000014,0.0,6.213915000000014,0.1947784423828125
6.224062919616699,6.223956999999984,0.0,6.223956999999984,0.1947784423828125
6.203707933425903,6.203664000000003,0.0,6.203664000000003,0.1947784423828125
6.226801156997681,6.226763000000005,0.0,6.226763000000005,0.1947784423828125
6.205456495285034,6.2053499999999815,0.0,6.2053499999999815,0.1947784423828125
6.228642463684082,6.228605999999985,0.0,6.228605999999985,0.1947784423828125
6.22648549079895,6.226380000000006,0.0,6.226380000000006,0.1947784423828125
6.205841779708862,6.205798000000016,0.0,6.205798000000016,0.1947784423828125
6.2503204345703125,6.2502839999999935,0.0,6.2502839999999935,0.1947784423828125
