walltime(s),cputime(s),systime(s),usertime(s),memory(GB)
12.756908655166626,12.756284999999998,0.011409000000000002,12.744875999999998,0.19298553466796875
12.638620376586914,12.638601999999999,0.0,12.638601999999999,0.19298553466796875
12.615309715270996,12.615346000000002,0.0,12.615346000000002,0.19298553466796875
12.618988037109375,12.619108000000004,0.0,12.619108000000004,0.19298553466796875
12.625775337219238,12.625776000000009,0.0,12.625776000000009,0.19298553466796875
12.621266603469849,12.621311999999989,0.0,12.621311999999989,0.19298553466796875
12.630727052688599,12.63073,0.0,12.63073,0.19298553466796875
12.656875133514404,12.656908000000001,0.0,12.656908000000001,0.19298553466796875
12.633514642715454,12.633643000000006,0.0,12.633643000000006,0.19298553466796875
12.599761724472046,12.599807999999996,0.0,12.599807999999996,0.19298553466796875
12.645273208618164,12.645308,0.0,12.645308,0.19298553466796875
12.626947402954102,12.626963999999987,0.0,12.626963999999987,0.19298553466796875
12.616313695907593,12.616287,0.0,12.616287,0.19298553466796875
12.643117904663086,12.643246000000005,0.0,12.643246000000005,0.19298553466796875
12.609081745147705,12.609102000000007,0.0,12.609102000000007,0.19298553466796875
12.607723951339722,12.607754,0.0,12.607754,0.19298553466796875
12.646444082260132,12.646451000000013,0.0,12.646451000000013,0.19298553466796875
12.617346286773682,12.617362999999983,0.0,12.617362999999983,0.19298553466796875
12.641994714736938,12.642119000000008,0.0,12.642119000000008,0.19298553466796875
12.647331953048706,12.647349999999989,0.0,12.647349999999989,0.19298553466796875
12.628018140792847,12.628016000000002,0.0,12.628016000000002,0.19298553466796875
12.633113622665405,12.63313199999999,0.0,12.63313199999999,0.19298553466796875
12.642880916595459,12.642875000000004,0.0,12.642875000000004,0.19298553466796875
12.61684536933899,12.616975999999966,0.0,12.616975999999966,0.19298553466796875
12.640357494354248,12.640410000000031,0.0,12.640410000000031,0.19298553466796875
12.644819974899292,12.644835,0.0,12.644835,0.19298553466796875
12.636370182037354,12.636397999999986,0.0,12.636397999999986,0.19298553466796875
12.622245788574219,12.622377000000029,0.0,12.622377000000029,0.19298553466796875
12.634589672088623,12.63458700000001,0.0,12.63458700000001,0.19298553466796875
12.611315727233887,12.611334999999997,0.0,12.611334999999997,0.19298553466796875
