walltime(s),cputime(s),systime(s),usertime(s),memory(GB)
2222.8494811058044,2222.692059,0.244867,2222.447192,0.194061279296875
