walltime(s),cputime(s),systime(s),usertime(s),memory(GB)
608.9591658115387,608.968852,0.006807999999999981,608.962044,0.19459915161132812
599.7831773757935,599.79202,2.199999999996649e-05,599.791998,0.19459915161132812
600.9880168437958,600.99699,7.000000000034756e-06,600.996983,0.19459915161132812
603.4301378726959,603.4399180000001,4.999999999977245e-06,603.4399130000002,0.19459915161132812
602.2025799751282,602.2122750000001,2.000000000002e-06,602.2122730000001,0.19459915161132812
