walltime(s),cputime(s),systime(s),usertime(s),memory(GB)
475.77938413619995,475.777625,0.0,475.777625,0.19439697265625
476.7015540599823,476.699871,0.0,476.699871,0.19439697265625
480.46133375167847,480.4595129999999,0.0,480.4595129999999,0.19439697265625
478.3998644351959,478.39808000000016,0.0,478.39808000000016,0.19439697265625
468.53797602653503,468.5362719999998,0.0,468.5362719999998,0.19439697265625
477.26127552986145,477.2595489999999,0.0,477.2595489999999,0.19439697265625
479.3253321647644,479.2732329999999,0.0,479.2732329999999,0.19439697265625
