walltime(s),cputime(s),systime(s),usertime(s),memory(GB)
1.2001545429229736,1.2001739999999996,0.0,1.2001739999999996,0.19464874267578125
1.3296709060668945,1.2220099999999998,0.019293000000000005,1.2027169999999998,0.19464874267578125
1.1569344997406006,1.1569479999999999,0.0,1.1569479999999999,0.19464874267578125
1.1833922863006592,1.1834109999999995,0.0,1.1834109999999995,0.19464874267578125
1.1495208740234375,1.1495350000000002,0.0,1.1495350000000002,0.19464874267578125
1.1418282985687256,1.141850999999999,0.0,1.141850999999999,0.19464874267578125
1.1415364742279053,1.141558999999999,0.0,1.141558999999999,0.19464874267578125
1.1409547328948975,1.1409780000000005,0.0,1.1409780000000005,0.19464874267578125
1.1413977146148682,1.1414150000000003,0.0,1.1414150000000003,0.19464874267578125
1.1346030235290527,1.1346260000000008,0.0,1.1346260000000008,0.19464874267578125
1.1334788799285889,1.133500999999999,0.0,1.133500999999999,0.19464874267578125
1.1333625316619873,1.1333800000000025,0.0,1.1333800000000025,0.19464874267578125
1.1327297687530518,1.132752,0.0,1.132752,0.19464874267578125
1.1326625347137451,1.1326850000000022,0.0,1.1326850000000022,0.19464874267578125
1.1429543495178223,1.142978000000003,0.0,1.142978000000003,0.19464874267578125
1.1365418434143066,1.1365579999999973,0.0,1.1365579999999973,0.19464874267578125
1.1369097232818604,1.1369320000000016,0.0,1.1369320000000016,0.19464874267578125
1.1308238506317139,1.1308469999999993,0.0,1.1308469999999993,0.19464874267578125
1.1333198547363281,1.133336,0.0,1.133336,0.19464874267578125
1.1318793296813965,1.1319030000000012,0.0,1.1319030000000012,0.19464874267578125
1.1322822570800781,1.1322970000000012,0.0,1.1322970000000012,0.19464874267578125
1.1320791244506836,1.1320930000000011,0.0,1.1320930000000011,0.19464874267578125
1.130922555923462,1.1309369999999959,0.0,1.1309369999999959,0.19464874267578125
1.1341595649719238,1.1341810000000052,0.0,1.1341810000000052,0.19464874267578125
1.1317455768585205,1.131768000000001,0.0,1.131768000000001,0.19464874267578125
1.1347620487213135,1.1347790000000018,0.0,1.1347790000000018,0.19464874267578125
1.1339738368988037,1.1339959999999962,0.0,1.1339959999999962,0.19464874267578125
1.1337926387786865,1.133815999999996,0.0,1.133815999999996,0.19464874267578125
1.1333057880401611,1.1333199999999977,0.0,1.1333199999999977,0.19464874267578125
1.130305290222168,1.1303270000000012,0.0,1.1303270000000012,0.19464874267578125
