walltime(s),cputime(s),systime(s),usertime(s),memory(GB)
1115.1913316249847,1115.20859,0.0,1115.20859,0.19464111328125
1126.506427526474,1126.5248390000002,0.0,1126.5248390000002,0.19464111328125
1129.1946301460266,1129.213099,0.0,1129.213099,0.19464111328125
