walltime(s),cputime(s),systime(s),usertime(s),memory(GB)
510.9551491737366,510.845095,0.050497000000000014,510.794598,0.19396591186523438
532.5675685405731,532.5298510000001,0.03599399999999997,532.4938570000002,0.19396591186523438
534.3590316772461,534.3213199999999,0.039995,534.2813249999999,0.19396591186523438
490.811311006546,490.726854,0.004001000000000032,490.722853,0.19396591186523438
514.8574841022491,514.6923029999998,0.003994999999999971,514.6883079999998,0.19396591186523438
505.7300579547882,505.62771599999996,0.0,505.62771599999996,0.19396591186523438
473.7187464237213,473.5651839999998,0.003997000000000028,473.5611869999998,0.19396591186523438
