walltime(s),cputime(s),systime(s),usertime(s),memory(GB)
507.7365012168884,507.724122,0.009550999999999976,507.71457100000003,0.19440841674804688
498.99190282821655,498.97979200000003,3.999999999998449e-05,498.979752,0.19440841674804688
499.70534324645996,499.69348299999996,1.4000000000014001e-05,499.69346899999994,0.19440841674804688
487.4331285953522,487.4208679999999,6.0000000000060005e-06,487.42086199999994,0.19440841674804688
490.021124124527,490.008742,4.000000000004e-06,490.008738,0.19440841674804688
490.8822195529938,490.869959,3.000000000030756e-06,490.869956,0.19440841674804688
490.78825426101685,490.7763130000001,2.000000000002e-06,490.7763110000001,0.19440841674804688
