walltime(s),cputime(s),systime(s),usertime(s),memory(GB)
0.520275354385376,0.5202600000000004,0.0,0.5202600000000004,0.19466018676757812
0.51218581199646,0.5121739999999999,0.0,0.5121739999999999,0.19466018676757812
0.5136227607727051,0.5136219999999998,0.0,0.5136219999999998,0.19466018676757812
0.5141012668609619,0.5140909999999996,0.0,0.5140909999999996,0.19466018676757812
0.5137834548950195,0.5137680000000007,0.0,0.5137680000000007,0.19466018676757812
0.5128176212310791,0.5128170000000001,0.0,0.5128170000000001,0.19466018676757812
0.5125067234039307,0.5125060000000001,0.0,0.5125060000000001,0.19466018676757812
0.5126640796661377,0.5126620000000006,0.0,0.5126620000000006,0.19466018676757812
0.5131735801696777,0.5131730000000001,0.0,0.5131730000000001,0.19466018676757812
0.5129795074462891,0.5129789999999996,0.0,0.5129789999999996,0.19466018676757812
0.5120494365692139,0.5120500000000003,0.0,0.5120500000000003,0.19466018676757812
0.5115647315979004,0.5115639999999999,0.0,0.5115639999999999,0.19466018676757812
0.5133142471313477,0.513306,0.0,0.513306,0.19466018676757812
0.5139899253845215,0.5139759999999995,0.0,0.5139759999999995,0.19466018676757812
0.5140149593353271,0.5140139999999995,0.0,0.5140139999999995,0.19466018676757812
0.5137884616851807,0.5137879999999999,0.0,0.5137879999999999,0.19466018676757812
0.512136697769165,0.5121260000000003,0.0,0.5121260000000003,0.19466018676757812
0.5141582489013672,0.5141580000000001,0.0,0.5141580000000001,0.19466018676757812
0.5145511627197266,0.5145499999999998,0.0,0.5145499999999998,0.19466018676757812
0.5168004035949707,0.5167800000000007,0.0,0.5167800000000007,0.19466018676757812
0.513432502746582,0.5134300000000014,0.0,0.5134300000000014,0.19466018676757812
0.5117299556732178,0.511727999999998,0.0,0.511727999999998,0.19466018676757812
0.5117626190185547,0.5117480000000008,0.0,0.5117480000000008,0.19466018676757812
0.5130972862243652,0.5130969999999984,0.0,0.5130969999999984,0.19466018676757812
0.5121943950653076,0.5121939999999974,0.0,0.5121939999999974,0.19466018676757812
0.514507532119751,0.5144959999999976,0.0,0.5144959999999976,0.19466018676757812
0.5143454074859619,0.514332999999997,0.0,0.514332999999997,0.19466018676757812
0.5136396884918213,0.5136400000000023,0.0,0.5136400000000023,0.19466018676757812
0.5137772560119629,0.513777000000001,0.0,0.513777000000001,0.19466018676757812
0.5143680572509766,0.5143679999999975,0.0,0.5143679999999975,0.19466018676757812
