walltime(s),cputime(s),systime(s),usertime(s),memory(GB)
1929.5045855045319,1929.4381360000002,0.025096000000000007,1929.4130400000001,0.1947021484375
