walltime(s),cputime(s),systime(s),usertime(s),memory(GB)
479.12484550476074,479.13137800000004,0.0,479.13137800000004,0.19420623779296875
473.1103632450104,473.116936,0.0,473.116936,0.19420623779296875
472.82095289230347,472.827586,0.0,472.827586,0.19420623779296875
472.68703961372375,472.69364999999993,0.0,472.69364999999993,0.19420623779296875
472.80485224723816,472.81152399999996,0.0,472.81152399999996,0.19420623779296875
473.35048151016235,473.35731699999997,0.0,473.35731699999997,0.19420623779296875
472.79804039001465,472.8048210000002,0.0,472.8048210000002,0.19420623779296875
