walltime(s),cputime(s),systime(s),usertime(s),memory(GB)
638.1222071647644,638.117275,2.258464,635.858811,0.8903961181640625
638.9761695861816,638.975216,2.860005,636.115211,0.89556884765625
639.9189431667328,639.9181720000001,2.8280129999999994,637.0901590000001,0.8956069946289062
641.032862663269,641.032108,2.7919940000000008,638.240114,0.8956489562988281
638.6396434307098,638.6145150000002,2.811991000000001,635.8025240000002,0.8956489562988281
