walltime(s),cputime(s),systime(s),usertime(s),memory(GB)
774.5206024646759,774.518298,0.469567,774.048731,0.3584709167480469
774.2704358100891,774.269269,0.12800999999999996,774.141259,0.359954833984375
774.186203956604,774.1849139999999,0.228001,773.956913,0.3599586486816406
775.1567208766937,775.1551790000001,0.16000100000000006,774.9951780000001,0.3599586486816406
