walltime(s),cputime(s),systime(s),usertime(s),memory(GB)
986.9553139209747,986.9514419999999,0.0038429999999999853,986.947599,0.194366455078125
993.104165315628,993.10112,6.0000000000060005e-06,993.101114,0.194366455078125
992.3817956447601,992.3786279999999,2.000000000002e-06,992.3786259999999,0.194366455078125
