walltime(s),cputime(s),systime(s),usertime(s),memory(GB)
18.28821039199829,18.288714,0.0,18.288714,0.19443130493164062
18.327285289764404,18.327825999999998,0.0,18.327825999999998,0.19443130493164062
18.28941774368286,18.289926,0.0,18.289926,0.19443130493164062
18.317802667617798,18.318313000000003,0.0,18.318313000000003,0.19443130493164062
18.30340552330017,18.30391200000001,0.0,18.30391200000001,0.19443130493164062
18.32761240005493,18.328125999999997,0.0,18.328125999999997,0.19443130493164062
18.293376684188843,18.293900000000008,0.0,18.293900000000008,0.19443130493164062
18.335835456848145,18.336354,0.0,18.336354,0.19443130493164062
18.295037746429443,18.295568000000003,0.0,18.295568000000003,0.19443130493164062
18.56153154373169,18.562049000000002,0.0,18.562049000000002,0.19443130493164062
18.28357696533203,18.284095000000008,0.0,18.284095000000008,0.19443130493164062
18.313355922698975,18.31388000000001,0.0,18.31388000000001,0.19443130493164062
18.098693370819092,18.098636999999997,0.0,18.098636999999997,0.19443130493164062
17.831790924072266,17.832311000000004,0.0,17.832311000000004,0.19443130493164062
17.66632080078125,17.666829000000007,0.0,17.666829000000007,0.19443130493164062
17.826561212539673,17.82699100000002,0.0,17.82699100000002,0.19443130493164062
17.77191424369812,17.772436999999968,0.0,17.772436999999968,0.19443130493164062
17.912286281585693,17.91279099999997,0.0,17.91279099999997,0.19443130493164062
17.729100465774536,17.729625,0.0,17.729625,0.19443130493164062
17.727585554122925,17.72808600000002,0.0,17.72808600000002,0.19443130493164062
17.61134672164917,17.611873000000003,0.0,17.611873000000003,0.19443130493164062
17.606799602508545,17.607305999999994,0.0,17.607305999999994,0.19443130493164062
17.6950421333313,17.69557199999997,0.0,17.69557199999997,0.19443130493164062
17.588579893112183,17.58908299999996,0.0,17.58908299999996,0.19443130493164062
17.931645393371582,17.93216700000005,0.0,17.93216700000005,0.19443130493164062
18.371714115142822,18.372257000000047,0.0,18.372257000000047,0.19443130493164062
18.320916175842285,18.321447000000035,0.0,18.321447000000035,0.19443130493164062
18.31659698486328,18.317135000000007,0.0,18.317135000000007,0.19443130493164062
17.81346321105957,17.81397000000004,0.0,17.81397000000004,0.19443130493164062
17.77857279777527,17.779088,0.0,17.779088,0.19443130493164062
