walltime(s),cputime(s),systime(s),usertime(s),memory(GB)
608.3624472618103,608.2459339999999,0.0,608.2459339999999,0.19549179077148438
598.2584595680237,598.2482089999999,0.0,598.2482089999999,0.19549179077148438
598.6207823753357,598.6105420000001,0.0,598.6105420000001,0.19549179077148438
598.2528989315033,598.2426539999999,0.0,598.2426539999999,0.19549179077148438
598.6501867771149,598.6400349999999,0.0,598.6400349999999,0.19549179077148438
597.8174979686737,597.8074529999999,0.0,597.8074529999999,0.19549179077148438
