walltime(s),cputime(s),systime(s),usertime(s),memory(GB)
588.120721578598,588.124312,0.532667,587.5916450000001,0.4036293029785156
593.7265446186066,593.732099,0.19991500000000006,593.5321839999999,0.4078941345214844
588.9556272029877,588.96101,0.16397099999999987,588.797039,0.4078941345214844
591.2110135555267,591.2163230000001,0.1999890000000002,591.0163340000001,0.4084205627441406
591.1802666187286,591.1852300000003,0.16399199999999992,591.0212380000003,0.4084205627441406
589.9544539451599,589.9587850000001,0.18399300000000007,589.7747920000002,0.4084205627441406
