walltime(s),cputime(s),systime(s),usertime(s),memory(GB)
1799.0631248950958,1799.059131,0.0,1799.059131,0.19676589965820312
1734.2229580879211,1734.2190229999999,0.0,1734.2190229999999,0.19676589965820312
