walltime(s),cputime(s),systime(s),usertime(s),memory(GB)
40.540809631347656,40.541064999999996,0.0,40.541064999999996,0.19441604614257812
41.076531648635864,41.076687,0.0,41.076687,0.19441604614257812
40.276785135269165,40.276252,0.0,40.276252,0.19441604614257812
40.681838274002075,40.68206999999998,0.0039679999999999715,40.67810199999998,0.19441604614257812
40.64256834983826,40.64281300000002,0.0,40.64281300000002,0.19441604614257812
40.507230281829834,40.50744399999999,0.0,40.50744399999999,0.19441604614257812
40.46152210235596,40.46179799999999,0.0,40.46179799999999,0.19441604614257812
39.688300132751465,39.67265500000002,0.0,39.67265500000002,0.19441604614257812
45.24722599983215,45.149249999999995,0.0,45.149249999999995,0.19441604614257812
40.81673741340637,40.81698299999999,0.0,40.81698299999999,0.19441604614257812
41.13138437271118,41.131643999999994,0.0,41.131643999999994,0.19441604614257812
40.8254759311676,40.82571999999999,0.0,40.82571999999999,0.19441604614257812
40.38732290267944,40.38754200000005,0.0,40.38754200000005,0.19441604614257812
40.77882409095764,40.779089,0.0,40.779089,0.19441604614257812
41.51090955734253,41.511187000000064,0.0,41.511187000000064,0.19441604614257812
41.48256468772888,41.48270600000001,0.0,41.48270600000001,0.19441604614257812
42.717278718948364,42.717561000000046,0.0,42.717561000000046,0.19441604614257812
42.25625276565552,42.25653399999999,0.0,42.25653399999999,0.19441604614257812
41.86638641357422,41.86665400000004,0.0,41.86665400000004,0.19441604614257812
37.5432493686676,37.54352800000004,0.0,37.54352800000004,0.19441604614257812
37.49253487586975,37.49280199999998,0.0,37.49280199999998,0.19441604614257812
37.54660201072693,37.54686699999991,0.0,37.54686699999991,0.19441604614257812
37.5246524810791,37.52492599999994,0.0,37.52492599999994,0.19441604614257812
39.553489208221436,39.553717000000006,0.0,39.553717000000006,0.19441604614257812
42.99823021888733,42.99852099999998,0.0,42.99852099999998,0.19441604614257812
42.60834860801697,42.608621999999855,0.0,42.608621999999855,0.19441604614257812
42.943143367767334,42.943459000000075,0.0,42.943459000000075,0.19441604614257812
43.692776918411255,43.693078000000014,0.0,43.693078000000014,0.19441604614257812
43.335209369659424,43.33550300000002,0.0,43.33550300000002,0.19441604614257812
41.709614515304565,41.709912999999915,0.0,41.709912999999915,0.19441604614257812
