walltime(s),cputime(s),systime(s),usertime(s),memory(GB)
26.04926562309265,26.049162,0.0,26.049162,0.19516754150390625
26.02638339996338,26.026304,0.0,26.026304,0.19516754150390625
26.110727310180664,26.110613999999998,0.0,26.110613999999998,0.19516754150390625
26.02734613418579,26.027240000000006,0.0,26.027240000000006,0.19516754150390625
26.093536138534546,26.093434000000016,0.0,26.093434000000016,0.19516754150390625
26.03021216392517,26.030115000000023,0.0,26.030115000000023,0.19516754150390625
26.095067739486694,26.094975000000005,0.0,26.094975000000005,0.19516754150390625
26.02519989013672,26.025101000000006,0.0,26.025101000000006,0.19516754150390625
26.10011911392212,26.10002700000001,0.0,26.10002700000001,0.19516754150390625
26.017460346221924,26.017370999999997,0.0,26.017370999999997,0.19516754150390625
26.092639207839966,26.092542000000037,0.0,26.092542000000037,0.19516754150390625
26.02226996421814,26.02213499999999,0.0,26.02213499999999,0.19516754150390625
26.098918914794922,26.09882700000003,0.0,26.09882700000003,0.19516754150390625
26.01656174659729,26.01648499999999,0.0,26.01648499999999,0.19516754150390625
26.098051071166992,26.097966000000042,0.0,26.097966000000042,0.19516754150390625
26.019861936569214,26.019761999999957,0.0,26.019761999999957,0.19516754150390625
26.100478172302246,26.100392,0.0,26.100392,0.19516754150390625
26.023003578186035,26.022909000000027,0.0,26.022909000000027,0.19516754150390625
26.112319707870483,26.11224599999997,0.0,26.11224599999997,0.19516754150390625
26.02585530281067,26.025754000000006,0.0,26.025754000000006,0.19516754150390625
26.10089087486267,26.100819,0.0,26.100819,0.19516754150390625
26.027246952056885,26.02715400000011,0.0,26.02715400000011,0.19516754150390625
26.106704711914062,26.106618000000026,0.0,26.106618000000026,0.19516754150390625
26.01560139656067,26.01551100000006,0.0,26.01551100000006,0.19516754150390625
26.092553853988647,26.092459000000076,0.0,26.092459000000076,0.19516754150390625
26.02924418449402,26.029156000000057,0.0,26.029156000000057,0.19516754150390625
26.091500282287598,26.091429999999946,0.0,26.091429999999946,0.19516754150390625
26.067458868026733,26.048590000000015,0.003027000000000002,26.045563000000016,0.19516754150390625
26.13497829437256,26.134488000000033,0.0,26.134488000000033,0.19516754150390625
26.020965576171875,26.020742000000023,0.0040000000000000036,26.016742000000022,0.19516754150390625
