walltime(s),cputime(s),systime(s),usertime(s),memory(GB)
3505.741644859314,3505.735516,14.503309999999999,3491.232206,1.1698493957519531
