walltime(s),cputime(s),systime(s),usertime(s),memory(GB)
2694.880670070648,2694.80501,0.005259999999999987,2694.79975,0.19576263427734375
