walltime(s),cputime(s),systime(s),usertime(s),memory(GB)
2812.7428889274597,2812.824169,0.0,2812.824169,0.1959075927734375
