walltime(s),cputime(s),systime(s),usertime(s),memory(GB)
1939.9699516296387,1940.001274,0.006226000000000009,1939.995048,0.19473648071289062
