walltime(s),cputime(s),systime(s),usertime(s),memory(GB)
1114.8480417728424,1114.8435670000001,0.0,1114.8435670000001,0.1949615478515625
1112.8255169391632,1112.8218920000002,0.0033390000000000086,1112.818553,0.1949615478515625
1113.4202649593353,1113.416788,0.0,1113.416788,0.1949615478515625
