walltime(s),cputime(s),systime(s),usertime(s),memory(GB)
5.128322124481201,5.128430000000001,0.0,5.128430000000001,0.19579315185546875
5.157668113708496,5.157809,0.0,5.157809,0.19579315185546875
5.167755842208862,5.167893000000001,0.0,5.167893000000001,0.19579315185546875
5.176567792892456,5.1766749999999995,0.0,5.1766749999999995,0.19579315185546875
5.1587746143341064,5.158890999999997,0.0,5.158890999999997,0.19579315185546875
5.183497428894043,5.183624000000002,0.0,5.183624000000002,0.19579315185546875
5.170590400695801,5.170718000000001,0.0,5.170718000000001,0.19579315185546875
5.156745195388794,5.156860999999999,0.0,5.156860999999999,0.19579315185546875
5.1660239696502686,5.166151999999997,0.0,5.166151999999997,0.19579315185546875
5.175947427749634,5.176062999999999,0.0,5.176062999999999,0.19579315185546875
5.167387962341309,5.167513,0.0,5.167513,0.19579315185546875
5.160436630249023,5.160563999999994,0.0,5.160563999999994,0.19579315185546875
5.166085481643677,5.166222000000005,0.0,5.166222000000005,0.19579315185546875
5.161117315292358,5.161258000000004,0.0,5.161258000000004,0.19579315185546875
5.32996129989624,5.33010800000001,0.0,5.33010800000001,0.19579315185546875
5.155248165130615,5.15538500000001,0.0,5.15538500000001,0.19579315185546875
5.164446830749512,5.164590000000004,0.0,5.164590000000004,0.19579315185546875
5.16134238243103,5.161469000000011,0.0,5.161469000000011,0.19579315185546875
5.307257175445557,5.307389000000001,0.0,5.307389000000001,0.19579315185546875
5.199015855789185,5.199139000000002,0.0,5.199139000000002,0.19579315185546875
5.2691566944122314,5.269284999999996,0.0,5.269284999999996,0.19579315185546875
5.276344299316406,5.276466999999997,0.0,5.276466999999997,0.19579315185546875
5.166569232940674,5.166691,0.0,5.166691,0.19579315185546875
5.160865306854248,5.160991999999993,0.0,5.160991999999993,0.19579315185546875
5.163841247558594,5.163968000000011,0.0,5.163968000000011,0.19579315185546875
5.159638404846191,5.159761000000003,0.0,5.159761000000003,0.19579315185546875
5.161794662475586,5.161920000000009,0.0,5.161920000000009,0.19579315185546875
5.258922576904297,5.259048000000007,0.0,5.259048000000007,0.19579315185546875
5.165717124938965,5.165839000000005,0.0,5.165839000000005,0.19579315185546875
5.15913462638855,5.1592620000000124,0.0,5.1592620000000124,0.19579315185546875
