walltime(s),cputime(s),systime(s),usertime(s),memory(GB)
900.0039029121399,899.934406,2.3713319999999998,897.5630739999999,0.3834228515625
860.6378071308136,860.6500339999999,0.6958380000000002,859.9541959999999,0.3894805908203125
865.0062758922577,865.0209329999999,0.4519359999999999,864.5689969999999,0.3894805908203125
883.4174025058746,883.4263270000002,0.4239769999999998,883.0023500000002,0.3894805908203125
