walltime(s),cputime(s),systime(s),usertime(s),memory(GB)
0.10189390182495117,0.10188299999999995,0.0,0.10188299999999995,0.19293212890625
0.09840703010559082,0.09839500000000001,0.0,0.09839500000000001,0.19293212890625
0.08983230590820312,0.0898209999999997,0.0,0.0898209999999997,0.19293212890625
0.09390139579772949,0.09389100000000017,0.0,0.09389100000000017,0.19293212890625
0.09037923812866211,0.09036800000000067,0.0,0.09036800000000067,0.19293212890625
0.09359931945800781,0.0935889999999997,0.0,0.0935889999999997,0.19293212890625
0.09287095069885254,0.0928589999999998,0.0,0.0928589999999998,0.19293212890625
0.08936762809753418,0.08935699999999969,0.0,0.08935699999999969,0.19293212890625
0.09012484550476074,0.0901139999999998,0.0,0.0901139999999998,0.19293212890625
0.09008145332336426,0.09005799999999997,0.0,0.09005799999999997,0.19293212890625
0.08954501152038574,0.08953599999999984,0.0,0.08953599999999984,0.19293212890625
0.0960993766784668,0.09608900000000009,0.0,0.09608900000000009,0.19293212890625
0.08805298805236816,0.08804299999999987,0.0,0.08804299999999987,0.19293212890625
0.08960247039794922,0.0895930000000007,0.0,0.0895930000000007,0.19293212890625
0.09353494644165039,0.09352400000000038,0.0,0.09352400000000038,0.19293212890625
0.08881330490112305,0.08880400000000055,0.0,0.08880400000000055,0.19293212890625
0.09026432037353516,0.09024500000000035,0.0,0.09024500000000035,0.19293212890625
0.08856987953186035,0.0885600000000002,0.0,0.0885600000000002,0.19293212890625
0.09441590309143066,0.09440600000000021,0.0,0.09440600000000021,0.19293212890625
0.08908224105834961,0.08907199999999982,0.0,0.08907199999999982,0.19293212890625
0.0922553539276123,0.09224500000000013,0.0,0.09224500000000013,0.19293212890625
0.08918452262878418,0.08917399999999986,0.0,0.08917399999999986,0.19293212890625
0.08888626098632812,0.0888770000000001,0.0,0.0888770000000001,0.19293212890625
0.0953986644744873,0.0953879999999998,0.0,0.0953879999999998,0.19293212890625
0.08903646469116211,0.0890190000000004,0.0,0.0890190000000004,0.19293212890625
0.08907485008239746,0.08906499999999973,0.0,0.08906499999999973,0.19293212890625
0.09082841873168945,0.09081699999999948,0.0,0.09081699999999948,0.19293212890625
0.08861255645751953,0.08860299999999999,0.0,0.08860299999999999,0.19293212890625
0.09458637237548828,0.094576,0.0,0.094576,0.19293212890625
0.08918881416320801,0.08917900000000145,0.0,0.08917900000000145,0.19293212890625
