walltime(s),cputime(s),systime(s),usertime(s),memory(GB)
3.531033992767334,3.531104,0.0,3.531104,0.19625473022460938
3.486062526702881,3.486120000000001,0.0007399999999999629,3.485380000000001,0.19625473022460938
3.471628427505493,3.471717999999999,0.0,3.471717999999999,0.19625473022460938
3.481330156326294,3.481396,0.0,3.481396,0.19625473022460938
3.467107057571411,3.467185999999998,0.0,3.467185999999998,0.19649887084960938
3.5101943016052246,3.5102769999999985,0.0,3.5102769999999985,0.19649887084960938
3.4805593490600586,3.480648000000002,0.0,3.480648000000002,0.19649887084960938
3.470557928085327,3.4706399999999995,0.0,3.4706399999999995,0.19649887084960938
3.4640748500823975,3.4641520000000057,0.0,3.4641520000000057,0.19649887084960938
3.4680097103118896,3.4680979999999977,0.0,3.4680979999999977,0.19649887084960938
3.4617247581481934,3.461802000000006,0.0,3.461802000000006,0.19649887084960938
3.500880718231201,3.5009580000000042,0.0,3.5009580000000042,0.19649887084960938
3.46700119972229,3.4670759999999987,0.0,3.4670759999999987,0.19649887084960938
3.471545696258545,3.471634999999999,0.0,3.471634999999999,0.19649887084960938
3.4806246757507324,3.4807010000000034,0.0,3.4807010000000034,0.19649887084960938
3.4905059337615967,3.4905880000000025,0.0,3.4905880000000025,0.19649887084960938
3.477581262588501,3.477669000000006,0.0,3.477669000000006,0.19649887084960938
3.463963031768799,3.4640389999999996,0.0,3.4640389999999996,0.19649887084960938
3.4704954624176025,3.4705790000000007,0.0,3.4705790000000007,0.19649887084960938
3.4684951305389404,3.468584000000007,0.0,3.468584000000007,0.19649887084960938
3.4746222496032715,3.474699000000001,0.0,3.474699000000001,0.19649887084960938
3.4705963134765625,3.470673000000005,0.0,3.470673000000005,0.19649887084960938
3.4717376232147217,3.471823999999998,0.0,3.471823999999998,0.19649887084960938
3.470911741256714,3.4709939999999904,0.0,3.4709939999999904,0.19649887084960938
3.466430187225342,3.466501000000008,0.0,3.466501000000008,0.19649887084960938
3.4956870079040527,3.495775000000009,0.0,3.495775000000009,0.19649887084960938
3.470815420150757,3.4708909999999946,0.0,3.4708909999999946,0.19649887084960938
3.465015172958374,3.465091000000001,0.0,3.465091000000001,0.19649887084960938
3.4652490615844727,3.465336999999991,0.0,3.465336999999991,0.19649887084960938
3.4713551998138428,3.4714310000000097,0.0,3.4714310000000097,0.19649887084960938
