walltime(s),cputime(s),systime(s),usertime(s),memory(GB)
537.1416907310486,537.1174229999999,0.9906859999999998,536.1267369999999,0.8718948364257812
537.7999029159546,537.804037,0.8920279999999998,536.912009,0.8776435852050781
539.1552584171295,539.1594670000001,0.7960090000000002,538.363458,0.8776435852050781
538.2801368236542,538.284416,0.804011,537.480405,0.8776817321777344
538.3311507701874,538.3354819999998,0.7280109999999995,537.6074709999998,0.8776817321777344
539.1392569541931,539.1433820000001,0.7520030000000002,538.3913790000001,0.8776817321777344
