walltime(s),cputime(s),systime(s),usertime(s),memory(GB)
174.7070758342743,174.701005,0.13112100000000004,174.569884,0.3046455383300781
173.77672147750854,173.77692199999998,0.063554,173.71336799999997,0.3046455383300781
173.75748419761658,173.757843,0.043848,173.713995,0.3046455383300781
173.80218482017517,173.80194999999995,0.047919000000000045,173.75403099999994,0.3046455383300781
173.72110438346863,173.7211559999999,0.05995700000000004,173.6611989999999,0.3046455383300781
173.75178575515747,173.75206900000003,0.047963999999999896,173.70410500000003,0.3046455383300781
173.53581047058105,173.5358980000001,0.06398100000000007,173.47191700000008,0.3046455383300781
173.83894324302673,173.8389800000002,0.07198499999999997,173.76699500000018,0.3046455383300781
173.8256480693817,173.82594599999985,0.08399199999999984,173.74195399999985,0.3046455383300781
174.88475966453552,174.88432499999996,0.04798799999999992,174.83633699999996,0.3046455383300781
173.81012511253357,173.8105840000001,0.0599940000000001,173.7505900000001,0.3046455383300781
173.6141676902771,173.61460499999976,0.1200009999999998,173.49460399999975,0.3046455383300781
173.7923481464386,173.79283900000016,0.09999499999999983,173.69284400000015,0.3046455383300781
173.85650610923767,173.85695100000044,0.0959979999999998,173.76095300000043,0.3046455383300781
174.04868006706238,174.04911700000022,0.05199500000000001,173.99712200000022,0.3046455383300781
174.58649253845215,173.78672499999976,0.08800800000000009,173.69871699999976,0.3046455383300781
173.64662957191467,173.64701299999987,0.04799499999999979,173.5990179999999,0.3046455383300781
173.78151941299438,173.7819089999998,0.04399500000000023,173.73791399999982,0.3046455383300781
173.7209494113922,173.72134499999964,0.08399599999999996,173.63734899999963,0.3046455383300781
173.84673047065735,173.847066,0.051995000000000235,173.795071,0.3046455383300781
