walltime(s),cputime(s),systime(s),usertime(s),memory(GB)
0.48619866371154785,0.48618600000000045,0.0,0.48618600000000045,0.195098876953125
0.4825904369354248,0.4825969999999993,0.0,0.4825969999999993,0.195098876953125
0.4837977886199951,0.48378600000000027,0.0,0.48378600000000027,0.195098876953125
0.4833798408508301,0.4833859999999994,0.0,0.4833859999999994,0.195098876953125
0.48551058769226074,0.48549800000000065,0.0,0.48549800000000065,0.195098876953125
0.4828345775604248,0.4828410000000005,0.0,0.4828410000000005,0.195098876953125
0.48467159271240234,0.4846779999999997,0.0,0.4846779999999997,0.195098876953125
0.4838728904724121,0.48387399999999925,0.0,0.48387399999999925,0.195098876953125
0.4858741760253906,0.4858809999999991,0.0,0.4858809999999991,0.195098876953125
0.4829559326171875,0.4829629999999998,0.0,0.4829629999999998,0.195098876953125
0.48495054244995117,0.48495699999999964,0.0,0.48495699999999964,0.195098876953125
0.4835958480834961,0.4836029999999987,0.0,0.4836029999999987,0.195098876953125
0.4869065284729004,0.4869039999999991,0.0,0.4869039999999991,0.195098876953125
0.48313355445861816,0.48314000000000057,0.0,0.48314000000000057,0.195098876953125
0.4837784767150879,0.483784,0.0,0.483784,0.195098876953125
0.48312807083129883,0.48312699999999964,0.0,0.48312699999999964,0.195098876953125
0.48548460006713867,0.48549100000000145,0.0,0.48549100000000145,0.195098876953125
0.48257899284362793,0.48258500000000026,0.0,0.48258500000000026,0.195098876953125
0.484011173248291,0.4840169999999997,0.0,0.4840169999999997,0.195098876953125
0.48369741439819336,0.4837030000000002,0.0,0.4837030000000002,0.195098876953125
0.4847836494445801,0.4847899999999985,0.0,0.4847899999999985,0.195098876953125
0.4831545352935791,0.48316099999999906,0.0,0.48316099999999906,0.195098876953125
0.4841899871826172,0.4841920000000002,0.0,0.4841920000000002,0.195098876953125
0.4841609001159668,0.48416699999999935,0.0,0.48416699999999935,0.195098876953125
0.48488783836364746,0.4848940000000006,0.0,0.4848940000000006,0.195098876953125
0.48279762268066406,0.482803999999998,0.0,0.482803999999998,0.195098876953125
0.48441171646118164,0.484417999999998,0.0,0.484417999999998,0.195098876953125
0.48320722579956055,0.4832129999999992,0.0,0.4832129999999992,0.195098876953125
0.4856114387512207,0.4856180000000023,0.0,0.4856180000000023,0.195098876953125
0.48244571685791016,0.4824520000000021,0.0,0.4824520000000021,0.195098876953125
