walltime(s),cputime(s),systime(s),usertime(s),memory(GB)
2361.487193584442,2361.2381870000004,0.46745000000000003,2360.7707370000003,0.19456863403320312
