walltime(s),cputime(s),systime(s),usertime(s),memory(GB)
2705.30482339859,2705.293498,5.503407,2699.790091,1.2013778686523438
