walltime(s),cputime(s),systime(s),usertime(s),memory(GB)
34.58070945739746,34.576748,0.0,34.576748,0.19490432739257812
33.742889642715454,33.733237,0.0,33.733237,0.19490432739257812
34.243507862091064,34.23326399999999,0.0,34.23326399999999,0.19490432739257812
34.96153783798218,34.95120499999999,0.0,34.95120499999999,0.19490432739257812
34.79293704032898,34.78276199999999,0.0,34.78276199999999,0.19490432739257812
34.34385395050049,34.33381400000002,0.0,34.33381400000002,0.19490432739257812
35.09016466140747,35.079837999999995,0.0,35.079837999999995,0.19490432739257812
35.02253532409668,35.012343000000016,0.0,35.012343000000016,0.19490432739257812
34.96237540245056,34.95220499999999,0.0,34.95220499999999,0.19490432739257812
34.91535925865173,34.905482000000006,0.0,34.905482000000006,0.19490432739257812
35.911070346832275,35.90067100000001,0.003499000000000002,35.89717200000001,0.19490432739257812
35.30135941505432,35.29129700000004,0.0,35.29129700000004,0.19490432739257812
35.94686317443848,35.936413000000016,0.0,35.936413000000016,0.19490432739257812
35.92106032371521,35.91094399999997,0.0,35.91094399999997,0.19490432739257812
35.8502357006073,35.84003899999999,0.0,35.84003899999999,0.19490432739257812
35.77059483528137,35.760482000000025,0.0,35.760482000000025,0.19490432739257812
35.818992137908936,35.80892600000004,0.0,35.80892600000004,0.19490432739257812
35.41846418380737,35.40862200000004,0.0,35.40862200000004,0.19490432739257812
35.619317293167114,35.60903700000006,0.0,35.60903700000006,0.19490432739257812
35.76628828048706,35.75634600000001,0.0,35.75634600000001,0.19490432739257812
36.18722462654114,36.17694599999993,0.0,36.17694599999993,0.19490432739257812
35.8894259929657,35.879442999999924,0.0,35.879442999999924,0.19490432739257812
35.956581592559814,35.946240999999986,0.0,35.946240999999986,0.19490432739257812
35.51789855957031,35.508024999999975,0.0,35.508024999999975,0.19490432739257812
35.70089602470398,35.69099900000003,0.0,35.69099900000003,0.19490432739257812
35.848761558532715,35.83861000000002,0.0,35.83861000000002,0.19490432739257812
35.6961989402771,35.68622600000003,0.0,35.68622600000003,0.19490432739257812
35.52379512786865,35.513645999999994,0.0,35.513645999999994,0.19490432739257812
35.75541114807129,35.7454929999999,0.0,35.7454929999999,0.19490432739257812
35.801939487457275,35.79183699999999,0.0,35.79183699999999,0.19490432739257812
