walltime(s),cputime(s),systime(s),usertime(s),memory(GB)
34.24590468406677,34.246522000000006,0.0,34.246522000000006,0.19408798217773438
34.05003380775452,34.050675000000005,0.0,34.050675000000005,0.19408798217773438
33.95559048652649,33.956242,0.0,33.956242,0.19408798217773438
33.99434232711792,33.995003999999994,0.0,33.995003999999994,0.19408798217773438
34.10126209259033,34.101946,0.0,34.101946,0.19408798217773438
33.762439012527466,33.76309599999999,0.0,33.76309599999999,0.19408798217773438
32.73858642578125,32.739202000000006,0.0,32.739202000000006,0.19408798217773438
32.73750853538513,32.737955,0.0,32.737955,0.19408798217773438
32.697935581207275,32.69849400000004,0.0,32.69849400000004,0.19408798217773438
32.719478368759155,32.720079,0.0,32.720079,0.19408798217773438
32.70223951339722,32.702830000000006,0.0,32.702830000000006,0.19408798217773438
32.73708510398865,32.73771199999999,0.0,32.73771199999999,0.19408798217773438
32.70706653594971,32.707689000000016,0.0,32.707689000000016,0.19408798217773438
32.74268674850464,32.74331700000005,0.0,32.74331700000005,0.19408798217773438
32.308910608291626,32.309563000000026,0.0,32.309563000000026,0.19408798217773438
32.20467686653137,32.205238000000065,0.0,32.205238000000065,0.19408798217773438
32.267529249191284,32.268117000000075,0.0,32.268117000000075,0.19408798217773438
31.537885665893555,31.53851099999997,0.0,31.53851099999997,0.19408798217773438
31.526021480560303,31.52661099999989,0.0,31.52661099999989,0.19408798217773438
31.618755102157593,31.619358999999918,0.0,31.619358999999918,0.19408798217773438
31.465429544448853,31.46604100000002,0.0,31.46604100000002,0.19408798217773438
31.545109748840332,31.545748000000003,0.0,31.545748000000003,0.19408798217773438
31.583650588989258,31.584258999999975,0.0,31.584258999999975,0.19408798217773438
31.5945942401886,31.595229000000018,0.0,31.595229000000018,0.19408798217773438
30.057535648345947,30.058132999999998,0.0,30.058132999999998,0.19408798217773438
30.731558799743652,30.732158000000027,0.0,30.732158000000027,0.19408798217773438
30.64850687980652,30.649119999999925,0.0,30.649119999999925,0.19408798217773438
31.65376877784729,31.654170000000022,0.0,31.654170000000022,0.19408798217773438
31.49189019203186,31.492436999999995,0.0,31.492436999999995,0.19408798217773438
31.68913960456848,31.689704000000006,0.0,31.689704000000006,0.19408798217773438
