walltime(s),cputime(s),systime(s),usertime(s),memory(GB)
1.9195919036865234,1.9195860000000007,0.0,1.9195860000000007,0.19530868530273438
1.8805253505706787,1.8805569999999996,0.0,1.8805569999999996,0.19530868530273438
1.8972530364990234,1.897271,0.0,1.897271,0.19530868530273438
1.8884031772613525,1.8884360000000004,0.0,1.8884360000000004,0.19530868530273438
1.8964242935180664,1.8964470000000002,0.0,1.8964470000000002,0.19530868530273438
1.8400015830993652,1.840033,0.0,1.840033,0.19530868530273438
1.8144395351409912,1.814456999999999,0.0,1.814456999999999,0.19530868530273438
1.8164291381835938,1.8164610000000003,0.0,1.8164610000000003,0.19530868530273438
1.8234710693359375,1.8235019999999977,0.0,1.8235019999999977,0.19530868530273438
1.8210842609405518,1.8210840000000026,0.0,1.8210840000000026,0.19530868530273438
1.818479061126709,1.8182919999999996,0.0,1.8182919999999996,0.19530868530273438
1.8176393508911133,1.8176650000000016,0.0,1.8176650000000016,0.19530868530273438
1.8208940029144287,1.8209250000000026,0.0,1.8209250000000026,0.19530868530273438
1.8186089992523193,1.8186259999999983,0.0,1.8186259999999983,0.19530868530273438
1.8243236541748047,1.8243540000000031,0.0,1.8243540000000031,0.19530868530273438
1.8157987594604492,1.815648000000003,0.0,1.815648000000003,0.19530868530273438
1.819838285446167,1.8198690000000042,0.0,1.8198690000000042,0.19530868530273438
1.815967082977295,1.8159929999999989,0.0,1.8159929999999989,0.19530868530273438
1.825040578842163,1.8250320000000002,0.0,1.8250320000000002,0.19530868530273438
1.823639154434204,1.8232770000000045,0.0,1.8232770000000045,0.19530868530273438
1.8167154788970947,1.816746000000002,0.0,1.816746000000002,0.19530868530273438
1.8196516036987305,1.819662000000001,0.0,1.819662000000001,0.19530868530273438
1.8258695602416992,1.8259010000000018,0.0,1.8259010000000018,0.19530868530273438
1.815830945968628,1.8158630000000002,0.0,1.8158630000000002,0.19530868530273438
1.8167805671691895,1.8166200000000003,0.0,1.8166200000000003,0.19530868530273438
1.819498062133789,1.8195300000000003,0.0,1.8195300000000003,0.19530868530273438
1.8178157806396484,1.8178330000000003,0.0,1.8178330000000003,0.19530868530273438
1.814401388168335,1.814430999999999,0.0,1.814430999999999,0.19530868530273438
1.8195900917053223,1.819615000000006,0.0,1.819615000000006,0.19530868530273438
1.8710989952087402,1.8711300000000008,0.0,1.8711300000000008,0.19530868530273438
