walltime(s),cputime(s),systime(s),usertime(s),memory(GB)
3056.596387863159,3056.0579559999996,0.21331999999999995,3055.844636,0.19632720947265625
