walltime(s),cputime(s),systime(s),usertime(s),memory(GB)
250.24281668663025,250.087054,0.27353399999999994,249.81351999999998,0.5213432312011719
250.50927925109863,250.51493799999997,0.292014,250.22292399999998,0.5248565673828125
250.51679682731628,250.522498,0.3120109999999998,250.210487,0.5248641967773438
250.23773789405823,250.243165,0.26000999999999985,249.983155,0.5248756408691406
250.4898738861084,250.49540100000004,0.3280049999999999,250.16739600000005,0.5248756408691406
250.9499180316925,250.9552659999999,0.29600399999999993,250.6592619999999,0.5248756408691406
250.82012391090393,250.82561799999996,0.3160069999999999,250.50961099999995,0.5248756408691406
250.73127961158752,250.73674,0.3240059999999998,250.412734,0.5248756408691406
250.57895755767822,250.58442000000005,0.23600399999999988,250.34841600000004,0.5248756408691406
251.67000150680542,251.67549200000013,0.30000399999999994,251.37548800000013,0.5248756408691406
250.75722098350525,250.76285800000005,0.268008,250.49485000000004,0.5248756408691406
250.90016674995422,250.9057439999999,0.28800599999999976,250.61773799999992,0.5248756408691406
250.38317489624023,250.38876500000012,0.3240120000000002,250.0647530000001,0.5248756408691406
250.65079045295715,250.6564140000003,0.23600900000000014,250.4204050000003,0.5248756408691406
