walltime(s),cputime(s),systime(s),usertime(s),memory(GB)
19.234315395355225,19.234341999999998,0.0,19.234341999999998,0.19464111328125
18.483494997024536,18.483539999999998,0.0,18.483539999999998,0.19464111328125
18.451846599578857,18.451845,0.0,18.451845,0.19464111328125
18.455179691314697,18.455239,0.0,18.455239,0.19464111328125
18.446795225143433,18.446840999999992,0.0,18.446840999999992,0.19464111328125
18.456770658493042,18.456739,0.0,18.456739,0.19464111328125
18.4536554813385,18.45367499999999,0.0,18.45367499999999,0.19464111328125
18.436630725860596,18.43658099999999,0.0,18.43658099999999,0.19464111328125
18.436314344406128,18.436329999999998,0.0,18.436329999999998,0.19464111328125
18.463014602661133,18.462964999999997,0.0,18.462964999999997,0.19464111328125
18.451229572296143,18.45129399999999,0.0,18.45129399999999,0.19464111328125
18.43519926071167,18.435158,0.0,18.435158,0.19464111328125
18.448063611984253,18.44811200000001,0.0,18.44811200000001,0.19464111328125
18.421923398971558,18.421980999999988,0.0,18.421980999999988,0.19464111328125
18.423614501953125,18.423667000000023,0.0,18.423667000000023,0.19464111328125
18.425782918930054,18.425837,0.0,18.425837,0.19464111328125
18.10283875465393,18.102754000000004,0.0,18.102754000000004,0.19464111328125
17.11309838294983,17.11321400000003,9.999999999732445e-07,17.11321300000003,0.19464111328125
17.503708124160767,17.503805,0.0,17.503805,0.19464111328125
17.169145345687866,17.16927499999997,0.0,17.16927499999997,0.19464111328125
17.93100881576538,17.931150000000002,0.0,17.931150000000002,0.19464111328125
17.764526844024658,17.76464900000002,0.0,17.76464900000002,0.19464111328125
17.787867546081543,17.787582999999984,0.0,17.787582999999984,0.19464111328125
17.807225227355957,17.807353999999975,0.0,17.807353999999975,0.19464111328125
17.835191011428833,17.835313999999983,0.0,17.835313999999983,0.19464111328125
17.89216637611389,17.89228700000001,0.0,17.89228700000001,0.19464111328125
17.76593828201294,17.766062999999974,0.0,17.766062999999974,0.19464111328125
17.8061740398407,17.806310999999994,0.0,17.806310999999994,0.19464111328125
17.74578833580017,17.745923999999945,0.0,17.745923999999945,0.19464111328125
17.733107805252075,17.733244000000013,0.0,17.733244000000013,0.19464111328125
