walltime(s),cputime(s),systime(s),usertime(s),memory(GB)
568.7418324947357,568.731402,0.0,568.731402,0.19496917724609375
561.1591610908508,561.1563170000001,0.0,561.1563170000001,0.19496917724609375
562.6080267429352,562.603769,0.0,562.603769,0.19496917724609375
563.3114192485809,563.308174,0.0,563.308174,0.19496917724609375
561.2213957309723,561.2200399999998,0.014518999999999949,561.2055209999999,0.19496917724609375
561.572262763977,561.5692010000002,0.0,561.5692010000002,0.19496917724609375
