walltime(s),cputime(s),systime(s),usertime(s),memory(GB)
5.6165525913238525,5.616483000000001,0.0,5.616483000000001,0.194793701171875
5.557891368865967,5.557815,1.2000000000012001e-05,5.557803,0.194793701171875
5.553095579147339,5.553050999999998,0.0,5.553050999999998,0.194793701171875
5.554572582244873,5.554531000000001,0.0,5.554531000000001,0.194793701171875
5.554460048675537,5.554413000000003,4.000000000004e-06,5.554409000000003,0.194793701171875
5.551000595092773,5.550944999999999,0.0,5.550944999999999,0.194793701171875
5.556946039199829,5.556888999999998,0.0,5.556888999999998,0.194793701171875
5.552496433258057,5.552447999999998,0.0,5.552447999999998,0.194793701171875
5.540902376174927,5.540844999999997,0.0,5.540844999999997,0.194793701171875
5.560614109039307,5.560563999999999,0.0,5.560563999999999,0.194793701171875
5.5553295612335205,5.555278000000001,0.0,5.555278000000001,0.194793701171875
5.550483465194702,5.550414999999987,0.0,5.550414999999987,0.194793701171875
5.561595916748047,5.561542999999999,5.000000000032756e-06,5.561537999999999,0.194793701171875
5.549569845199585,5.54951299999999,0.0,5.54951299999999,0.194793701171875
5.546427965164185,5.546393999999992,0.0,5.546393999999992,0.194793701171875
5.558212518692017,5.558160999999998,0.0,5.558160999999998,0.194793701171875
5.552395343780518,5.552336999999994,0.0,5.552336999999994,0.194793701171875
5.554043769836426,5.55398799999999,0.0,5.55398799999999,0.194793701171875
5.554040908813477,5.553984,0.0,5.553984,0.194793701171875
5.549497604370117,5.549446000000003,0.0,5.549446000000003,0.194793701171875
5.545284032821655,5.545237,0.0,5.545237,0.194793701171875
5.550588130950928,5.5505299999999975,9.999999999732445e-07,5.550528999999997,0.194793701171875
5.541313886642456,5.541253999999995,0.0,5.541253999999995,0.194793701171875
5.553027391433716,5.552985000000007,0.0,5.552985000000007,0.194793701171875
5.542513847351074,5.542479000000014,0.0,5.542479000000014,0.194793701171875
5.543277740478516,5.543242999999992,1.0000000000287557e-06,5.543241999999992,0.194793701171875
5.742466688156128,5.742426999999992,0.0,5.742426999999992,0.194793701171875
5.552963733673096,5.5529280000000085,0.0,5.5529280000000085,0.194793701171875
5.537597417831421,5.5375410000000045,0.0,5.5375410000000045,0.194793701171875
5.554361343383789,5.554329000000024,0.0,5.554329000000024,0.194793701171875
