walltime(s),cputime(s),systime(s),usertime(s),memory(GB)
6.283698797225952,6.283473000000001,0.002035000000000009,6.2814380000000005,0.1951904296875
6.42372465133667,6.423736,0.0034159999999999746,6.42032,0.1951904296875
6.430069208145142,6.430015999999998,0.0,6.430015999999998,0.1951904296875
6.422630548477173,6.422674000000001,0.0,6.422674000000001,0.1951904296875
6.436414480209351,6.436325000000004,0.007455000000000045,6.428870000000003,0.1951904296875
6.431087970733643,6.431097000000001,0.0,6.431097000000001,0.1951904296875
6.420897483825684,6.420940999999999,0.0,6.420940999999999,0.1951904296875
6.427722215652466,6.427631999999996,0.0,6.427631999999996,0.1951904296875
6.462162017822266,6.462192000000002,0.0,6.462192000000002,0.1951904296875
6.4300377368927,6.429962,0.0037840000000000096,6.426178,0.1951904296875
6.425384521484375,6.425415000000001,0.0,6.425415000000001,0.1951904296875
6.436707019805908,6.436728000000002,0.0,6.436728000000002,0.1951904296875
6.4244256019592285,6.424459999999996,0.0,6.424459999999996,0.1951904296875
6.424114465713501,6.424162999999993,0.0,6.424162999999993,0.1951904296875
6.415799379348755,6.415842999999995,0.0,6.415842999999995,0.1951904296875
6.4241623878479,6.424188000000001,0.0,6.424188000000001,0.1951904296875
6.454684495925903,6.4547349999999994,0.0,6.4547349999999994,0.1951904296875
6.431561708450317,6.431591999999995,0.0,6.431591999999995,0.1951904296875
6.424706220626831,6.424741999999991,0.007872999999999908,6.416868999999991,0.1951904296875
6.417311191558838,6.417354000000017,0.0,6.417354000000017,0.1951904296875
6.417479991912842,6.417504000000008,0.0,6.417504000000008,0.1951904296875
6.420481204986572,6.420533000000006,0.0,6.420533000000006,0.1951904296875
6.421587228775024,6.421623000000011,0.0,6.421623000000011,0.1951904296875
6.42379355430603,6.423836999999992,0.0,6.423836999999992,0.1951904296875
6.419661283493042,6.419670999999994,0.0,6.419670999999994,0.1951904296875
6.424452781677246,6.424497000000002,0.0,6.424497000000002,0.1951904296875
6.42804741859436,6.428100999999998,0.0,6.428100999999998,0.1951904296875
6.5040013790130615,6.5040380000000075,0.003951000000000038,6.500087000000008,0.1951904296875
6.409652471542358,6.4096859999999936,0.0,6.4096859999999936,0.1951904296875
6.4150965213775635,6.41512800000001,0.0,6.41512800000001,0.1951904296875
