walltime(s),cputime(s),systime(s),usertime(s),memory(GB)
2686.838072538376,2686.794096,0.003831000000000029,2686.790265,0.19665145874023438
