walltime(s),cputime(s),systime(s),usertime(s),memory(GB)
2449.624651193619,2449.624316,0.009126999999999996,2449.615189,0.19745254516601562
