walltime(s),cputime(s),systime(s),usertime(s),memory(GB)
26.160250902175903,26.16015,0.0,26.16015,0.1945953369140625
26.17215633392334,26.172071,0.0,26.172071,0.1945953369140625
26.153956174850464,26.153869999999998,0.0,26.153869999999998,0.1945953369140625
26.159578800201416,26.159491000000003,0.0,26.159491000000003,0.1945953369140625
26.143298625946045,26.143228000000008,0.0,26.143228000000008,0.1945953369140625
26.164600610733032,26.164524999999998,0.0,26.164524999999998,0.1945953369140625
26.14602017402649,26.14595399999999,0.0,26.14595399999999,0.1945953369140625
26.16817045211792,26.168093,0.0,26.168093,0.1945953369140625
26.143804788589478,26.143736999999987,0.0,26.143736999999987,0.1945953369140625
26.175134897232056,26.175059000000005,0.0,26.175059000000005,0.1945953369140625
26.147956609725952,26.147887000000026,0.0,26.147887000000026,0.1945953369140625
26.187957048416138,26.187836000000004,0.0,26.187836000000004,0.1945953369140625
26.153746128082275,26.153678000000014,0.0,26.153678000000014,0.1945953369140625
26.1744122505188,26.174329999999998,0.0,26.174329999999998,0.1945953369140625
26.157719373703003,26.15763800000002,0.0,26.15763800000002,0.1945953369140625
26.169893264770508,26.169826,0.0,26.169826,0.1945953369140625
26.162984132766724,26.162877999999978,0.0,26.162877999999978,0.1945953369140625
26.171736478805542,26.17166800000001,0.0,26.17166800000001,0.1945953369140625
26.161243438720703,26.161148999999966,0.0,26.161148999999966,0.1945953369140625
26.175788402557373,26.175723999999946,0.0,26.175723999999946,0.1945953369140625
26.1397647857666,26.139678000000004,0.0,26.139678000000004,0.1945953369140625
26.167272090911865,26.16721300000006,0.0,26.16721300000006,0.1945953369140625
26.137794971466064,26.137718000000064,0.0,26.137718000000064,0.1945953369140625
26.11850643157959,26.11840600000005,0.0,26.11840600000005,0.1945953369140625
26.1021089553833,26.102035,0.0,26.102035,0.1945953369140625
26.135600090026855,26.135528000000022,0.0,26.135528000000022,0.1945953369140625
26.101258754730225,26.101191000000085,0.0,26.101191000000085,0.1945953369140625
26.1236834526062,26.123620999999957,0.0,26.123620999999957,0.1945953369140625
26.123790979385376,26.12372700000003,0.0,26.12372700000003,0.1945953369140625
26.115959405899048,26.115891000000033,0.0,26.115891000000033,0.1945953369140625
