walltime(s),cputime(s),systime(s),usertime(s),memory(GB)
37.19581127166748,37.196083,0.00010199999999999099,37.195981,0.19485092163085938
36.47132229804993,36.471565,0.0,36.471565,0.19485092163085938
36.650336265563965,36.65060600000001,0.0,36.65060600000001,0.19485092163085938
36.8763165473938,36.87655700000002,0.0,36.87655700000002,0.19485092163085938
36.048879623413086,36.049150000000026,0.0,36.049150000000026,0.19485092163085938
38.16309475898743,38.096159,0.0,38.096159,0.19485092163085938
37.97100019454956,37.951948999999985,0.0,37.951948999999985,0.19485092163085938
36.90072154998779,36.900919999999985,0.0,36.900919999999985,0.19485092163085938
36.635223150253296,36.635492,0.0,36.635492,0.19485092163085938
36.55069971084595,36.55097000000001,0.0,36.55097000000001,0.19485092163085938
36.6030969619751,36.603372999999976,0.0,36.603372999999976,0.19485092163085938
36.420796632766724,36.42103800000001,0.0,36.42103800000001,0.19485092163085938
36.679434299468994,36.67971,0.0,36.67971,0.19485092163085938
36.88227987289429,36.88256200000001,0.0,36.88256200000001,0.19485092163085938
36.38203454017639,36.38232000000005,0.0,36.38232000000005,0.19485092163085938
34.85894513130188,34.85919999999999,0.0,34.85919999999999,0.19485092163085938
34.483278036117554,34.48352299999999,0.0,34.48352299999999,0.19485092163085938
35.156219720840454,35.15649199999996,0.0,35.15649199999996,0.19485092163085938
35.275312423706055,35.27552499999997,0.0039919999999999956,35.27153299999998,0.19485092163085938
35.062342166900635,35.06259900000009,0.0,35.06259900000009,0.19485092163085938
35.20397877693176,35.20425399999999,0.0,35.20425399999999,0.19485092163085938
34.797560691833496,34.797777999999994,0.0,34.797777999999994,0.19485092163085938
35.11036252975464,35.110614000000055,0.0,35.110614000000055,0.19485092163085938
35.07704472541809,35.077316999999994,1.0000000000287557e-06,35.077315999999996,0.19485092163085938
35.041500091552734,35.041786,0.0,35.041786,0.19485092163085938
35.07562708854675,35.07588599999997,0.0,35.07588599999997,0.19485092163085938
35.12461185455322,35.12488999999994,0.0,35.12488999999994,0.19485092163085938
35.0204541683197,35.020711000000006,0.0,35.020711000000006,0.19485092163085938
35.32746744155884,35.327695999999946,0.0,35.327695999999946,0.19485092163085938
34.79549980163574,34.795781000000034,0.0,34.795781000000034,0.19485092163085938
