walltime(s),cputime(s),systime(s),usertime(s),memory(GB)
423.46437644958496,423.463778,0.0,423.463778,0.19470977783203125
419.7563371658325,419.756051,0.0,419.756051,0.19470977783203125
419.89111137390137,419.8907609999999,0.0,419.8907609999999,0.19470977783203125
419.75045442581177,419.75017,0.0,419.75017,0.19470977783203125
421.3344919681549,421.33414800000014,0.0,421.33414800000014,0.19470977783203125
420.6719801425934,420.6716379999998,0.0,420.6716379999998,0.19470977783203125
420.23350620269775,420.23322199999984,0.0,420.23322199999984,0.19470977783203125
421.16640186309814,421.1661829999998,0.0,421.1661829999998,0.19470977783203125
