walltime(s),cputime(s),systime(s),usertime(s),memory(GB)
1929.469758272171,1929.4349470000002,0.0,1929.4349470000002,0.195465087890625
