walltime(s),cputime(s),systime(s),usertime(s),memory(GB)
636.6613817214966,636.672721,0.0,636.672721,0.19116592407226562
634.2663333415985,634.27754,0.0,634.27754,0.19116592407226562
612.6515805721283,612.6622560000001,0.0,612.6622560000001,0.19116592407226562
581.4091150760651,581.419157,0.0,581.419157,0.19116592407226562
553.5214383602142,553.5306189999997,0.0,553.5306189999997,0.19116592407226562
537.5621113777161,537.5669809999999,0.0,537.5669809999999,0.19116592407226562
