walltime(s),cputime(s),systime(s),usertime(s),memory(GB)
35.21903920173645,35.219419,0.0,35.219419,0.1955413818359375
35.800211906433105,35.800749,0.0,35.800749,0.1955413818359375
36.49249863624573,36.492960999999994,0.0,36.492960999999994,0.1955413818359375
36.664931297302246,36.66546699999999,0.0,36.66546699999999,0.1955413818359375
36.57334017753601,36.573803999999996,0.0,36.573803999999996,0.1955413818359375
36.653759717941284,36.65409299999999,0.0,36.65409299999999,0.1955413818359375
36.85837912559509,36.858738999999986,0.0,36.858738999999986,0.1955413818359375
37.02884531021118,37.02927999999997,0.0,37.02927999999997,0.1955413818359375
36.68259239196777,36.68303500000002,0.0,36.68303500000002,0.1955413818359375
36.8468177318573,36.847294999999974,0.0,36.847294999999974,0.1955413818359375
36.8567111492157,36.85720300000003,0.0,36.85720300000003,0.1955413818359375
35.77051830291748,35.77103999999997,0.0,35.77103999999997,0.1955413818359375
35.41988015174866,35.42039599999998,0.0,35.42039599999998,0.1955413818359375
35.422770977020264,35.423216999999966,0.0,35.423216999999966,0.1955413818359375
36.4766480922699,36.477107000000046,0.0,36.477107000000046,0.1955413818359375
36.92475485801697,36.92527700000005,0.0,36.92527700000005,0.1955413818359375
35.885475873947144,35.88600799999995,0.0,35.88600799999995,0.1955413818359375
36.69344210624695,36.69395900000006,0.0,36.69395900000006,0.1955413818359375
35.867774963378906,35.868314000000055,0.0,35.868314000000055,0.1955413818359375
36.98225665092468,36.982799,0.0,36.982799,0.1955413818359375
36.89273262023926,36.89327099999991,0.0,36.89327099999991,0.1955413818359375
36.90594220161438,36.90648699999997,0.0,36.90648699999997,0.1955413818359375
36.59240674972534,36.59283400000004,0.0,36.59283400000004,0.1955413818359375
37.04815149307251,37.04863,0.0,37.04863,0.1955413818359375
36.91336393356323,36.91388100000006,0.0,36.91388100000006,0.1955413818359375
36.90604209899902,36.906574999999975,0.0,36.906574999999975,0.1955413818359375
36.954609632492065,36.9550999999999,0.0,36.9550999999999,0.1955413818359375
37.04241394996643,37.04289599999993,0.0,37.04289599999993,0.1955413818359375
37.110230684280396,37.110796000000164,0.0,37.110796000000164,0.1955413818359375
37.58354592323303,37.58405199999993,0.0,37.58405199999993,0.1955413818359375
