walltime(s),cputime(s),systime(s),usertime(s),memory(GB)
2683.6287817955017,2683.570148,0.0024899999999999922,2683.567658,0.1948394775390625
