walltime(s),cputime(s),systime(s),usertime(s),memory(GB)
648.1240100860596,648.1224780000001,0.14403200000000005,647.9784460000001,0.3403778076171875
649.7851288318634,649.78834,0.12792500000000007,649.660415,0.3403778076171875
647.2649068832397,647.2679840000001,0.13197499999999995,647.1360090000001,0.3403778076171875
650.2456574440002,650.248676,0.1239889999999999,650.124687,0.3403778076171875
650.6241018772125,650.627205,0.11999300000000002,650.507212,0.3403778076171875
