walltime(s),cputime(s),systime(s),usertime(s),memory(GB)
462.0258560180664,462.02889,0.026683000000000012,462.002207,0.19493484497070312
445.7467520236969,445.749945,3.500000000000725e-05,445.74991,0.19493484497070312
449.5850992202759,449.58848400000005,1.399999999995849e-05,449.58847000000003,0.19493484497070312
457.9192371368408,457.9229090000001,6.000000000061512e-06,457.92290300000013,0.19493484497070312
457.7976212501526,457.8018390000001,5.000000000032756e-06,457.8018340000001,0.19493484497070312
456.3115940093994,456.3159579999999,1.999999999946489e-06,456.3159559999999,0.19493484497070312
457.81679487228394,457.82107299999996,2.9999999999752447e-06,457.82106999999996,0.19493484497070312
