walltime(s),cputime(s),systime(s),usertime(s),memory(GB)
1590.184860944748,1590.186705,0.0,1590.186705,0.19642257690429688
1558.4744300842285,1558.476549,0.0,1558.476549,0.19642257690429688
