walltime(s),cputime(s),systime(s),usertime(s),memory(GB)
612.9472186565399,612.944791,0.013940000000000008,612.930851,0.19490814208984375
587.2927627563477,587.28698,5.000000000032756e-06,587.286975,0.19490814208984375
607.0954620838165,607.0856889999999,0.0040000000000000036,607.0816889999999,0.19490814208984375
642.3753161430359,642.366079,1.0000000000287557e-06,642.366078,0.19490814208984375
918.1256427764893,918.1083060000003,0.007999999999999952,918.1003060000003,0.19490814208984375
