walltime(s),cputime(s),systime(s),usertime(s),memory(GB)
827.5722155570984,827.5909529999999,0.535137,827.0558159999999,0.3321418762207031
829.1771178245544,829.123247,0.32000300000000015,828.803244,0.3321418762207031
826.6777739524841,826.6997879999999,0.320009,826.3797789999999,0.3321418762207031
822.597145318985,822.6187929999999,0.31600799999999984,822.3027849999999,0.3321418762207031
