walltime(s),cputime(s),systime(s),usertime(s),memory(GB)
480.7992525100708,480.806947,0.005810999999999955,480.801136,0.19516754150390625
478.8201553821564,478.827923,2.6000000000026002e-05,478.827897,0.19516754150390625
478.3154351711273,478.32323400000007,8.000000000008e-06,478.3232260000001,0.19516754150390625
477.4012441635132,477.40897500000005,4.000000000004e-06,477.40897100000007,0.19516754150390625
479.6626453399658,479.67045200000007,2.000000000002e-06,479.6704500000001,0.19516754150390625
476.928959608078,476.9367060000002,2.000000000002e-06,476.9367040000002,0.19516754150390625
487.7408835887909,487.74790399999995,1.0000000000287557e-06,487.74790299999995,0.19516754150390625
