walltime(s),cputime(s),systime(s),usertime(s),memory(GB)
12.560097455978394,12.559994,0.0,12.559994,0.19852447509765625
12.494898796081543,12.494928999999999,0.0,12.494928999999999,0.19852447509765625
12.502910137176514,12.502972999999997,0.0,12.502972999999997,0.19852447509765625
12.537518501281738,12.537583999999995,0.0,12.537583999999995,0.19852447509765625
12.514314889907837,12.514387000000006,0.0,12.514387000000006,0.19852447509765625
12.496242761611938,12.496314999999996,0.0,12.496314999999996,0.19852447509765625
12.555257797241211,12.555323999999999,0.0,12.555323999999999,0.19852447509765625
12.541570901870728,12.541635,0.0,12.541635,0.19852447509765625
12.499884128570557,12.499951999999993,0.0,12.499951999999993,0.19852447509765625
12.514951944351196,12.515025000000009,0.0,12.515025000000009,0.19852447509765625
12.502276420593262,12.502302000000014,0.0,12.502302000000014,0.19852447509765625
12.501866579055786,12.501927999999992,0.0,12.501927999999992,0.19852447509765625
12.530736684799194,12.530808000000007,0.0,12.530808000000007,0.19852447509765625
12.546416759490967,12.54648800000001,0.0,12.54648800000001,0.19852447509765625
12.504595041275024,12.504658000000006,0.0,12.504658000000006,0.19852447509765625
12.552515029907227,12.552582999999998,0.0,12.552582999999998,0.19852447509765625
12.520063877105713,12.520136999999977,0.0,12.520136999999977,0.19852447509765625
12.51787281036377,12.517954000000003,0.0,12.517954000000003,0.19852447509765625
12.529165506362915,12.52923899999999,0.0,12.52923899999999,0.19852447509765625
12.511213779449463,12.510559,0.0,12.510559,0.19852447509765625
12.484668016433716,12.484562000000011,0.0,12.484562000000011,0.19852447509765625
12.50814437866211,12.508113000000037,0.0,12.508113000000037,0.19852447509765625
12.517081022262573,12.517070000000047,0.0,12.517070000000047,0.19852447509765625
12.505842924118042,12.50573300000002,0.0,12.50573300000002,0.19852447509765625
12.510483980178833,12.510557000000006,0.0,12.510557000000006,0.19852447509765625
12.538560152053833,12.53854100000001,0.0,12.53854100000001,0.19852447509765625
12.511529922485352,12.511523000000011,0.0,12.511523000000011,0.19852447509765625
12.537245988845825,12.53723500000001,0.0,12.53723500000001,0.19852447509765625
12.512914896011353,12.512886999999978,0.0,12.512886999999978,0.19852447509765625
12.528559446334839,12.528547000000003,0.0,12.528547000000003,0.19852447509765625
