walltime(s),cputime(s),systime(s),usertime(s),memory(GB)
2.078976631164551,2.078982,0.0,2.078982,0.19556427001953125
1.9532864093780518,1.953294999999999,0.0,1.953294999999999,0.19556427001953125
1.913273572921753,1.9132860000000012,0.0,1.9132860000000012,0.19556427001953125
1.908250331878662,1.9082779999999993,0.0,1.9082779999999993,0.19556427001953125
1.907914161682129,1.9079309999999996,0.0,1.9079309999999996,0.19556427001953125
1.9070780277252197,1.907096000000001,0.0,1.907096000000001,0.19556427001953125
1.8619208335876465,1.8619319999999995,0.0,1.8619319999999995,0.19556427001953125
1.851146936416626,1.8511740000000003,0.0,1.8511740000000003,0.19556427001953125
1.8000669479370117,1.800066000000001,0.0,1.800066000000001,0.19556427001953125
1.7759888172149658,1.7759979999999977,0.0,1.7759979999999977,0.19556427001953125
1.7710762023925781,1.7710829999999973,0.0,1.7710829999999973,0.19556427001953125
1.7696142196655273,1.7696280000000009,0.0,1.7696280000000009,0.19556427001953125
1.781848669052124,1.7818509999999996,0.0,1.7818509999999996,0.19556427001953125
1.7734169960021973,1.7734419999999993,0.0,1.7734419999999993,0.19556427001953125
1.7738056182861328,1.773817000000001,0.0,1.773817000000001,0.19556427001953125
1.7773313522338867,1.7773380000000003,0.0,1.7773380000000003,0.19556427001953125
1.7768018245697021,1.776806999999998,0.0,1.776806999999998,0.19556427001953125
1.7752175331115723,1.775230999999998,0.0,1.775230999999998,0.19556427001953125
1.7730956077575684,1.7731210000000033,0.0,1.7731210000000033,0.19556427001953125
1.7773551940917969,1.7773639999999986,0.0,1.7773639999999986,0.19556427001953125
1.7764661312103271,1.776485000000001,0.0,1.776485000000001,0.19556427001953125
1.7715446949005127,1.771563999999998,0.0,1.771563999999998,0.19556427001953125
1.7693724632263184,1.7693900000000014,0.0,1.7693900000000014,0.19556427001953125
1.776643991470337,1.7766459999999995,0.0,1.7766459999999995,0.19556427001953125
1.7695579528808594,1.7695819999999998,0.0,1.7695819999999998,0.19556427001953125
1.7736053466796875,1.7736149999999995,0.0,1.7736149999999995,0.19556427001953125
1.774418592453003,1.774436999999999,0.0,1.774436999999999,0.19556427001953125
1.772254467010498,1.772279999999995,0.0,1.772279999999995,0.19556427001953125
1.776231288909912,1.7762290000000007,0.0,1.7762290000000007,0.19556427001953125
1.7742667198181152,1.774284999999999,0.0,1.774284999999999,0.19556427001953125
