walltime(s),cputime(s),systime(s),usertime(s),memory(GB)
5.491623401641846,5.4917110000000005,0.0,5.4917110000000005,0.19490814208984375
5.529454946517944,5.52961,0.0,5.52961,0.19490814208984375
5.585639953613281,5.585754000000001,0.0,5.585754000000001,0.19490814208984375
5.524249792098999,5.524368000000003,0.0,5.524368000000003,0.19490814208984375
5.5301806926727295,5.530308000000002,0.0,5.530308000000002,0.19490814208984375
5.53013014793396,5.530253999999996,0.0,5.530253999999996,0.19490814208984375
5.531866788864136,5.532023000000002,0.0,5.532023000000002,0.19490814208984375
5.551988363265991,5.552123000000002,0.0,5.552123000000002,0.19490814208984375
5.543790817260742,5.543940000000006,0.0,5.543940000000006,0.19490814208984375
5.545597314834595,5.545738,0.0,5.545738,0.19490814208984375
5.52894139289856,5.529059999999994,0.0,5.529059999999994,0.19490814208984375
5.53140926361084,5.531525000000002,0.0,5.531525000000002,0.19490814208984375
5.5254127979278564,5.52556100000001,0.0,5.52556100000001,0.19490814208984375
5.5326104164123535,5.532766999999993,0.0,5.532766999999993,0.19490814208984375
5.533597230911255,5.533723999999992,0.0,5.533723999999992,0.19490814208984375
5.542911052703857,5.542090000000002,0.0,5.542090000000002,0.19490814208984375
5.529520511627197,5.529641000000012,0.0,5.529641000000012,0.19490814208984375
5.521792411804199,5.521941999999996,0.0,5.521941999999996,0.19490814208984375
5.531322717666626,5.5314790000000045,0.0,5.5314790000000045,0.19490814208984375
5.5200464725494385,5.520201999999998,0.0,5.520201999999998,0.19490814208984375
5.541478633880615,5.541612000000001,0.0,5.541612000000001,0.19490814208984375
5.554485082626343,5.554624000000004,0.0,5.554624000000004,0.19490814208984375
5.5367631912231445,5.536905000000004,0.0,5.536905000000004,0.19490814208984375
5.552820682525635,5.552977999999996,0.0,5.552977999999996,0.19490814208984375
5.561784505844116,5.561941999999988,0.0,5.561941999999988,0.19490814208984375
5.523195505142212,5.52332899999999,0.0,5.52332899999999,0.19490814208984375
5.528913736343384,5.529044999999996,0.0,5.529044999999996,0.19490814208984375
5.525599479675293,5.525729999999982,0.0,5.525729999999982,0.19490814208984375
5.527843236923218,5.527999999999992,0.0,5.527999999999992,0.19490814208984375
5.529193639755249,5.529349000000025,0.0,5.529349000000025,0.19490814208984375
