walltime(s),cputime(s),systime(s),usertime(s),memory(GB)
648.3059420585632,648.303219,0.0,648.303219,0.189544677734375
644.8275368213654,644.8249149999999,0.0,644.8249149999999,0.189544677734375
645.146880865097,645.144204,0.0,645.144204,0.189544677734375
646.1246161460876,646.1219719999999,0.0,646.1219719999999,0.189544677734375
649.7132246494293,649.6782310000003,0.0,649.6782310000003,0.189544677734375
