walltime(s),cputime(s),systime(s),usertime(s),memory(GB)
1084.091932296753,1083.8344459999998,0.081434,1083.753012,0.19463729858398438
950.4966073036194,950.291273,0.007982999999999962,950.2832900000001,0.19463729858398438
926.7125988006592,926.5337879999998,0.008001000000000036,926.5257869999998,0.19463729858398438
