walltime(s),cputime(s),systime(s),usertime(s),memory(GB)
26.357359170913696,26.357259,0.0,26.357259,0.1954803466796875
26.51686930656433,26.516759999999998,0.0,26.516759999999998,0.1954803466796875
26.476705074310303,26.476610000000008,0.0,26.476610000000008,0.1954803466796875
26.482523441314697,26.48240100000001,0.0,26.48240100000001,0.1954803466796875
26.49136257171631,26.491264000000015,0.0,26.491264000000015,0.1954803466796875
26.4898419380188,26.489754000000005,0.0,26.489754000000005,0.1954803466796875
26.465545415878296,26.465451,0.0,26.465451,0.1954803466796875
26.490474462509155,26.490352,0.0,26.490352,0.1954803466796875
26.492048025131226,26.491961000000003,0.0,26.491961000000003,0.1954803466796875
26.49054789543152,26.49044999999998,0.0,26.49044999999998,0.1954803466796875
26.464281797409058,26.464197000000013,0.0,26.464197000000013,0.1954803466796875
26.51684880256653,26.516681000000005,0.0,26.516681000000005,0.1954803466796875
26.477646112442017,26.477553999999998,0.0,26.477553999999998,0.1954803466796875
26.50444459915161,26.50433400000003,0.0,26.50433400000003,0.1954803466796875
26.488245725631714,26.488117999999986,0.0,26.488117999999986,0.1954803466796875
26.50650405883789,26.506383000000028,0.0,26.506383000000028,0.1954803466796875
26.503647804260254,26.503547000000026,0.0,26.503547000000026,0.1954803466796875
26.464111804962158,26.46403799999996,0.0,26.46403799999996,0.1954803466796875
26.456817865371704,26.45674600000001,0.0,26.45674600000001,0.1954803466796875
26.478351831436157,26.47826500000002,0.0,26.47826500000002,0.1954803466796875
26.480445384979248,26.48034400000006,0.0,26.48034400000006,0.1954803466796875
26.477261066436768,26.477186999999958,0.0,26.477186999999958,0.1954803466796875
26.477983713150024,26.47790299999997,0.0,26.47790299999997,0.1954803466796875
26.479994535446167,26.479917,0.0,26.479917,0.1954803466796875
26.469467639923096,26.469366000000036,0.0,26.469366000000036,0.1954803466796875
26.529664278030396,26.529577000000018,0.0,26.529577000000018,0.1954803466796875
26.467148303985596,26.467069000000038,0.0,26.467069000000038,0.1954803466796875
26.482017755508423,26.48193900000001,0.0,26.48193900000001,0.1954803466796875
26.4992516040802,26.499161999999956,0.0,26.499161999999956,0.1954803466796875
26.494868755340576,26.494782999999984,0.0,26.494782999999984,0.1954803466796875
