walltime(s),cputime(s),systime(s),usertime(s),memory(GB)
72.13321781158447,72.133675,0.0,72.133675,0.19414138793945312
72.36946892738342,72.36989900000002,0.0,72.36989900000002,0.19414138793945312
71.47818922996521,71.478657,0.0,71.478657,0.19414138793945312
70.598135471344,70.59742299999996,0.0,70.59742299999996,0.19414138793945312
72.59736752510071,72.59819900000002,0.0,72.59819900000002,0.19414138793945312
72.2951774597168,72.295999,0.0,72.295999,0.19414138793945312
71.91329312324524,71.914175,0.0,71.914175,0.19414138793945312
72.35401844978333,72.35479400000003,0.0,72.35479400000003,0.19414138793945312
71.2243664264679,71.22513500000002,0.0,71.22513500000002,0.19414138793945312
72.23592638969421,72.23684500000002,0.0,72.23684500000002,0.19414138793945312
72.59306907653809,72.59397899999999,0.0,72.59397899999999,0.19414138793945312
72.1853859424591,72.18630600000006,0.0,72.18630600000006,0.19414138793945312
72.33908557891846,72.34000000000003,0.0,72.34000000000003,0.19414138793945312
72.21965718269348,72.22057800000005,0.0,72.22057800000005,0.19414138793945312
72.27899050712585,72.27983500000016,0.0,72.27983500000016,0.19414138793945312
72.1340115070343,72.13492299999984,0.0,72.13492299999984,0.19414138793945312
72.39019751548767,72.39112699999987,0.0,72.39112699999987,0.19414138793945312
72.16353106498718,72.1644510000001,0.0,72.1644510000001,0.19414138793945312
72.29491877555847,72.29584,0.0,72.29584,0.19414138793945312
72.09819340705872,72.09911800000009,0.0,72.09911800000009,0.19414138793945312
75.43667554855347,75.34044300000005,0.0,75.34044300000005,0.19414138793945312
72.10110640525818,72.10196799999994,0.0,72.10196799999994,0.19414138793945312
72.26835322380066,72.26913800000011,0.0,72.26913800000011,0.19414138793945312
72.43987226486206,72.44073300000014,0.0,72.44073300000014,0.19414138793945312
72.22614359855652,72.22695500000009,0.0,72.22695500000009,0.19414138793945312
72.05480861663818,72.05567900000005,0.0,72.05567900000005,0.19414138793945312
72.26215815544128,72.26297,0.0,72.26297,0.19414138793945312
72.05184197425842,72.05265400000008,0.0,72.05265400000008,0.19414138793945312
72.2880630493164,72.28895799999987,0.0,72.28895799999987,0.19414138793945312
72.06908535957336,72.06990300000007,0.0,72.06990300000007,0.19414138793945312
