walltime(s),cputime(s),systime(s),usertime(s),memory(GB)
24.38727617263794,24.387137,0.0,24.387137,0.19478225708007812
24.383350133895874,24.383224,0.0,24.383224,0.19478225708007812
24.374907970428467,24.374450999999993,0.0,24.374450999999993,0.19478225708007812
24.361080408096313,24.360923,0.0,24.360923,0.19478225708007812
24.367517471313477,24.367357,0.0,24.367357,0.19478225708007812
24.36625361442566,24.36612500000001,0.0,24.36612500000001,0.19478225708007812
24.37121295928955,24.371070000000003,0.0,24.371070000000003,0.19478225708007812
24.35568356513977,24.355541000000017,0.0,24.355541000000017,0.19478225708007812
24.36654806137085,24.36640399999999,0.0,24.36640399999999,0.19478225708007812
24.366007804870605,24.365683999999987,0.0,24.365683999999987,0.19478225708007812
24.341773748397827,24.341645999999997,0.0,24.341645999999997,0.19478225708007812
24.52443242073059,24.524302000000034,0.0,24.524302000000034,0.19478225708007812
24.37288522720337,24.372744999999952,0.0,24.372744999999952,0.19478225708007812
24.461862564086914,24.46172100000001,0.0,24.46172100000001,0.19478225708007812
24.39276671409607,24.392628000000002,0.0,24.392628000000002,0.19478225708007812
24.399369716644287,24.39880499999998,0.0,24.39880499999998,0.19478225708007812
24.78092074394226,24.780753000000004,0.0,24.780753000000004,0.19478225708007812
24.703052282333374,24.702777000000026,0.0,24.702777000000026,0.19478225708007812
24.70717430114746,24.707028000000037,0.0,24.707028000000037,0.19478225708007812
24.692950010299683,24.69280200000003,0.0,24.69280200000003,0.19478225708007812
24.713108777999878,24.712962000000005,0.0,24.712962000000005,0.19478225708007812
24.71324872970581,24.713100000000054,0.0,24.713100000000054,0.19478225708007812
24.705305576324463,24.705171999999948,0.0,24.705171999999948,0.19478225708007812
24.727612495422363,24.727439999999888,0.0,24.727439999999888,0.19478225708007812
24.716376543045044,24.716247000000067,0.0,24.716247000000067,0.19478225708007812
24.776869535446167,24.776716999999962,0.0,24.776716999999962,0.19478225708007812
24.705596923828125,24.70545100000004,0.0,24.70545100000004,0.19478225708007812
24.698650121688843,24.698376000000053,0.0,24.698376000000053,0.19478225708007812
24.70807123184204,24.707877999999937,0.0,24.707877999999937,0.19478225708007812
24.82513666152954,24.824997000000053,0.0,24.824997000000053,0.19478225708007812
