walltime(s),cputime(s),systime(s),usertime(s),memory(GB)
5.425030708312988,5.425013,0.0,5.425013,0.19482803344726562
5.280339956283569,5.280240000000001,0.0,5.280240000000001,0.19482803344726562
5.347614049911499,5.347576999999998,0.0,5.347576999999998,0.19482803344726562
5.287950277328491,5.287929000000002,0.0,5.287929000000002,0.19482803344726562
5.2705559730529785,5.2704590000000024,0.0,5.2704590000000024,0.19482803344726562
5.263585329055786,5.263548,0.0,5.263548,0.19482803344726562
5.3673930168151855,5.367371999999996,0.0,5.367371999999996,0.19482803344726562
5.258462429046631,5.258335000000002,0.0,5.258335000000002,0.19482803344726562
5.262301683425903,5.262264000000002,0.0,5.262264000000002,0.19482803344726562
5.33110785484314,5.3310849999999945,0.0,5.3310849999999945,0.19482803344726562
5.265754222869873,5.265644999999992,0.0,5.265644999999992,0.19482803344726562
5.266278028488159,5.266239999999996,0.0,5.266239999999996,0.19482803344726562
5.262485504150391,5.26245999999999,0.0,5.26245999999999,0.19482803344726562
5.290259122848511,5.290131000000002,0.0,5.290131000000002,0.19482803344726562
5.276040315628052,5.276017999999993,0.0,5.276017999999993,0.19482803344726562
5.301455736160278,5.301434,0.0,5.301434,0.19482803344726562
5.260606288909912,5.260517000000007,0.0,5.260517000000007,0.19482803344726562
5.315182685852051,5.315162000000001,0.0,5.315162000000001,0.19482803344726562
5.386476755142212,5.3864229999999935,0.0,5.3864229999999935,0.19482803344726562
5.388792514801025,5.3887029999999925,0.0,5.3887029999999925,0.19482803344726562
5.264106512069702,5.264080000000007,0.0,5.264080000000007,0.19482803344726562
5.367321491241455,5.367299000000003,0.0,5.367299000000003,0.19482803344726562
5.377760171890259,5.377660999999989,0.0,5.377660999999989,0.19482803344726562
5.640522003173828,5.640417000000014,0.0,5.640417000000014,0.19482803344726562
5.343449354171753,5.343409000000008,0.0,5.343409000000008,0.19482803344726562
5.279255628585815,5.2792320000000075,0.0,5.2792320000000075,0.19482803344726562
5.270537376403809,5.270494000000014,0.0,5.270494000000014,0.19482803344726562
5.372759819030762,5.372737000000001,0.0,5.372737000000001,0.19482803344726562
5.3233113288879395,5.323286999999993,0.0,5.323286999999993,0.19482803344726562
5.390048980712891,5.390019999999993,0.0,5.390019999999993,0.19482803344726562
