walltime(s),cputime(s),systime(s),usertime(s),memory(GB)
3.6023881435394287,3.6023899999999998,0.0,3.6023899999999998,0.1962127685546875
3.5059924125671387,3.505998999999999,0.0,3.505998999999999,0.1962127685546875
3.5111141204833984,3.5111550000000005,0.0,3.5111550000000005,0.1962127685546875
3.5245141983032227,3.524531999999999,0.0,3.524531999999999,0.1962127685546875
3.5061492919921875,3.506179999999997,0.0,3.506179999999997,0.1962127685546875
3.532224416732788,3.5322569999999978,0.0,3.5322569999999978,0.1962127685546875
3.5017902851104736,3.5018230000000017,0.0,3.5018230000000017,0.1962127685546875
3.5076496601104736,3.5076800000000006,0.0,3.5076800000000006,0.1962127685546875
3.5229685306549072,3.523001999999998,0.0,3.523001999999998,0.1962127685546875
3.5024619102478027,3.5024939999999987,0.0,3.5024939999999987,0.1962127685546875
3.506643295288086,3.506667,0.0,3.506667,0.1962127685546875
3.50307559967041,3.503107,0.0,3.503107,0.1962127685546875
3.511003255844116,3.511033999999995,0.0,3.511033999999995,0.1962127685546875
3.506678342819214,3.5067100000000053,0.0,3.5067100000000053,0.1962127685546875
3.5038905143737793,3.5039219999999958,0.0,3.5039219999999958,0.1962127685546875
3.504061222076416,3.504094000000002,0.0,3.504094000000002,0.1962127685546875
3.5011680126190186,3.5012000000000043,0.0,3.5012000000000043,0.1962127685546875
3.5064666271209717,3.506499000000005,0.0,3.506499000000005,0.1962127685546875
3.5144999027252197,3.5145350000000093,0.0,3.5145350000000093,0.1962127685546875
3.5046794414520264,3.5047050000000013,0.0,3.5047050000000013,0.1962127685546875
3.5070016384124756,3.5070340000000044,0.0,3.5070340000000044,0.1962127685546875
3.509157419204712,3.5091910000000013,0.0,3.5091910000000013,0.1962127685546875
3.5202715396881104,3.520306000000005,0.0,3.520306000000005,0.1962127685546875
3.5153651237487793,3.515399000000002,0.0,3.515399000000002,0.1962127685546875
3.5019078254699707,3.5019419999999997,0.0,3.5019419999999997,0.1962127685546875
3.515803337097168,3.515835999999993,0.0,3.515835999999993,0.1962127685546875
3.4963512420654297,3.496385999999987,0.0,3.496385999999987,0.1962127685546875
3.701298713684082,3.701334999999986,0.0,3.701334999999986,0.1962127685546875
3.5137081146240234,3.513734999999997,0.0,3.513734999999997,0.1962127685546875
3.50480580329895,3.504840999999999,0.0,3.504840999999999,0.1962127685546875
