walltime(s),cputime(s),systime(s),usertime(s),memory(GB)
2554.0262699127197,2554.053911,0.0,2554.053911,0.19665908813476562
