walltime(s),cputime(s),systime(s),usertime(s),memory(GB)
0.07754659652709961,0.0775389999999998,0.0,0.0775389999999998,0.195159912109375
0.07205319404602051,0.072044,0.0,0.072044,0.195159912109375
0.06264042854309082,0.0626319999999998,0.0,0.0626319999999998,0.195159912109375
0.060988426208496094,0.06098099999999995,0.0,0.06098099999999995,0.195159912109375
0.06627583503723145,0.066268,0.0,0.066268,0.195159912109375
0.06655669212341309,0.06654800000000005,0.0,0.06654800000000005,0.195159912109375
0.060888051986694336,0.060881000000000185,0.0,0.060881000000000185,0.195159912109375
0.06564664840698242,0.065639,0.0,0.065639,0.195159912109375
0.060442447662353516,0.06043499999999913,0.0,0.06043499999999913,0.195159912109375
0.06054544448852539,0.0605380000000002,0.0,0.0605380000000002,0.195159912109375
0.060632944107055664,0.06062499999999993,0.0,0.06062499999999993,0.195159912109375
0.06382465362548828,0.06381699999999935,0.0,0.06381699999999935,0.195159912109375
0.060370445251464844,0.06036399999999986,0.0,0.06036399999999986,0.195159912109375
0.0624542236328125,0.062447000000000585,0.0,0.062447000000000585,0.195159912109375
0.06173086166381836,0.06172299999999975,0.0,0.06172299999999975,0.195159912109375
0.06095743179321289,0.06095000000000006,0.0,0.06095000000000006,0.195159912109375
0.061064720153808594,0.06105800000000006,0.0,0.06105800000000006,0.195159912109375
0.06000638008117676,0.05999999999999961,0.0,0.05999999999999961,0.195159912109375
0.060274600982666016,0.060267999999999766,0.0,0.060267999999999766,0.195159912109375
0.06092667579650879,0.06091400000000036,0.0,0.06091400000000036,0.195159912109375
0.06270575523376465,0.062697,0.0,0.062697,0.195159912109375
0.06096220016479492,0.06095600000000001,0.0,0.06095600000000001,0.195159912109375
0.06451773643493652,0.06451100000000043,0.0,0.06451100000000043,0.195159912109375
0.06045842170715332,0.06045099999999959,0.0,0.06045099999999959,0.195159912109375
0.061051130294799805,0.061043999999999876,0.0,0.061043999999999876,0.195159912109375
0.06112265586853027,0.06111500000000003,0.0,0.06111500000000003,0.195159912109375
0.06130409240722656,0.06129700000000149,0.0,0.06129700000000149,0.195159912109375
0.06065058708190918,0.06064299999999889,0.0,0.06064299999999889,0.195159912109375
0.06481742858886719,0.06480999999999959,0.0,0.06480999999999959,0.195159912109375
0.06082463264465332,0.06081799999999937,0.0,0.06081799999999937,0.195159912109375
