walltime(s),cputime(s),systime(s),usertime(s),memory(GB)
516.3343350887299,516.332589,0.0,516.332589,0.19530868530273438
509.3696925640106,509.3684659999999,0.0,509.3684659999999,0.19530868530273438
509.76373386383057,509.76259400000004,0.0,509.76259400000004,0.19530868530273438
509.57556414604187,509.5742660000001,0.0,509.5742660000001,0.19530868530273438
509.7892611026764,509.78786800000034,0.0,509.78786800000034,0.19530868530273438
509.6505796909332,509.64912400000003,0.0,509.64912400000003,0.19530868530273438
510.63527631759644,510.63383399999975,0.0,510.63383399999975,0.19530868530273438
