walltime(s),cputime(s),systime(s),usertime(s),memory(GB)
2912.6442618370056,2912.63874,0.021152000000000004,2912.617588,0.19556427001953125
