walltime(s),cputime(s),systime(s),usertime(s),memory(GB)
236.26880311965942,236.270175,0.20213900000000007,236.068036,0.5322380065917969
238.11981797218323,238.117864,0.06790400000000008,238.04996,0.5322380065917969
239.57931184768677,239.582012,0.08396900000000007,239.498043,0.5322380065917969
237.7297966480255,237.732093,0.05598000000000014,237.676113,0.5322380065917969
237.93479299545288,237.93744499999994,0.08799200000000007,237.84945299999993,0.5322380065917969
238.20615077018738,238.20885800000013,0.10399800000000003,238.10486000000014,0.5322380065917969
238.04792499542236,238.05061399999983,0.07999599999999996,237.97061799999983,0.5322380065917969
237.52883672714233,237.53154999999998,0.07999600000000018,237.451554,0.5322380065917969
238.71679711341858,238.7195309999999,0.05599799999999977,238.66353299999992,0.5322380065917969
237.63088250160217,237.6335319999999,0.08399900000000016,237.54953299999988,0.5322380065917969
239.07095956802368,239.0737039999998,0.047996999999999845,239.02570699999978,0.5322380065917969
238.6959512233734,238.69864399999977,0.05599799999999999,238.6426459999998,0.5322380065917969
239.9466142654419,239.9493150000002,0.06399799999999978,239.8853170000002,0.5322380065917969
237.04899334907532,237.05170900000005,0.10000100000000023,236.95170800000005,0.5322380065917969
238.46802687644958,238.47065900000024,0.05599799999999999,238.41466100000025,0.5322380065917969
