walltime(s),cputime(s),systime(s),usertime(s),memory(GB)
18.417237281799316,18.41742,0.0,18.41742,0.19278335571289062
18.524340867996216,18.524572,0.0,18.524572,0.19278335571289062
18.449425220489502,18.449620000000003,0.0,18.449620000000003,0.19278335571289062
18.483916997909546,18.484144000000008,0.0,18.484144000000008,0.19278335571289062
18.519287109375,18.519485000000003,0.0,18.519485000000003,0.19278335571289062
18.463725566864014,18.463947999999988,0.0,18.463947999999988,0.19278335571289062
18.447179794311523,18.447382000000005,0.0,18.447382000000005,0.19278335571289062
18.456642866134644,18.45683600000001,0.0,18.45683600000001,0.19278335571289062
18.530674695968628,18.530901999999998,0.0,18.530901999999998,0.19278335571289062
18.44331693649292,18.443531000000007,0.0,18.443531000000007,0.19278335571289062
18.510976314544678,18.511203999999992,0.0,18.511203999999992,0.19278335571289062
18.448463439941406,18.44864100000001,0.0,18.44864100000001,0.19278335571289062
18.444796323776245,18.445003000000014,0.0,18.445003000000014,0.19278335571289062
18.450518131256104,18.450727,0.0,18.450727,0.19278335571289062
18.538439989089966,18.538655000000006,0.0,18.538655000000006,0.19278335571289062
18.446741580963135,18.446969999999965,0.0,18.446969999999965,0.19278335571289062
18.453869581222534,18.454025,0.0,18.454025,0.19278335571289062
18.457632780075073,18.45784699999996,0.0,18.45784699999996,0.19278335571289062
18.448129415512085,18.448352999999997,0.0,18.448352999999997,0.19278335571289062
18.48271942138672,18.48292799999996,0.0,18.48292799999996,0.19278335571289062
18.533103942871094,18.53333699999996,0.0,18.53333699999996,0.19278335571289062
18.464569568634033,18.464777000000026,0.0,18.464777000000026,0.19278335571289062
18.554934978485107,18.55514199999999,0.0,18.55514199999999,0.19278335571289062
18.51202130317688,18.512253999999984,0.0,18.512253999999984,0.19278335571289062
18.51724100112915,18.517449999999997,0.0,18.517449999999997,0.19278335571289062
18.512383699417114,18.512616000000037,0.0,18.512616000000037,0.19278335571289062
18.45127248764038,18.45147300000002,0.0,18.45147300000002,0.19278335571289062
18.48602318763733,18.486221000000057,0.0,18.486221000000057,0.19278335571289062
18.470465660095215,18.470701000000076,0.0,18.470701000000076,0.19278335571289062
18.506333589553833,18.506530999999995,0.0,18.506530999999995,0.19278335571289062
