walltime(s),cputime(s),systime(s),usertime(s),memory(GB)
36.17031383514404,36.17013,0.0,36.17013,0.19490814208984375
35.40700054168701,35.407022,0.0,35.407022,0.19490814208984375
35.43322706222534,35.433149,0.0,35.433149,0.19490814208984375
35.41399121284485,35.41406099999999,0.0,35.41406099999999,0.19490814208984375
35.78167271614075,35.78176099999999,0.0,35.78176099999999,0.19490814208984375
35.41060280799866,35.41068199999998,0.0,35.41068199999998,0.19490814208984375
35.39827609062195,35.39797899999999,0.0,35.39797899999999,0.19490814208984375
35.42006063461304,35.41996499999996,0.0,35.41996499999996,0.19490814208984375
35.398767709732056,35.39827500000001,0.0,35.39827500000001,0.19490814208984375
35.39730453491211,35.397268999999994,0.0,35.397268999999994,0.19490814208984375
35.39148426055908,35.39097700000002,0.0,35.39097700000002,0.19490814208984375
35.4063515663147,35.40630300000004,0.0,35.40630300000004,0.19490814208984375
35.59604048728943,35.593071999999985,0.014423999999999992,35.57864799999999,0.19490814208984375
36.522122621536255,36.51782699999999,0.0039980000000000016,36.51382899999999,0.19490814208984375
36.656638622283936,36.647257999999965,0.0,36.647257999999965,0.19490814208984375
35.318997383117676,35.31903999999997,0.0,35.31903999999997,0.19490814208984375
35.304444789886475,35.30454599999996,0.0,35.30454599999996,0.19490814208984375
35.32342600822449,35.32354299999997,0.0,35.32354299999997,0.19490814208984375
35.34091353416443,35.341008999999985,0.0,35.341008999999985,0.19490814208984375
35.30319666862488,35.303298999999924,0.0,35.303298999999924,0.19490814208984375
35.301565408706665,35.301665999999955,0.0,35.301665999999955,0.19490814208984375
35.321216106414795,35.32132999999999,0.0,35.32132999999999,0.19490814208984375
35.32949209213257,35.329612999999995,0.0,35.329612999999995,0.19490814208984375
35.293118715286255,35.29316099999994,0.0,35.29316099999994,0.19490814208984375
35.29595160484314,35.296064,0.0,35.296064,0.19490814208984375
35.29424428939819,35.294348000000014,0.0,35.294348000000014,0.19490814208984375
35.28856086730957,35.28867700000001,0.0,35.28867700000001,0.19490814208984375
35.27683162689209,35.276947000000064,0.0,35.276947000000064,0.19490814208984375
35.300801277160645,35.30092300000001,0.0,35.30092300000001,0.19490814208984375
35.28320622444153,35.28331899999989,0.0,35.28331899999989,0.19490814208984375
