walltime(s),cputime(s),systime(s),usertime(s),memory(GB)
1121.6471734046936,1121.6805940000002,0.0,1121.6805940000002,0.19539642333984375
1116.320209980011,1116.3536069999998,0.0,1116.3536069999998,0.19539642333984375
1114.6827085018158,1114.715823,0.0,1114.715823,0.19539642333984375
