walltime(s),cputime(s),systime(s),usertime(s),memory(GB)
1118.582481622696,1118.5910489999999,0.005402999999999991,1118.585646,0.187774658203125
1127.9700598716736,1127.9782619999999,1.0999999999983245e-05,1127.9782509999998,0.187774658203125
1127.8092415332794,1127.8177960000003,4.000000000004e-06,1127.8177920000003,0.187774658203125
