walltime(s),cputime(s),systime(s),usertime(s),memory(GB)
0.7901778221130371,0.7901660000000004,3.700000000000925e-05,0.7901290000000003,0.1961822509765625
0.7700746059417725,0.7700620000000002,0.0,0.7700620000000002,0.1961822509765625
0.7705564498901367,0.7705529999999996,0.0,0.7705529999999996,0.1961822509765625
0.7705869674682617,0.7705540000000006,0.0,0.7705540000000006,0.1961822509765625
0.7687866687774658,0.7687660000000003,0.0,0.7687660000000003,0.1961822509765625
0.7691898345947266,0.7691780000000001,0.0,0.7691780000000001,0.1961822509765625
0.7701296806335449,0.770111,0.0,0.770111,0.1961822509765625
0.768592119216919,0.768578999999999,0.0,0.768578999999999,0.1961822509765625
0.7720601558685303,0.7720570000000002,0.0,0.7720570000000002,0.1961822509765625
0.7708303928375244,0.7708129999999986,0.0,0.7708129999999986,0.1961822509765625
0.768308162689209,0.768305999999999,0.0,0.768305999999999,0.1961822509765625
0.7754051685333252,0.7754019999999997,0.0,0.7754019999999997,0.1961822509765625
0.7806234359741211,0.7806189999999997,0.0,0.7806189999999997,0.1961822509765625
0.7723932266235352,0.7723829999999996,0.0,0.7723829999999996,0.1961822509765625
0.7698500156402588,0.7698299999999989,0.0,0.7698299999999989,0.1961822509765625
0.7696449756622314,0.769635000000001,0.0,0.769635000000001,0.1961822509765625
0.7693288326263428,0.7693259999999995,0.0,0.7693259999999995,0.1961822509765625
0.7709729671478271,0.770971000000003,0.0,0.770971000000003,0.1961822509765625
0.7692179679870605,0.7692140000000016,0.0,0.7692140000000016,0.1961822509765625
0.7705221176147461,0.7704939999999993,0.0,0.7704939999999993,0.1961822509765625
0.7803277969360352,0.7803149999999981,0.0,0.7803149999999981,0.1961822509765625
0.7690789699554443,0.7690679999999972,0.0,0.7690679999999972,0.1961822509765625
0.7684497833251953,0.7684479999999994,0.0,0.7684479999999994,0.1961822509765625
0.7721006870269775,0.7720979999999997,0.0,0.7720979999999997,0.1961822509765625
0.7691750526428223,0.769164,0.0,0.769164,0.1961822509765625
0.773735761642456,0.7737230000000004,0.0,0.7737230000000004,0.1961822509765625
0.7732067108154297,0.7731949999999976,0.0,0.7731949999999976,0.1961822509765625
0.774146556854248,0.7741439999999997,0.0,0.7741439999999997,0.1961822509765625
0.7698147296905518,0.7698119999999982,0.0,0.7698119999999982,0.1961822509765625
0.7690565586090088,0.7690459999999995,0.0,0.7690459999999995,0.1961822509765625
