walltime(s),cputime(s),systime(s),usertime(s),memory(GB)
6.474170923233032,6.4742180000000005,0.0,6.4742180000000005,0.19436264038085938
6.557018756866455,6.557107,0.0,6.557107,0.19436264038085938
6.5508739948272705,6.5509640000000005,0.0,6.5509640000000005,0.19436264038085938
6.5688159465789795,6.568904,0.0,6.568904,0.19436264038085938
6.543943405151367,6.544035000000001,0.0,6.544035000000001,0.19436264038085938
6.560883522033691,6.560940000000002,0.0,6.560940000000002,0.19436264038085938
6.580530881881714,6.580587000000001,0.0,6.580587000000001,0.19436264038085938
6.566298961639404,6.5663979999999995,0.0,6.5663979999999995,0.19436264038085938
6.709946870803833,6.710039000000002,0.0,6.710039000000002,0.19436264038085938
6.563344240188599,6.563426,0.0,6.563426,0.19436264038085938
6.573240280151367,6.573322999999988,0.0,6.573322999999988,0.19436264038085938
6.563492059707642,6.563581999999997,0.0,6.563581999999997,0.19436264038085938
6.5565619468688965,6.556652999999997,0.0,6.556652999999997,0.19436264038085938
6.553893327713013,6.5539930000000055,0.0,6.5539930000000055,0.19436264038085938
6.546054363250732,6.546120000000002,0.0,6.546120000000002,0.19436264038085938
6.544792652130127,6.544859000000002,0.0,6.544859000000002,0.19436264038085938
6.542294979095459,6.542394999999999,0.0,6.542394999999999,0.19436264038085938
6.555243730545044,6.555337999999992,0.0,6.555337999999992,0.19436264038085938
6.543813467025757,6.543818999999999,0.0,6.543818999999999,0.19436264038085938
6.550722122192383,6.550805999999994,0.0,6.550805999999994,0.19436264038085938
6.538053750991821,6.538147000000009,0.0,6.538147000000009,0.19436264038085938
6.541271686553955,6.541367000000008,0.0,6.541367000000008,0.19436264038085938
6.540664196014404,6.540764999999993,0.0,6.540764999999993,0.19436264038085938
6.541691780090332,6.541784000000007,0.0,6.541784000000007,0.19436264038085938
6.5402610301971436,6.540345000000002,0.0,6.540345000000002,0.19436264038085938
6.542107105255127,6.542198999999982,0.0,6.542198999999982,0.19436264038085938
6.553349494934082,6.553439999999995,0.0,6.553439999999995,0.19436264038085938
6.54899525642395,6.549094999999994,0.0,6.549094999999994,0.19436264038085938
6.56347393989563,6.563567000000006,0.0,6.563567000000006,0.19436264038085938
6.569944143295288,6.5700199999999995,0.0,6.5700199999999995,0.19436264038085938
