walltime(s),cputime(s),systime(s),usertime(s),memory(GB)
1.4317662715911865,1.4317019999999996,0.0,1.4317019999999996,0.19475173950195312
1.400024652481079,1.399972,0.0,1.399972,0.19475173950195312
1.4024732112884521,1.4024270000000003,0.0,1.4024270000000003,0.19475173950195312
1.4031033515930176,1.4030699999999996,0.0,1.4030699999999996,0.19475173950195312
1.404426097869873,1.4043940000000017,0.0,1.4043940000000017,0.19475173950195312
1.3985657691955566,1.3985150000000015,0.0,1.3985150000000015,0.19475173950195312
1.4040522575378418,1.4040060000000008,0.0,1.4040060000000008,0.19475173950195312
1.4018046855926514,1.401750999999999,0.0,1.401750999999999,0.19475173950195312
1.4028098583221436,1.4027770000000004,0.0,1.4027770000000004,0.19475173950195312
1.4007112979888916,1.4006550000000004,0.0,1.4006550000000004,0.19475173950195312
1.4040439128875732,1.403996000000003,0.0,1.403996000000003,0.19475173950195312
1.399348497390747,1.399317,0.0,1.399317,0.19475173950195312
1.4143409729003906,1.4143100000000004,0.0,1.4143100000000004,0.19475173950195312
1.4016005992889404,1.4015410000000017,0.0,1.4015410000000017,0.19475173950195312
1.402686595916748,1.4026479999999992,0.0,1.4026479999999992,0.19475173950195312
1.4025037288665771,1.4024719999999995,0.0,1.4024719999999995,0.19475173950195312
1.404369592666626,1.4043080000000003,0.0,1.4043080000000003,0.19475173950195312
1.4037928581237793,1.4037530000000018,0.0,1.4037530000000018,0.19475173950195312
1.410393476486206,1.410343000000001,0.0,1.410343000000001,0.19475173950195312
1.4098787307739258,1.4098469999999992,0.0,1.4098469999999992,0.19475173950195312
1.4022367000579834,1.4021860000000004,0.0,1.4021860000000004,0.19475173950195312
1.406707763671875,1.4066699999999983,0.0,1.4066699999999983,0.19475173950195312
1.4142508506774902,1.414202000000003,0.0,1.414202000000003,0.19475173950195312
1.4045350551605225,1.404492999999995,0.0,1.404492999999995,0.19475173950195312
1.4123713970184326,1.4123239999999981,0.0,1.4123239999999981,0.19475173950195312
1.4052019119262695,1.4051710000000028,0.0,1.4051710000000028,0.19475173950195312
1.4085323810577393,1.4084980000000016,0.0,1.4084980000000016,0.19475173950195312
1.403212070465088,1.4031729999999953,0.0,1.4031729999999953,0.19475173950195312
1.4066836833953857,1.4066189999999992,0.0,1.4066189999999992,0.19475173950195312
1.4040699005126953,1.4040099999999995,0.0,1.4040099999999995,0.19475173950195312
