walltime(s),cputime(s),systime(s),usertime(s),memory(GB)
932.4281527996063,932.4294679999999,0.005962999999999996,932.423505,0.19577789306640625
929.4598276615143,929.4602470000001,1.2999999999985246e-05,929.4602340000001,0.19577789306640625
962.9360098838806,962.9364389999998,4.000000000004e-06,962.9364349999998,0.19577789306640625
