walltime(s),cputime(s),systime(s),usertime(s),memory(GB)
28.726685285568237,28.726700000000005,0.0,28.726700000000005,0.19487380981445312
28.66580605506897,28.665865000000004,0.0,28.665865000000004,0.19487380981445312
28.534358978271484,28.534390000000002,0.0,28.534390000000002,0.19487380981445312
28.548093795776367,28.548145000000005,0.0,28.548145000000005,0.19487380981445312
28.54796814918518,28.548021000000006,0.0,28.548021000000006,0.19487380981445312
28.551201820373535,28.55123599999999,0.0,28.55123599999999,0.19487380981445312
28.53226637840271,28.532320999999996,0.0,28.532320999999996,0.19487380981445312
28.55070948600769,28.550760999999994,0.0,28.550760999999994,0.19487380981445312
28.553929090499878,28.553971999999987,0.0,28.553971999999987,0.19487380981445312
28.533241510391235,28.53328399999998,0.0,28.53328399999998,0.19487380981445312
28.74597668647766,28.746008000000018,0.0,28.746008000000018,0.19487380981445312
28.536377429962158,28.53643199999999,0.0,28.53643199999999,0.19487380981445312
28.65449810028076,28.654538000000002,0.0,28.654538000000002,0.19487380981445312
28.528847694396973,28.528892999999982,0.0,28.528892999999982,0.19487380981445312
28.53186869621277,28.531934999999976,0.0,28.531934999999976,0.19487380981445312
28.52005624771118,28.520100000000014,0.0,28.520100000000014,0.19487380981445312
28.541658639907837,28.541698999999994,0.0,28.541698999999994,0.19487380981445312
28.637850761413574,28.637892999999963,0.0,28.637892999999963,0.19487380981445312
28.541730880737305,28.541785000000004,0.0,28.541785000000004,0.19487380981445312
28.523736476898193,28.523789999999963,0.0,28.523789999999963,0.19487380981445312
28.54202175140381,28.542067999999972,0.0,28.542067999999972,0.19487380981445312
28.518184423446655,28.51823300000001,0.0,28.51823300000001,0.19487380981445312
28.755690813064575,28.755739999999946,0.0,28.755739999999946,0.19487380981445312
28.534934520721436,28.534988,0.0,28.534988,0.19487380981445312
28.54445219039917,28.544506999999953,0.0,28.544506999999953,0.19487380981445312
28.524315357208252,28.52437000000009,0.0,28.52437000000009,0.19487380981445312
28.55299139022827,28.552989000000025,0.0,28.552989000000025,0.19487380981445312
28.85287618637085,28.85289499999999,0.0,28.85289499999999,0.19487380981445312
28.86640763282776,28.86643400000003,1.0000000000287557e-06,28.86643300000003,0.19487380981445312
28.70525097846985,28.705301000000077,0.0,28.705301000000077,0.19487380981445312
