walltime(s),cputime(s),systime(s),usertime(s),memory(GB)
2792.943944454193,2792.843068,5.820981,2787.0220870000003,1.1986045837402344
