walltime(s),cputime(s),systime(s),usertime(s),memory(GB)
524.583799123764,524.529068,1.454387,523.074681,0.8681182861328125
526.5055820941925,526.519258,1.0519539999999998,525.467304,0.883148193359375
525.2557678222656,525.2695609999997,0.5959779999999997,524.6735829999998,0.883148193359375
525.9488070011139,525.9625300000002,0.5919949999999998,525.3705350000002,0.883148193359375
526.9310953617096,526.9448779999999,0.5920019999999999,526.3528759999999,0.883148193359375
525.6884386539459,525.7021539999997,0.5800039999999997,525.1221499999997,0.883148193359375
