walltime(s),cputime(s),systime(s),usertime(s),memory(GB)
589.7536027431488,589.7539149999999,0.4046909999999999,589.3492239999999,0.3607635498046875
591.2501771450043,591.253143,0.3679350000000001,590.885208,0.3643341064453125
591.0513455867767,591.054548,0.39998199999999984,590.6545659999999,0.3643341064453125
591.5450661182404,591.5481339999999,0.39999300000000004,591.1481409999999,0.3643341064453125
593.3048980236053,593.3083010000003,0.423994,592.8843070000003,0.3643341064453125
592.265618801117,592.2690509999998,0.4039959999999998,591.8650549999998,0.3643341064453125
