walltime(s),cputime(s),systime(s),usertime(s),memory(GB)
480.79398012161255,480.781652,0.0,480.781652,0.194427490234375
475.35945415496826,475.346776,0.0,475.346776,0.194427490234375
475.56335067749023,475.55188699999997,0.0,475.55188699999997,0.194427490234375
475.378289937973,475.3648680000001,0.0,475.3648680000001,0.194427490234375
475.6554231643677,475.6439559999999,0.0,475.6439559999999,0.194427490234375
475.4854259490967,475.4735780000001,0.0,475.4735780000001,0.194427490234375
475.4299259185791,475.4184559999999,0.0,475.4184559999999,0.194427490234375
