walltime(s),cputime(s),systime(s),usertime(s),memory(GB)
607.3259160518646,607.3241120000001,0.0007019999999999804,607.3234100000001,0.19483566284179688
604.7401585578918,604.739279,0.004000999999999977,604.735278,0.19483566284179688
604.3699700832367,604.3689769999999,0.008000000000000007,604.3609769999998,0.19483566284179688
611.1697120666504,610.9626579999998,0.0040000000000000036,610.9586579999998,0.19483566284179688
604.5529923439026,604.552516,0.004000999999999977,604.548515,0.19483566284179688
