walltime(s),cputime(s),systime(s),usertime(s),memory(GB)
1121.3729293346405,1121.3908370000001,0.0,1121.3908370000001,0.19524002075195312
1130.4088447093964,1130.383524,0.0,1130.383524,0.19524002075195312
1146.7376518249512,1146.6459730000001,0.07983599999999996,1146.5661370000003,0.19524002075195312
