walltime(s),cputime(s),systime(s),usertime(s),memory(GB)
1.9013733863830566,1.9013870000000002,0.0,1.9013870000000002,0.19432830810546875
1.9037466049194336,1.9037729999999993,0.0,1.9037729999999993,0.19432830810546875
1.8995258808135986,1.8995770000000007,0.0,1.8995770000000007,0.19432830810546875
1.9151904582977295,1.9152339999999999,0.0,1.9152339999999999,0.19432830810546875
1.9062254428863525,1.906277000000001,0.0,1.906277000000001,0.19432830810546875
1.9099762439727783,1.9100219999999997,0.0,1.9100219999999997,0.19432830810546875
1.9005637168884277,1.9006130000000017,0.0,1.9006130000000017,0.19432830810546875
1.9233675003051758,1.923411999999999,0.0,1.923411999999999,0.19432830810546875
1.9059443473815918,1.9059950000000008,0.0,1.9059950000000008,0.19432830810546875
1.9219732284545898,1.9220180000000013,0.0,1.9220180000000013,0.19432830810546875
1.9204022884368896,1.920453000000002,0.0,1.920453000000002,0.19432830810546875
1.9050476551055908,1.9050930000000008,0.0,1.9050930000000008,0.19432830810546875
1.9077959060668945,1.9078470000000003,0.0,1.9078470000000003,0.19432830810546875
1.899404525756836,1.8994549999999997,0.0,1.8994549999999997,0.19432830810546875
1.9045066833496094,1.9045520000000025,0.0,1.9045520000000025,0.19432830810546875
1.9059116840362549,1.9059629999999999,0.0,1.9059629999999999,0.19432830810546875
1.900484561920166,1.900529000000006,0.0,1.900529000000006,0.19432830810546875
1.92488431930542,1.9249140000000011,0.0,1.9249140000000011,0.19432830810546875
1.9194891452789307,1.9195279999999997,0.0,1.9195279999999997,0.19432830810546875
1.902787685394287,1.9028380000000027,0.0,1.9028380000000027,0.19432830810546875
1.910947561264038,1.9109930000000048,0.0,1.9109930000000048,0.19432830810546875
1.9148211479187012,1.9148719999999955,0.0,1.9148719999999955,0.19432830810546875
1.919605016708374,1.9196510000000018,0.0,1.9196510000000018,0.19432830810546875
1.9000825881958008,1.9001330000000038,0.0,1.9001330000000038,0.19432830810546875
1.9026856422424316,1.9027310000000028,0.0,1.9027310000000028,0.19432830810546875
1.9051153659820557,1.9051660000000012,0.0,1.9051660000000012,0.19432830810546875
1.8998970985412598,1.8999439999999979,0.0,1.8999439999999979,0.19432830810546875
1.9049005508422852,1.9049520000000015,0.0,1.9049520000000015,0.19432830810546875
1.899451494216919,1.8994959999999992,0.0,1.8994959999999992,0.19432830810546875
1.9023327827453613,1.902384000000005,0.0,1.902384000000005,0.19432830810546875
