walltime(s),cputime(s),systime(s),usertime(s),memory(GB)
1159.5961520671844,1159.5720370000001,0.0041220000000000145,1159.567915,0.19449234008789062
1169.523917913437,1169.503145,9.999999999732445e-07,1169.5031439999998,0.19449234008789062
1167.9245564937592,1167.9040840000002,0.0,1167.9040840000002,0.19449234008789062
