walltime(s),cputime(s),systime(s),usertime(s),memory(GB)
9.230613946914673,9.122836,0.0005199999999999649,9.122316,0.19411849975585938
6.794918775558472,6.794767000000001,7.20000000000165e-05,6.794695000000001,0.19411849975585938
6.731427192687988,6.731259,2.9000000000001247e-05,6.73123,0.19411849975585938
6.673805475234985,6.6736460000000015,0.0,6.6736460000000015,0.19411849975585938
7.065029621124268,7.05238,1.999999999996449e-05,7.05236,0.19411849975585938
6.6048009395599365,6.604634000000001,7.000000000034756e-06,6.604627000000001,0.19411849975585938
6.546805381774902,6.546658000000001,0.0,6.546658000000001,0.19411849975585938
6.54136323928833,6.541226000000002,1.4000000000014001e-05,6.541212000000002,0.19411849975585938
6.53804087638855,6.537517000000001,0.0,6.537517000000001,0.19411849975585938
6.6242029666900635,6.624064000000004,0.0,6.624064000000004,0.19411849975585938
6.643919229507446,6.643758000000005,0.0,6.643758000000005,0.19411849975585938
6.591601848602295,6.591433000000009,0.0,6.591433000000009,0.19411849975585938
6.642103910446167,6.641942999999998,0.0,6.641942999999998,0.19411849975585938
6.582530498504639,6.582358999999997,0.0,6.582358999999997,0.19411849975585938
6.657264471054077,6.657120000000006,0.0,6.657120000000006,0.19411849975585938
6.596892833709717,6.596749999999986,0.0,6.596749999999986,0.19411849975585938
6.575538873672485,6.575400000000002,0.0,6.575400000000002,0.19411849975585938
6.554311037063599,6.554163000000003,0.0,6.554163000000003,0.19411849975585938
6.639121055603027,6.638978000000009,0.0,6.638978000000009,0.19411849975585938
6.532600164413452,6.532442000000003,0.0,6.532442000000003,0.19411849975585938
6.54125714302063,6.541108000000008,0.0,6.541108000000008,0.19411849975585938
6.57105278968811,6.570911999999993,0.0,6.570911999999993,0.19411849975585938
6.552442312240601,6.552289999999999,0.0,6.552289999999999,0.19411849975585938
6.561353445053101,6.561218999999994,0.0,6.561218999999994,0.19411849975585938
6.528950929641724,6.528800000000018,0.0,6.528800000000018,0.19411849975585938
6.545827150344849,6.5456760000000145,0.0,6.5456760000000145,0.19411849975585938
6.603875637054443,6.603720999999979,0.0,6.603720999999979,0.19411849975585938
6.54820442199707,6.5480579999999975,0.0,6.5480579999999975,0.19411849975585938
6.532562732696533,6.532412999999991,0.0,6.532412999999991,0.19411849975585938
6.541478633880615,6.541330999999985,0.0,6.541330999999985,0.19411849975585938
