walltime(s),cputime(s),systime(s),usertime(s),memory(GB)
2619.4961590766907,2619.5041570000003,0.0039819999999999856,2619.500175,0.19709014892578125
