walltime(s),cputime(s),systime(s),usertime(s),memory(GB)
2184.4104063510895,2184.41361,0.01411399999999996,2184.399496,0.19723129272460938
