walltime(s),cputime(s),systime(s),usertime(s),memory(GB)
10.812277555465698,10.812235,0.006740999999999997,10.805494,0.19884109497070312
10.563630819320679,10.563652999999999,0.0,10.563652999999999,0.19884109497070312
10.74631953239441,10.746367999999997,0.0,10.746367999999997,0.19884109497070312
10.752722263336182,10.752749999999999,0.0,10.752749999999999,0.19884109497070312
10.602039813995361,10.602092999999996,0.0,10.602092999999996,0.19884109497070312
10.746071815490723,10.746122999999997,0.0,10.746122999999997,0.19884109497070312
10.77407431602478,10.774115000000009,0.0,10.774115000000009,0.19884109497070312
10.638479948043823,10.638522999999992,0.0,10.638522999999992,0.19884109497070312
10.749987840652466,10.750017,0.0,10.750017,0.19884109497070312
10.724007606506348,10.724041999999997,0.0,10.724041999999997,0.19884109497070312
10.585172176361084,10.585212999999996,0.0,10.585212999999996,0.19884109497070312
10.581053256988525,10.581096000000002,0.0,10.581096000000002,0.19884109497070312
10.753472805023193,10.753502999999995,0.0,10.753502999999995,0.19884109497070312
10.592532873153687,10.592581999999993,0.0,10.592581999999993,0.19884109497070312
10.613986730575562,10.614045000000004,0.0,10.614045000000004,0.19884109497070312
10.741607427597046,10.741653000000014,0.0,10.741653000000014,0.19884109497070312
10.630842447280884,10.630892999999986,0.0,10.630892999999986,0.19884109497070312
10.583801984786987,10.58383600000002,0.0,10.58383600000002,0.19884109497070312
10.581742525100708,10.581769999999977,0.0,10.581769999999977,0.19884109497070312
10.562587022781372,10.562635,0.0,10.562635,0.19884109497070312
10.728221654891968,10.728270000000009,0.0,10.728270000000009,0.19884109497070312
10.767673254013062,10.767707999999999,0.0,10.767707999999999,0.19884109497070312
10.608757972717285,10.608791999999994,0.0,10.608791999999994,0.19884109497070312
10.576072931289673,10.576096000000007,0.0,10.576096000000007,0.19884109497070312
10.77681589126587,10.776873999999964,0.0,10.776873999999964,0.19884109497070312
10.603530883789062,10.603580999999963,0.0,10.603580999999963,0.19884109497070312
10.579549074172974,10.579583000000014,0.0,10.579583000000014,0.19884109497070312
10.745719194412231,10.74577800000003,0.0,10.74577800000003,0.19884109497070312
10.619574785232544,10.619616000000008,0.0,10.619616000000008,0.19884109497070312
10.582189321517944,10.582224999999994,0.0,10.582224999999994,0.19884109497070312
