walltime(s),cputime(s),systime(s),usertime(s),memory(GB)
470.73832964897156,470.717932,0.002614000000000005,470.715318,0.19441604614257812
451.52559781074524,451.527176,0.0,451.527176,0.19441604614257812
449.8194053173065,449.82107399999995,0.0,449.82107399999995,0.19441604614257812
441.44180822372437,441.4434779999999,0.0,441.4434779999999,0.19441604614257812
433.49162006378174,433.4932859999999,0.0,433.4932859999999,0.19441604614257812
430.3445682525635,430.34277699999984,0.0,430.34277699999984,0.19441604614257812
417.565025806427,417.56529100000034,0.0,417.56529100000034,0.19441604614257812
391.9728536605835,391.9736929999999,0.0,391.9736929999999,0.19441604614257812
