walltime(s),cputime(s),systime(s),usertime(s),memory(GB)
36.24017381668091,36.24064,0.0,36.24064,0.19469451904296875
33.94923806190491,33.949597000000004,0.0,33.949597000000004,0.19469451904296875
34.490458250045776,34.490691999999996,0.0,34.490691999999996,0.19469451904296875
34.01694464683533,34.017392,0.0,34.017392,0.19469451904296875
34.4085955619812,34.409043,0.0,34.409043,0.19469451904296875
34.06513690948486,34.065567999999985,0.0,34.065567999999985,0.19469451904296875
33.16076707839966,33.161248,0.0,33.161248,0.19469451904296875
33.040740728378296,33.041134,0.0,33.041134,0.19469451904296875
33.22750639915466,33.22779000000003,0.0,33.22779000000003,0.19469451904296875
33.934927225112915,33.935209999999984,0.0,33.935209999999984,0.19469451904296875
33.44391131401062,33.44434000000001,0.0,33.44434000000001,0.19469451904296875
33.43408918380737,33.43417499999998,0.0,33.43417499999998,0.19469451904296875
33.865702867507935,33.86573600000003,0.0,33.86573600000003,0.19469451904296875
33.788681745529175,33.788827000000026,0.0,33.788827000000026,0.19469451904296875
33.726470947265625,33.72669300000007,0.0,33.72669300000007,0.19469451904296875
33.69598364830017,33.69583899999998,0.0,33.69583899999998,0.19469451904296875
33.678882360458374,33.67919500000005,0.0,33.67919500000005,0.19469451904296875
33.90841484069824,33.908726,0.0,33.908726,0.19469451904296875
33.804667711257935,33.805087999999955,0.0,33.805087999999955,0.19469451904296875
34.731077432632446,34.73152700000003,0.0,34.73152700000003,0.19469451904296875
35.08985447883606,35.090314000000035,0.0,35.090314000000035,0.19469451904296875
35.390382528305054,35.39082600000006,0.0,35.39082600000006,0.19469451904296875
34.609517097473145,34.60995600000001,0.0,34.60995600000001,0.19469451904296875
34.017722606658936,34.01796999999999,0.0,34.01796999999999,0.19469451904296875
33.43401622772217,33.43446499999993,0.0,33.43446499999993,0.19469451904296875
34.23082089424133,34.23125300000004,0.0,34.23125300000004,0.19469451904296875
33.24215769767761,33.24259200000006,0.0,33.24259200000006,0.19469451904296875
34.016889572143555,34.01686600000001,0.0050720000000000764,34.01179400000001,0.19469451904296875
33.94087767601013,33.941253000000074,0.0,33.941253000000074,0.19469451904296875
33.91255760192871,33.91297800000007,0.0,33.91297800000007,0.19469451904296875
