walltime(s),cputime(s),systime(s),usertime(s),memory(GB)
0.5606427192687988,0.5604429999999994,0.0,0.5604429999999994,0.189422607421875
0.5221028327941895,0.5220910000000005,0.0,0.5220910000000005,0.189422607421875
0.522305965423584,0.5222859999999994,0.0,0.5222859999999994,0.189422607421875
0.5230438709259033,0.5230309999999996,0.0,0.5230309999999996,0.189422607421875
0.5233099460601807,0.523269,0.0,0.523269,0.189422607421875
0.5284409523010254,0.5284279999999999,0.0,0.5284279999999999,0.189422607421875
0.5290873050689697,0.5290679999999996,0.0,0.5290679999999996,0.189422607421875
0.5232977867126465,0.5232790000000005,0.0,0.5232790000000005,0.189422607421875
0.5235950946807861,0.5235830000000004,0.0,0.5235830000000004,0.189422607421875
0.5243792533874512,0.5243660000000006,0.0,0.5243660000000006,0.189422607421875
0.5223350524902344,0.5223239999999993,0.0,0.5223239999999993,0.189422607421875
0.5316357612609863,0.5316240000000008,0.0,0.5316240000000008,0.189422607421875
0.5235850811004639,0.5235720000000015,0.0,0.5235720000000015,0.189422607421875
0.5255277156829834,0.5254930000000009,0.0,0.5254930000000009,0.189422607421875
0.5280289649963379,0.5280079999999998,0.0,0.5280079999999998,0.189422607421875
0.5310137271881104,0.5310019999999991,0.0,0.5310019999999991,0.189422607421875
0.523052453994751,0.5230329999999999,0.0,0.5230329999999999,0.189422607421875
0.5259263515472412,0.525913000000001,0.0,0.525913000000001,0.189422607421875
0.5258309841156006,0.5258090000000006,0.0,0.5258090000000006,0.189422607421875
0.5294954776763916,0.5294820000000016,0.0,0.5294820000000016,0.189422607421875
0.5259110927581787,0.5258920000000007,0.0,0.5258920000000007,0.189422607421875
0.5230107307434082,0.5229980000000012,0.0,0.5229980000000012,0.189422607421875
0.5265023708343506,0.5264900000000026,0.0,0.5264900000000026,0.189422607421875
0.5273563861846924,0.5273290000000017,0.0,0.5273290000000017,0.189422607421875
0.5215263366699219,0.5215139999999998,0.0,0.5215139999999998,0.189422607421875
0.5236263275146484,0.5236030000000014,0.0,0.5236030000000014,0.189422607421875
0.5272140502929688,0.5272010000000016,0.0,0.5272010000000016,0.189422607421875
0.5246245861053467,0.5245950000000015,0.0,0.5245950000000015,0.189422607421875
0.5237865447998047,0.5237740000000031,0.0,0.5237740000000031,0.189422607421875
0.5220119953155518,0.521999000000001,0.0,0.521999000000001,0.189422607421875
