walltime(s),cputime(s),systime(s),usertime(s),memory(GB)
2890.1178574562073,2890.106831,0.019718000000000013,2890.087113,0.19684600830078125
