walltime(s),cputime(s),systime(s),usertime(s),memory(GB)
1797.658447265625,1797.674038,3.700000000000925e-05,1797.674001,0.19514083862304688
1716.3537528514862,1716.368622,0.0,1716.368622,0.19514083862304688
