walltime(s),cputime(s),systime(s),usertime(s),memory(GB)
18.528486490249634,18.528596,0.0,18.528596,0.19477081298828125
18.744397401809692,18.744532,0.0,18.744532,0.19477081298828125
18.63603162765503,18.636121000000003,0.0,18.636121000000003,0.19477081298828125
18.741294622421265,18.741419,0.0,18.741419,0.19477081298828125
18.60474967956543,18.604858000000007,0.0,18.604858000000007,0.19477081298828125
18.55672574043274,18.556471000000002,0.0,18.556471000000002,0.19477081298828125
18.83492159843445,18.83498,0.0,18.83498,0.19477081298828125
18.67978549003601,18.679892999999993,0.0,18.679892999999993,0.19477081298828125
18.732924222946167,18.732968,0.0,18.732968,0.19477081298828125
18.64747953414917,18.64757800000001,0.0,18.64757800000001,0.19477081298828125
18.778225421905518,18.778368999999998,0.0,18.778368999999998,0.19477081298828125
18.65628480911255,18.656387999999993,0.0,18.656387999999993,0.19477081298828125
18.77235460281372,18.772457000000003,0.0,18.772457000000003,0.19477081298828125
18.528660535812378,18.528802000000013,0.0,18.528802000000013,0.19477081298828125
18.832025289535522,18.832142000000033,0.0,18.832142000000033,0.19477081298828125
18.669219493865967,18.66934299999997,0.0,18.66934299999997,0.19477081298828125
18.67464780807495,18.67478,0.0,18.67478,0.19477081298828125
18.706599712371826,18.70671900000002,0.0,18.70671900000002,0.19477081298828125
18.637696743011475,18.63783699999999,0.0,18.63783699999999,0.19477081298828125
18.722954034805298,18.723073,0.0,18.723073,0.19477081298828125
18.635744333267212,18.63586300000003,0.0,18.63586300000003,0.19477081298828125
18.607937812805176,18.60808000000003,0.0,18.60808000000003,0.19477081298828125
18.736897468566895,18.737017999999978,0.0,18.737017999999978,0.19477081298828125
17.280606985092163,17.280727000000013,0.0,17.280727000000013,0.19477081298828125
16.400968313217163,16.401107999999965,0.0,16.401107999999965,0.19477081298828125
16.31024980545044,16.310363999999993,0.0,16.310363999999993,0.19477081298828125
16.311323642730713,16.311463000000003,0.0,16.311463000000003,0.19477081298828125
16.320989847183228,16.32109399999996,0.0,16.32109399999996,0.19477081298828125
16.302470684051514,16.30258600000002,0.0,16.30258600000002,0.19477081298828125
16.317918300628662,16.318010000000072,0.0,16.318010000000072,0.19477081298828125
