walltime(s),cputime(s),systime(s),usertime(s),memory(GB)
4.533652067184448,4.5336170000000005,0.0,4.5336170000000005,0.19454193115234375
4.533815622329712,4.533807000000001,0.0,4.533807000000001,0.19454193115234375
4.52277135848999,4.522772,0.0,4.522772,0.19454193115234375
4.527595520019531,4.527587999999998,0.0,4.527587999999998,0.19454193115234375
4.515537261962891,4.515521000000003,0.0,4.515521000000003,0.19454193115234375
4.655539274215698,4.655534000000003,0.0,4.655534000000003,0.19454193115234375
4.5767822265625,4.576785000000001,0.0,4.576785000000001,0.19454193115234375
4.539628028869629,4.539591999999999,0.0,4.539591999999999,0.19454193115234375
4.5123984813690186,4.512397,0.0,4.512397,0.19454193115234375
4.519487142562866,4.519474000000002,0.0,4.519474000000002,0.19454193115234375
4.555279016494751,4.555273,0.0,4.555273,0.19454193115234375
4.521081924438477,4.521059000000001,0.0,4.521059000000001,0.19454193115234375
4.523376226425171,4.523363000000003,0.0,4.523363000000003,0.19454193115234375
4.5223307609558105,4.522325000000009,0.0,4.522325000000009,0.19454193115234375
4.530808448791504,4.530783999999997,0.0,4.530783999999997,0.19454193115234375
4.534331321716309,4.534331999999992,0.0,4.534331999999992,0.19454193115234375
4.532085418701172,4.532078999999996,0.0,4.532078999999996,0.19454193115234375
4.51667332649231,4.516675000000006,0.0,4.516675000000006,0.19454193115234375
4.52458643913269,4.524569999999997,0.0,4.524569999999997,0.19454193115234375
4.524373531341553,4.524361999999996,0.0,4.524361999999996,0.19454193115234375
4.528661489486694,4.5286569999999955,0.0,4.5286569999999955,0.19454193115234375
4.554079294204712,4.554049000000006,0.0,4.554049000000006,0.19454193115234375
4.532688617706299,4.532684000000003,0.0,4.532684000000003,0.19454193115234375
4.514136791229248,4.514138000000003,0.0,4.514138000000003,0.19454193115234375
4.536166191101074,4.5361680000000035,0.0,4.5361680000000035,0.19454193115234375
4.525834798812866,4.525822999999988,0.0,4.525822999999988,0.19454193115234375
4.505643606185913,4.505638999999988,0.0,4.505638999999988,0.19454193115234375
4.518118858337402,4.518113,0.0,4.518113,0.19454193115234375
4.551613807678223,4.551579000000004,0.0,4.551579000000004,0.19454193115234375
4.5323851108551025,4.5323860000000025,0.0,4.5323860000000025,0.19454193115234375
