walltime(s),cputime(s),systime(s),usertime(s),memory(GB)
1.2106225490570068,1.2106370000000002,0.0,1.2106370000000002,0.19538116455078125
1.1638975143432617,1.1639029999999995,0.0,1.1639029999999995,0.19538116455078125
1.1627635955810547,1.1627869999999998,0.0,1.1627869999999998,0.19538116455078125
1.1672039031982422,1.1672290000000007,0.0,1.1672290000000007,0.19538116455078125
1.1628167629241943,1.1628340000000001,0.0,1.1628340000000001,0.19538116455078125
1.1611435413360596,1.1611659999999997,0.0,1.1611659999999997,0.19538116455078125
1.1657705307006836,1.1657960000000003,0.0,1.1657960000000003,0.19538116455078125
1.1614274978637695,1.1614510000000013,0.0,1.1614510000000013,0.19538116455078125
1.183976411819458,1.1839960000000005,0.0,1.1839960000000005,0.19538116455078125
1.1612300872802734,1.1612550000000006,0.0,1.1612550000000006,0.19538116455078125
1.1843819618225098,1.1844070000000002,0.0,1.1844070000000002,0.19538116455078125
1.160893201828003,1.1609110000000022,0.0,1.1609110000000022,0.19538116455078125
1.1635851860046387,1.163608,0.0,1.163608,0.19538116455078125
1.1599841117858887,1.1600089999999987,0.0,1.1600089999999987,0.19538116455078125
1.1630096435546875,1.1630269999999996,0.0,1.1630269999999996,0.19538116455078125
1.1611499786376953,1.161175,0.0,1.161175,0.19538116455078125
1.1612775325775146,1.1613010000000017,0.0,1.1613010000000017,0.19538116455078125
1.1607470512390137,1.1607710000000004,0.0,1.1607710000000004,0.19538116455078125
1.1956822872161865,1.1957019999999972,0.0,1.1957019999999972,0.19538116455078125
1.1623103618621826,1.1623349999999988,0.0,1.1623349999999988,0.19538116455078125
1.1623544692993164,1.1623780000000004,0.0,1.1623780000000004,0.19538116455078125
1.1615912914276123,1.1616089999999986,0.0,1.1616089999999986,0.19538116455078125
1.164858341217041,1.1648819999999986,0.0,1.1648819999999986,0.19538116455078125
1.1594114303588867,1.1594349999999949,0.0,1.1594349999999949,0.19538116455078125
1.1637625694274902,1.1637860000000018,0.0,1.1637860000000018,0.19538116455078125
1.1815667152404785,1.1815910000000045,0.0,1.1815910000000045,0.19538116455078125
1.2077357769012451,1.2077619999999953,0.0,1.2077619999999953,0.19538116455078125
1.1611695289611816,1.1611850000000032,0.0,1.1611850000000032,0.19538116455078125
1.1655025482177734,1.1655149999999992,0.0,1.1655149999999992,0.19538116455078125
1.16105318069458,1.1610769999999988,0.0,1.1610769999999988,0.19538116455078125
