walltime(s),cputime(s),systime(s),usertime(s),memory(GB)
1938.5435936450958,1938.473933,0.0,1938.473933,0.19541549682617188
