walltime(s),cputime(s),systime(s),usertime(s),memory(GB)
4.307974100112915,4.307870999999999,0.0,4.307870999999999,0.19454193115234375
4.3044188022613525,4.304322000000001,0.0,4.304322000000001,0.19454193115234375
4.311065196990967,4.310966999999998,0.0,4.310966999999998,0.19454193115234375
4.306077480316162,4.305965999999998,0.0,4.305965999999998,0.19454193115234375
4.305114269256592,4.305016999999999,0.0,4.305016999999999,0.19454193115234375
4.301670789718628,4.301573000000001,0.0,4.301573000000001,0.19454193115234375
4.292586088180542,4.292487000000001,0.0,4.292487000000001,0.19454193115234375
4.3029704093933105,4.302864,0.0,4.302864,0.19454193115234375
4.302488088607788,4.302405999999998,0.0,4.302405999999998,0.19454193115234375
4.300996541976929,4.300898999999994,0.0,4.300898999999994,0.19454193115234375
4.304064750671387,4.303957999999994,0.0,4.303957999999994,0.19454193115234375
4.30540919303894,4.305309999999999,0.0,4.305309999999999,0.19454193115234375
4.326755046844482,4.326638000000003,0.0,4.326638000000003,0.19454193115234375
4.305806636810303,4.305709,0.0,4.305709,0.19454193115234375
4.305508136749268,4.305424000000002,0.0,4.305424000000002,0.19454193115234375
4.301016330718994,4.300915000000003,0.0,4.300915000000003,0.19454193115234375
4.3013389110565186,4.301238999999995,0.0,4.301238999999995,0.19454193115234375
4.313851594924927,4.313752999999991,0.0,4.313752999999991,0.19454193115234375
4.3145318031311035,4.314434000000006,0.0,4.314434000000006,0.19454193115234375
4.310807228088379,4.310709000000003,0.0,4.310709000000003,0.19454193115234375
4.308960914611816,4.308861000000007,0.0,4.308861000000007,0.19454193115234375
4.307811260223389,4.307728999999995,0.0,4.307728999999995,0.19454193115234375
4.299847602844238,4.299739000000002,0.0,4.299739000000002,0.19454193115234375
4.349182605743408,4.340450999999987,0.0,4.340450999999987,0.19454193115234375
4.307049036026001,4.306951000000012,0.0,4.306951000000012,0.19454193115234375
4.300183296203613,4.3000749999999925,0.0,4.3000749999999925,0.19454193115234375
4.306110382080078,4.3060119999999955,0.0,4.3060119999999955,0.19454193115234375
4.307352542877197,4.307254,0.0,4.307254,0.19454193115234375
4.306915760040283,4.306834000000009,0.0,4.306834000000009,0.19454193115234375
4.300302505493164,4.300206000000003,0.0,4.300206000000003,0.19454193115234375
