walltime(s),cputime(s),systime(s),usertime(s),memory(GB)
0.5419697761535645,0.5419479999999997,0.0,0.5419479999999997,0.19520950317382812
0.5355925559997559,0.5355809999999996,0.0,0.5355809999999996,0.19520950317382812
0.5251719951629639,0.5251489999999999,0.0,0.5251489999999999,0.19520950317382812
0.5206501483917236,0.5206390000000001,0.0,0.5206390000000001,0.19520950317382812
0.5263781547546387,0.5263539999999995,0.0,0.5263539999999995,0.19520950317382812
0.522820234298706,0.5228080000000004,0.0,0.5228080000000004,0.19520950317382812
0.5287790298461914,0.5287669999999993,0.0,0.5287669999999993,0.19520950317382812
0.5225114822387695,0.5225,0.0,0.5225,0.19520950317382812
0.5232012271881104,0.5231900000000014,0.0,0.5231900000000014,0.19520950317382812
0.5241243839263916,0.5241129999999998,0.0,0.5241129999999998,0.19520950317382812
0.5238497257232666,0.5238380000000014,0.0,0.5238380000000014,0.19520950317382812
0.5245366096496582,0.5245250000000006,0.0,0.5245250000000006,0.19520950317382812
0.5252432823181152,0.5252309999999998,0.0,0.5252309999999998,0.19520950317382812
0.5228354930877686,0.522824,0.0,0.522824,0.19520950317382812
0.5246326923370361,0.5246209999999998,0.0,0.5246209999999998,0.19520950317382812
0.5203940868377686,0.5203740000000003,0.0,0.5203740000000003,0.19520950317382812
0.5230011940002441,0.5229900000000001,0.0,0.5229900000000001,0.19520950317382812
0.5235676765441895,0.523556000000001,0.0,0.523556000000001,0.19520950317382812
0.5243504047393799,0.5243320000000011,0.0,0.5243320000000011,0.19520950317382812
0.5236992835998535,0.5236879999999999,0.0,0.5236879999999999,0.19520950317382812
0.5268387794494629,0.5268270000000008,0.0,0.5268270000000008,0.19520950317382812
0.5256664752960205,0.5256550000000004,0.0,0.5256550000000004,0.19520950317382812
0.5246908664703369,0.5246719999999989,0.0,0.5246719999999989,0.19520950317382812
0.521528959274292,0.5215170000000029,0.0,0.5215170000000029,0.19520950317382812
0.5281782150268555,0.5281669999999998,0.0,0.5281669999999998,0.19520950317382812
0.5513894557952881,0.5513779999999997,0.0,0.5513779999999997,0.19520950317382812
0.5208585262298584,0.5208469999999998,0.0,0.5208469999999998,0.19520950317382812
0.5229473114013672,0.5229360000000014,0.0,0.5229360000000014,0.19520950317382812
0.5222330093383789,0.5222200000000008,0.0,0.5222200000000008,0.19520950317382812
0.5233757495880127,0.5233530000000002,0.0,0.5233530000000002,0.19520950317382812
