walltime(s),cputime(s),systime(s),usertime(s),memory(GB)
1928.743738412857,1928.769985,0.02183400000000002,1928.748151,0.19455718994140625
