walltime(s),cputime(s),systime(s),usertime(s),memory(GB)
26.28995680809021,26.290206,0.0,26.290206,0.1952056884765625
26.455091953277588,26.455334000000004,0.0,26.455334000000004,0.1952056884765625
26.315171241760254,26.315430000000006,0.0,26.315430000000006,0.1952056884765625
26.39018487930298,26.390445999999997,0.0,26.390445999999997,0.1952056884765625
26.337902784347534,26.338149,0.0,26.338149,0.1952056884765625
26.27206826210022,26.272332000000006,0.0,26.272332000000006,0.1952056884765625
26.359192848205566,26.359451000000007,0.0,26.359451000000007,0.1952056884765625
26.44466471672058,26.444939000000005,0.0,26.444939000000005,0.1952056884765625
26.41010332107544,26.410361999999992,0.0,26.410361999999992,0.1952056884765625
26.38835573196411,26.38861399999999,0.0,26.38861399999999,0.1952056884765625
26.252752542495728,26.25303200000002,0.0,26.25303200000002,0.1952056884765625
26.268344163894653,26.268598999999995,0.0,26.268598999999995,0.1952056884765625
26.38905382156372,26.38931500000001,0.0,26.38931500000001,0.1952056884765625
26.301311492919922,26.30156900000003,0.0,26.30156900000003,0.1952056884765625
26.25720477104187,26.257462999999973,0.0,26.257462999999973,0.1952056884765625
26.340160369873047,26.340420999999992,0.0,26.340420999999992,0.1952056884765625
26.416003704071045,26.416247,0.0,26.416247,0.1952056884765625
26.431206941604614,26.43146999999999,0.0,26.43146999999999,0.1952056884765625
26.316591024398804,26.316846999999996,0.0,26.316846999999996,0.1952056884765625
26.23280167579651,26.233055000000036,0.0,26.233055000000036,0.1952056884765625
26.28939962387085,26.289644000000067,0.0,26.289644000000067,0.1952056884765625
26.258036375045776,26.258286,0.0,26.258286,0.1952056884765625
26.292147397994995,26.292407000000026,0.0,26.292407000000026,0.1952056884765625
26.40046238899231,26.400700999999945,0.003479999999999983,26.397220999999945,0.1952056884765625
26.22186255455017,26.222126000000003,0.0,26.222126000000003,0.1952056884765625
26.212798357009888,26.213066000000026,0.0,26.213066000000026,0.1952056884765625
26.318732976913452,26.318989999999985,0.0,26.318989999999985,0.1952056884765625
26.229673147201538,26.22993800000006,0.0,26.22993800000006,0.1952056884765625
26.357683181762695,26.357940999999983,0.0,26.357940999999983,0.1952056884765625
26.220729112625122,26.220981999999935,0.0,26.220981999999935,0.1952056884765625
