walltime(s),cputime(s),systime(s),usertime(s),memory(GB)
675.7264580726624,675.7237070000001,2.7336929999999997,672.9900140000001,0.923004150390625
665.5843405723572,665.5856259999998,3.2279999999999998,662.3576259999999,0.9371185302734375
664.383932352066,664.3853580000001,3.192005,661.1933530000001,0.9371185302734375
633.6995460987091,633.7016659999998,3.1360029999999988,630.5656629999999,0.9371185302734375
632.8621366024017,632.8633329999998,3.1360110000000017,629.7273219999997,0.9371185302734375
