walltime(s),cputime(s),systime(s),usertime(s),memory(GB)
74.88390016555786,74.88328100000001,0.0,74.88328100000001,0.19490432739257812
75.11155724525452,75.11020500000001,0.0,75.11020500000001,0.19490432739257812
75.16481924057007,75.16367500000001,0.0,75.16367500000001,0.19490432739257812
75.26559162139893,75.26502599999998,0.0,75.26502599999998,0.19490432739257812
75.08997321128845,75.089317,0.0,75.089317,0.19490432739257812
75.23304557800293,75.23206999999996,0.0,75.23206999999996,0.19490432739257812
75.01445817947388,75.01364600000004,0.0037760000000000016,75.00987000000003,0.19490432739257812
75.2362642288208,75.23536899999999,0.0,75.23536899999999,0.19490432739257812
77.15412068367004,77.1529110000001,0.0039980000000000016,77.1489130000001,0.19490432739257812
76.37678074836731,76.37433799999997,0.0,76.37433799999997,0.19490432739257812
75.29162263870239,75.291157,0.0,75.291157,0.19490432739257812
75.29260921478271,75.29211500000008,0.0,75.29211500000008,0.19490432739257812
74.66725707054138,74.666833,0.0,74.666833,0.19490432739257812
75.28340721130371,75.28300200000001,0.0,75.28300200000001,0.19490432739257812
75.09453678131104,75.09407800000008,0.0,75.09407800000008,0.19490432739257812
75.30775022506714,75.30734800000005,0.0,75.30734800000005,0.19490432739257812
75.33706188201904,75.33662200000003,0.0,75.33662200000003,0.19490432739257812
75.27043676376343,75.27001100000007,0.0,75.27001100000007,0.19490432739257812
74.9955108165741,74.99510899999996,0.0,74.99510899999996,0.19490432739257812
75.04203128814697,75.04163300000005,0.0,75.04163300000005,0.19490432739257812
75.13963603973389,75.13921000000005,0.0,75.13921000000005,0.19490432739257812
75.1451997756958,75.14478900000017,0.0,75.14478900000017,0.19490432739257812
75.11058330535889,75.11016700000005,0.0,75.11016700000005,0.19490432739257812
75.22214770317078,75.22174799999993,0.0,75.22174799999993,0.19490432739257812
75.13252639770508,75.13210299999992,0.0,75.13210299999992,0.19490432739257812
75.05805921554565,75.05763999999999,0.0,75.05763999999999,0.19490432739257812
75.14072275161743,75.14030700000012,0.0,75.14030700000012,0.19490432739257812
75.2786705493927,75.27826899999991,0.0,75.27826899999991,0.19490432739257812
75.07141423225403,75.07100799999989,0.0,75.07100799999989,0.19490432739257812
75.06454467773438,75.06413699999985,0.0,75.06413699999985,0.19490432739257812
