walltime(s),cputime(s),systime(s),usertime(s),memory(GB)
2.088069200515747,2.088062,0.0,2.088062,0.1952056884765625
2.052816867828369,2.0528169999999992,0.0,2.0528169999999992,0.1952056884765625
2.058256149291992,2.058261999999999,0.0,2.058261999999999,0.1952056884765625
2.0559589862823486,2.0559709999999995,0.0,2.0559709999999995,0.1952056884765625
2.056838035583496,2.0568430000000006,0.0,2.0568430000000006,0.1952056884765625
2.060971975326538,2.0609769999999994,0.0,2.0609769999999994,0.1952056884765625
2.0551767349243164,2.055182000000002,0.0,2.055182000000002,0.1952056884765625
2.050811529159546,2.050815,0.0,2.050815,0.1952056884765625
2.0491278171539307,2.0491390000000003,0.0,2.0491390000000003,0.1952056884765625
2.0587992668151855,2.0588039999999985,0.0,2.0588039999999985,0.1952056884765625
2.056382894515991,2.056394000000001,0.0,2.056394000000001,0.1952056884765625
2.0868732929229736,2.0868779999999987,0.0,2.0868779999999987,0.1952056884765625
2.056439161300659,2.0564420000000005,0.0,2.0564420000000005,0.1952056884765625
2.0422322750091553,2.0422389999999986,0.0,2.0422389999999986,0.1952056884765625
2.0533337593078613,2.053345,0.0,2.053345,0.1952056884765625
2.056647777557373,2.056646999999998,0.0,2.056646999999998,0.1952056884765625
2.058288812637329,2.058298999999998,0.0,2.058298999999998,0.1952056884765625
2.0629537105560303,2.0629459999999966,0.0,2.0629459999999966,0.1952056884765625
2.0479273796081543,2.0479389999999995,0.0,2.0479389999999995,0.1952056884765625
2.120274782180786,2.120244999999997,0.0,2.120244999999997,0.1952056884765625
2.0542118549346924,2.0542170000000013,0.0,2.0542170000000013,0.1952056884765625
2.053483247756958,2.053488999999999,0.0,2.053488999999999,0.1952056884765625
2.0608842372894287,2.060895000000002,0.0,2.060895000000002,0.1952056884765625
2.057584762573242,2.057590999999995,0.0,2.057590999999995,0.1952056884765625
2.0553619861602783,2.055373000000003,0.0,2.055373000000003,0.1952056884765625
2.059446334838867,2.0594509999999957,0.0,2.0594509999999957,0.1952056884765625
2.094622850418091,2.0946330000000017,0.0,2.0946330000000017,0.1952056884765625
2.0440118312835693,2.044015999999999,0.0,2.044015999999999,0.1952056884765625
2.0527381896972656,2.052743999999997,0.0,2.052743999999997,0.1952056884765625
2.0541627407073975,2.054149999999993,0.0,2.054149999999993,0.1952056884765625
