walltime(s),cputime(s),systime(s),usertime(s),memory(GB)
1110.8596482276917,1110.859936,0.0,1110.859936,0.19408798217773438
1074.7336819171906,1074.738131,0.0,1074.738131,0.19408798217773438
1038.9457421302795,1038.9495699999998,0.0,1038.9495699999998,0.19408798217773438
