walltime(s),cputime(s),systime(s),usertime(s),memory(GB)
1908.9482655525208,1908.942066,0.0,1908.942066,0.19622421264648438
