walltime(s),cputime(s),systime(s),usertime(s),memory(GB)
2408.266720533371,2408.2525910000004,0.212808,2408.039783,0.19726181030273438
