walltime(s),cputime(s),systime(s),usertime(s),memory(GB)
958.8495495319366,958.8398970000001,0.0003530000000000477,958.839544,0.19580459594726562
1040.8576238155365,1040.859715,0.0,1040.859715,0.19580459594726562
1045.0427045822144,1045.045058,0.0,1045.045058,0.19580459594726562
