walltime(s),cputime(s),systime(s),usertime(s),memory(GB)
1555.4516191482544,1555.455327,0.0,1555.455327,0.196685791015625
1560.9179637432098,1560.9221289999998,0.0,1560.9221289999998,0.196685791015625
