walltime(s),cputime(s),systime(s),usertime(s),memory(GB)
613.6464159488678,613.655966,0.0003070000000000017,613.655659,0.19504165649414062
607.720917224884,607.7332890000001,1.0000000000287557e-06,607.7332880000001,0.19504165649414062
607.2988917827606,607.3113040000001,0.0,607.3113040000001,0.19504165649414062
606.9224262237549,606.93482,0.0,606.93482,0.19504165649414062
606.4722666740417,606.4847749999999,0.0,606.4847749999999,0.19504165649414062
