walltime(s),cputime(s),systime(s),usertime(s),memory(GB)
36.49720048904419,36.49774,0.0,36.49774,0.19491958618164062
36.395660161972046,36.396266,0.0,36.396266,0.19491958618164062
36.415316104888916,36.415915999999996,0.0,36.415915999999996,0.19491958618164062
35.94442939758301,35.94502999999999,0.0,35.94502999999999,0.19491958618164062
35.96157693862915,35.962175,0.0,35.962175,0.19491958618164062
36.252387046813965,36.25300199999998,0.0,36.25300199999998,0.19491958618164062
36.70110583305359,36.701752,0.0,36.701752,0.19491958618164062
36.19382977485657,36.19441599999999,0.0,36.19441599999999,0.19491958618164062
36.470468282699585,36.47108899999995,0.0,36.47108899999995,0.19491958618164062
36.73208665847778,36.732725000000016,0.0,36.732725000000016,0.19491958618164062
35.92279553413391,35.92341800000003,0.0,35.92341800000003,0.19491958618164062
36.45828461647034,36.458909000000006,0.0,36.458909000000006,0.19491958618164062
36.18413066864014,36.184752,0.0,36.184752,0.19491958618164062
36.48029160499573,36.48092499999996,0.0,36.48092499999996,0.19491958618164062
36.20297408103943,36.203606000000036,0.0,36.203606000000036,0.19491958618164062
36.16322731971741,36.163734999999974,0.0,36.163734999999974,0.19491958618164062
36.39238405227661,36.38490300000001,0.0,36.38490300000001,0.19491958618164062
37.007662773132324,37.00829999999996,0.0,37.00829999999996,0.19491958618164062
37.2992000579834,37.29978399999993,0.0,37.29978399999993,0.19491958618164062
36.42882943153381,36.42946099999995,0.0,36.42946099999995,0.19491958618164062
36.437254667282104,36.437887000000046,0.0,36.437887000000046,0.19491958618164062
36.51216650009155,36.51279899999997,0.0,36.51279899999997,0.19491958618164062
35.935505390167236,35.936127000000056,0.0,35.936127000000056,0.19491958618164062
36.45443630218506,36.455066999999985,0.0,36.455066999999985,0.19491958618164062
35.94706344604492,35.947678999999994,0.0,35.947678999999994,0.19491958618164062
36.32313013076782,36.32375400000001,0.0,36.32375400000001,0.19491958618164062
35.922184467315674,35.922804999999926,0.0,35.922804999999926,0.19491958618164062
36.424877405166626,36.425512000000026,0.0,36.425512000000026,0.19491958618164062
36.4492723941803,36.44989100000009,0.0,36.44989100000009,0.19491958618164062
36.231072664260864,36.23170200000004,0.0,36.23170200000004,0.19491958618164062
