walltime(s),cputime(s),systime(s),usertime(s),memory(GB)
1129.0809886455536,1129.0766310000001,0.002117999999999981,1129.074513,0.19478988647460938
1129.5940284729004,1129.5905209999999,4.000000000004e-06,1129.5905169999999,0.19478988647460938
1131.5617370605469,1131.5583840000002,1.000000000001e-06,1131.558383,0.19478988647460938
