walltime(s),cputime(s),systime(s),usertime(s),memory(GB)
16.237838745117188,16.237447000000003,0.0,16.237447000000003,0.19466018676757812
16.14441728591919,16.144067,0.0,16.144067,0.19466018676757812
16.178601026535034,16.178312,0.0,16.178312,0.19466018676757812
16.152780771255493,16.152433999999992,0.0,16.152433999999992,0.19466018676757812
16.159029245376587,16.15871100000001,0.0,16.15871100000001,0.19466018676757812
16.165473699569702,16.165139999999994,0.0,16.165139999999994,0.19466018676757812
16.177592992782593,16.17709400000001,0.0,16.17709400000001,0.19466018676757812
16.16070818901062,16.160425000000004,0.0,16.160425000000004,0.19466018676757812
16.172948598861694,16.172630999999996,0.0,16.172630999999996,0.19466018676757812
16.159438133239746,16.159091000000018,0.0,16.159091000000018,0.19466018676757812
16.17082667350769,16.170535,0.0,16.170535,0.19466018676757812
16.18321943283081,16.182870999999977,0.0,16.182870999999977,0.19466018676757812
16.157098293304443,16.15680499999999,0.0,16.15680499999999,0.19466018676757812
16.162737369537354,16.162394000000006,0.0,16.162394000000006,0.19466018676757812
16.177088022232056,16.176609000000013,0.0,16.176609000000013,0.19466018676757812
16.169779777526855,16.169399999999968,0.0,16.169399999999968,0.19466018676757812
16.165990352630615,16.16569800000002,0.0,16.16569800000002,0.19466018676757812
16.156496047973633,16.15614899999997,0.0,16.15614899999997,0.19466018676757812
16.19703459739685,16.196680999999955,0.0,16.196680999999955,0.19466018676757812
16.114745616912842,16.11439900000005,0.0,16.11439900000005,0.19466018676757812
16.124032735824585,16.123707999999965,0.0,16.123707999999965,0.19466018676757812
16.111494541168213,16.111132999999995,0.0,16.111132999999995,0.19466018676757812
16.13364052772522,16.13313800000003,0.0,16.13313800000003,0.19466018676757812
16.133177995681763,16.13288399999999,0.0,16.13288399999999,0.19466018676757812
16.122423887252808,16.122073999999998,0.0,16.122073999999998,0.19466018676757812
16.111547470092773,16.111219000000006,0.0,16.111219000000006,0.19466018676757812
16.132408142089844,16.13209599999999,0.0,16.13209599999999,0.19466018676757812
16.11501383781433,16.114709000000005,0.0,16.114709000000005,0.19466018676757812
16.108429670333862,16.108093999999994,0.0,16.108093999999994,0.19466018676757812
16.10486650466919,16.104587000000038,0.0,16.104587000000038,0.19466018676757812
