walltime(s),cputime(s),systime(s),usertime(s),memory(GB)
468.9357182979584,468.938823,0.007121000000000044,468.93170200000003,0.194610595703125
466.22874760627747,466.218693,0.003996999999999973,466.21469599999995,0.194610595703125
463.6081156730652,463.61219099999994,0.0039980000000000016,463.6081929999999,0.194610595703125
466.33029198646545,466.33462099999997,0.0,466.33462099999997,0.194610595703125
466.44236969947815,466.44678999999996,0.0,466.44678999999996,0.194610595703125
466.27373695373535,466.27298699999983,0.0,466.27298699999983,0.194610595703125
466.45236802101135,466.45396800000026,0.0,466.45396800000026,0.194610595703125
