walltime(s),cputime(s),systime(s),usertime(s),memory(GB)
1953.3997116088867,1953.45757,0.003992999999999969,1953.453577,0.19626998901367188
