walltime(s),cputime(s),systime(s),usertime(s),memory(GB)
564.1829807758331,564.179034,0.0,564.179034,0.19549942016601562
561.4558188915253,561.453052,0.0,561.453052,0.19549942016601562
564.1583204269409,564.155223,0.0,564.155223,0.19549942016601562
565.6932735443115,565.6900460000002,0.0,565.6900460000002,0.19549942016601562
567.9460146427155,567.9431100000002,0.0,567.9431100000002,0.19549942016601562
568.1234512329102,568.1205600000003,0.0,568.1205600000003,0.19549942016601562
