walltime(s),cputime(s),systime(s),usertime(s),memory(GB)
2413.3466176986694,2413.367464,0.0,2413.367464,0.197479248046875
