walltime(s),cputime(s),systime(s),usertime(s),memory(GB)
96.61624693870544,96.615799,2.2999999999995246e-05,96.615776,0.1950531005859375
98.86515784263611,98.864829,1.0000000000287557e-06,98.864828,0.1950531005859375
99.58937525749207,99.58883700000001,0.0,99.58883700000001,0.1950531005859375
100.82294154167175,100.82264799999996,0.0,100.82264799999996,0.1950531005859375
100.4381833076477,100.43789499999997,0.0,100.43789499999997,0.1950531005859375
101.69312191009521,101.69279400000005,0.0,101.69279400000005,0.1950531005859375
101.72258305549622,101.7222700000001,0.0,101.7222700000001,0.1950531005859375
100.33400464057922,100.333709,0.0,100.333709,0.1950531005859375
100.24219083786011,100.24186800000007,0.0,100.24186800000007,0.1950531005859375
100.48661661148071,100.48629399999993,0.0,100.48629399999993,0.1950531005859375
100.318612575531,100.3183120000001,0.0,100.3183120000001,0.1950531005859375
101.03626823425293,101.0359010000002,0.0,101.0359010000002,0.1950531005859375
102.08154964447021,102.08123299999988,0.0,102.08123299999988,0.1950531005859375
101.55851483345032,101.55815300000017,0.0,101.55815300000017,0.1950531005859375
100.19279146194458,100.19247700000005,0.0,100.19247700000005,0.1950531005859375
99.03821849822998,99.03787699999998,0.0,99.03787699999998,0.1950531005859375
97.45726776123047,97.45696399999997,0.0,97.45696399999997,0.1950531005859375
98.41076970100403,98.41046200000005,0.0,98.41046200000005,0.1950531005859375
98.75500154495239,98.75469399999997,0.0,98.75469399999997,0.1950531005859375
100.08210825920105,100.08179999999993,0.0,100.08179999999993,0.1950531005859375
97.11033701896667,97.10997800000018,0.0,97.10997800000018,0.1950531005859375
95.16018509864807,95.1598799999997,0.0,95.1598799999997,0.1950531005859375
95.29777908325195,95.29747899999984,0.0,95.29747899999984,0.1950531005859375
94.26879858970642,94.26847199999975,0.0,94.26847199999975,0.1950531005859375
94.03354239463806,94.03322800000024,0.0,94.03322800000024,0.1950531005859375
94.83611297607422,94.83565499999986,0.0,94.83565499999986,0.1950531005859375
95.82282209396362,95.82250299999987,0.0,95.82250299999987,0.1950531005859375
97.21979284286499,97.21949300000006,0.0,97.21949300000006,0.1950531005859375
94.33069634437561,94.33038099999976,0.0,94.33038099999976,0.1950531005859375
93.39902067184448,93.3987360000001,0.0,93.3987360000001,0.1950531005859375
