walltime(s),cputime(s),systime(s),usertime(s),memory(GB)
6.762515544891357,6.762343,0.0,6.762343,0.19404983520507812
6.731481552124023,6.731345000000001,0.0,6.731345000000001,0.19404983520507812
6.701251745223999,6.701095000000002,0.0,6.701095000000002,0.19404983520507812
6.702496528625488,6.702331000000001,0.0,6.702331000000001,0.19404983520507812
6.747256517410278,6.747091000000001,0.0,6.747091000000001,0.19404983520507812
6.7464680671691895,6.7462209999999985,0.0,6.7462209999999985,0.19404983520507812
6.697293043136597,6.697139999999997,0.0,6.697139999999997,0.19404983520507812
6.694485187530518,6.694333,0.0,6.694333,0.19404983520507812
6.698650598526001,6.698503999999993,0.0,6.698503999999993,0.19404983520507812
6.695318937301636,6.695167999999995,0.0,6.695167999999995,0.19404983520507812
6.700554132461548,6.700402000000011,0.0,6.700402000000011,0.19404983520507812
6.727274656295776,6.727127999999993,0.0,6.727127999999993,0.19404983520507812
6.7041919231414795,6.704048999999998,0.0,6.704048999999998,0.19404983520507812
6.7113587856292725,6.7112049999999925,0.0,6.7112049999999925,0.19404983520507812
6.70555853843689,6.70541399999999,0.0,6.70541399999999,0.19404983520507812
6.696893692016602,6.696747000000002,0.0,6.696747000000002,0.19404983520507812
6.70711350440979,6.706958,0.0,6.706958,0.19404983520507812
6.696991682052612,6.696841000000006,0.0,6.696841000000006,0.19404983520507812
6.712990045547485,6.712844999999987,0.0,6.712844999999987,0.19404983520507812
6.6985085010528564,6.698357000000016,0.0,6.698357000000016,0.19404983520507812
6.695286989212036,6.695136999999988,0.0,6.695136999999988,0.19404983520507812
6.73690390586853,6.736758999999978,0.0,6.736758999999978,0.19404983520507812
6.700371742248535,6.700219000000004,0.0,6.700219000000004,0.19404983520507812
6.69763970375061,6.697487999999993,0.0,6.697487999999993,0.19404983520507812
6.704042911529541,6.703817000000015,0.0,6.703817000000015,0.19404983520507812
6.705759763717651,6.705606999999986,0.0,6.705606999999986,0.19404983520507812
6.70013427734375,6.699983000000003,0.0,6.699983000000003,0.19404983520507812
6.710153341293335,6.710008999999985,0.0,6.710008999999985,0.19404983520507812
6.701356649398804,6.701205999999985,0.0,6.701205999999985,0.19404983520507812
6.694851398468018,6.694694999999996,0.0,6.694694999999996,0.19404983520507812
