walltime(s),cputime(s),systime(s),usertime(s),memory(GB)
2669.1413130760193,2669.220071,0.0,2669.220071,0.1962890625
