walltime(s),cputime(s),systime(s),usertime(s),memory(GB)
4.487543821334839,4.487481999999999,0.0,4.487481999999999,0.195953369140625
4.4755144119262695,4.475508000000001,0.0,4.475508000000001,0.195953369140625
4.475413084030151,4.4754249999999995,0.0,4.4754249999999995,0.195953369140625
4.70035982131958,4.700254000000001,0.0,4.700254000000001,0.195953369140625
4.606751203536987,4.606757999999999,0.0,4.606757999999999,0.195953369140625
4.477304697036743,4.477314999999997,0.0,4.477314999999997,0.195953369140625
4.55069637298584,4.550705000000001,0.0,4.550705000000001,0.195953369140625
4.51880407333374,4.518813999999999,0.0,4.518813999999999,0.195953369140625
4.4779767990112305,4.4779589999999985,0.0,4.4779589999999985,0.195953369140625
4.47877049446106,4.47878,0.0,4.47878,0.195953369140625
4.477286100387573,4.477273000000004,0.0,4.477273000000004,0.195953369140625
4.488900184631348,4.488878999999997,0.0,4.488878999999997,0.195953369140625
4.530361890792847,4.530359000000004,0.0,4.530359000000004,0.195953369140625
4.774864673614502,4.774850000000001,0.0,4.774850000000001,0.195953369140625
4.486448764801025,4.486436999999995,0.0,4.486436999999995,0.195953369140625
4.481274366378784,4.481272000000004,0.0,4.481272000000004,0.195953369140625
4.478759527206421,4.478757999999999,0.0,4.478757999999999,0.195953369140625
4.475254774093628,4.475252999999995,0.0,4.475252999999995,0.195953369140625
4.477743148803711,4.4777369999999905,0.0,4.4777369999999905,0.195953369140625
4.476793527603149,4.476788999999997,0.0,4.476788999999997,0.195953369140625
4.536080837249756,4.536060000000006,0.0,4.536060000000006,0.195953369140625
4.477846622467041,4.477845000000002,0.0,4.477845000000002,0.195953369140625
4.477113485336304,4.477103,0.0,4.477103,0.195953369140625
4.476113319396973,4.476109000000008,0.0,4.476109000000008,0.195953369140625
4.4761879444122314,4.476197999999997,0.0,4.476197999999997,0.195953369140625
4.476332664489746,4.476320000000001,0.0,4.476320000000001,0.195953369140625
4.481042861938477,4.481027000000012,0.0,4.481027000000012,0.195953369140625
4.483821392059326,4.483821000000006,0.0,4.483821000000006,0.195953369140625
4.476243019104004,4.476233000000008,0.0,4.476233000000008,0.195953369140625
4.48074197769165,4.480755000000016,0.0,4.480755000000016,0.195953369140625
