walltime(s),cputime(s),systime(s),usertime(s),memory(GB)
617.5585355758667,617.55725,0.0,617.55725,0.19472503662109375
615.0178911685944,615.017169,0.0,615.017169,0.19472503662109375
617.0092406272888,616.976277,0.0,616.976277,0.19472503662109375
615.2645409107208,615.263974,0.0,615.263974,0.19472503662109375
614.8811178207397,614.880439,0.0,614.880439,0.19472503662109375
