walltime(s),cputime(s),systime(s),usertime(s),memory(GB)
479.7894141674042,479.79593600000004,0.0022979999999999667,479.79363800000004,0.19479751586914062
482.68776416778564,482.694468,9.000000000036756e-06,482.694459,0.19479751586914062
480.77631425857544,480.78318000000013,3.000000000030756e-06,480.78317700000014,0.19479751586914062
481.1366150379181,481.14348400000006,9.999999999732445e-07,481.14348300000006,0.19479751586914062
480.25226044654846,480.2591639999997,1.0000000000287557e-06,480.2591629999997,0.19479751586914062
480.8240351676941,480.8307830000001,0.004000999999999977,480.8267820000001,0.19479751586914062
482.37883830070496,482.38569500000006,9.999999999732445e-07,482.38569400000006,0.19479751586914062
