walltime(s),cputime(s),systime(s),usertime(s),memory(GB)
1.9797155857086182,1.9797439999999993,0.0,1.9797439999999993,0.195159912109375
1.8690853118896484,1.869097,0.0,1.869097,0.195159912109375
1.863034963607788,1.8630829999999996,0.0,1.8630829999999996,0.195159912109375
1.8646268844604492,1.864669000000001,0.0,1.864669000000001,0.195159912109375
1.8574812412261963,1.8575300000000006,0.0,1.8575300000000006,0.195159912109375
1.8507323265075684,1.850779000000001,0.0,1.850779000000001,0.195159912109375
1.8585131168365479,1.8585550000000008,0.0,1.8585550000000008,0.195159912109375
1.8640859127044678,1.864134,0.0,1.864134,0.195159912109375
1.8620407581329346,1.8620839999999994,0.0,1.8620839999999994,0.195159912109375
1.86033296585083,1.860358999999999,0.0,1.860358999999999,0.195159912109375
1.8749778270721436,1.875010999999997,0.0,1.875010999999997,0.195159912109375
1.848531723022461,1.8485569999999996,0.0,1.8485569999999996,0.195159912109375
1.8682572841644287,1.8682939999999988,0.0,1.8682939999999988,0.195159912109375
1.941112756729126,1.9411629999999995,0.0,1.9411629999999995,0.195159912109375
1.9286057949066162,1.9286309999999993,0.0,1.9286309999999993,0.195159912109375
1.9245719909667969,1.9246169999999978,0.0,1.9246169999999978,0.195159912109375
1.9195749759674072,1.9196189999999973,0.0,1.9196189999999973,0.195159912109375
1.932889461517334,1.9329389999999975,0.0,1.9329389999999975,0.195159912109375
1.9218950271606445,1.9219390000000018,0.0,1.9219390000000018,0.195159912109375
1.923572063446045,1.9236229999999992,0.0,1.9236229999999992,0.195159912109375
1.9321670532226562,1.9322110000000023,0.0,1.9322110000000023,0.195159912109375
1.9264774322509766,1.926527,0.0,1.926527,0.195159912109375
1.9324743747711182,1.932496999999998,0.0,1.932496999999998,0.195159912109375
1.9359495639801025,1.9359929999999963,0.0,1.9359929999999963,0.195159912109375
1.926816701889038,1.9268439999999956,0.0,1.9268439999999956,0.195159912109375
1.9452252388000488,1.9452690000000032,0.0,1.9452690000000032,0.195159912109375
1.9186701774597168,1.9187149999999988,0.0,1.9187149999999988,0.195159912109375
1.9265093803405762,1.9265449999999973,0.0,1.9265449999999973,0.195159912109375
1.999800205230713,1.999848,0.0,1.999848,0.195159912109375
2.0144360065460205,2.014490000000002,0.0,2.014490000000002,0.195159912109375
