walltime(s),cputime(s),systime(s),usertime(s),memory(GB)
466.93119072914124,466.931909,0.001666999999999974,466.930242,0.1954803466796875
461.7391219139099,461.73559200000005,5.000000000032756e-06,461.73558700000007,0.1954803466796875
461.2632098197937,461.26375199999995,4.000000000004e-06,461.26374799999996,0.1954803466796875
462.4779329299927,462.4789270000001,4.000000000004e-06,462.4789230000001,0.1954803466796875
466.4093496799469,466.39478299999996,0.003996999999999917,466.39078599999993,0.1954803466796875
458.7448227405548,458.7433430000002,1.0000000000287557e-06,458.7433420000002,0.1954803466796875
467.8950755596161,467.88997599999993,0.0,467.88997599999993,0.1954803466796875
