walltime(s),cputime(s),systime(s),usertime(s),memory(GB)
484.7688217163086,484.76840599999997,0.0,484.76840599999997,0.19483184814453125
480.3047499656677,480.304532,0.0,480.304532,0.19483184814453125
480.682080745697,480.68190400000003,0.0,480.68190400000003,0.19483184814453125
480.6443281173706,480.64412800000014,0.0,480.64412800000014,0.19483184814453125
480.2938358783722,480.2937320000003,0.0020659999999999012,480.2916660000003,0.19483184814453125
480.60206747055054,480.60193499999986,0.003993000000000024,480.5979419999999,0.19483184814453125
480.5336482524872,480.53362400000015,0.0,480.53362400000015,0.19483184814453125
