walltime(s),cputime(s),systime(s),usertime(s),memory(GB)
0.01690959930419922,0.016894999999999882,0.0,0.016894999999999882,0.1953125
0.01176309585571289,0.011755000000000848,0.0,0.011755000000000848,0.1953125
0.011814355850219727,0.011808000000000263,0.0,0.011808000000000263,0.1953125
0.013036489486694336,0.013030000000000541,0.0,0.013030000000000541,0.1953125
0.012985467910766602,0.01297899999999963,0.0,0.01297899999999963,0.1953125
0.011734724044799805,0.011727000000000487,0.0,0.011727000000000487,0.1953125
0.012792825698852539,0.012785999999999298,0.0,0.012785999999999298,0.1953125
0.009913206100463867,0.00990700000000011,0.0,0.00990700000000011,0.1953125
0.009891510009765625,0.00988599999999984,0.0,0.00988599999999984,0.1953125
0.00994563102722168,0.009939999999999394,0.0,0.009939999999999394,0.1953125
0.009923458099365234,0.00991600000000048,0.0,0.00991600000000048,0.1953125
0.009846687316894531,0.009840999999999767,0.0,0.009840999999999767,0.1953125
0.009948015213012695,0.009915999999999592,0.0,0.009915999999999592,0.1953125
0.00989675521850586,0.009891000000000538,0.0,0.009891000000000538,0.1953125
0.009898900985717773,0.00989299999999993,0.0,0.00989299999999993,0.1953125
0.009912729263305664,0.00990599999999997,0.0,0.00990599999999997,0.1953125
0.009905576705932617,0.00990000000000002,0.0,0.00990000000000002,0.1953125
0.009945154190063477,0.009940000000000282,0.0,0.009940000000000282,0.1953125
0.010023117065429688,0.010016000000000247,0.0,0.010016000000000247,0.1953125
0.009870529174804688,0.009863999999999429,0.0,0.009863999999999429,0.1953125
0.009881258010864258,0.009876000000000218,0.0,0.009876000000000218,0.1953125
0.009840250015258789,0.009833999999999676,0.0,0.009833999999999676,0.1953125
0.009975671768188477,0.009968999999999895,0.0,0.009968999999999895,0.1953125
0.009892702102661133,0.009886000000000728,0.0,0.009886000000000728,0.1953125
0.00990152359008789,0.00989400000000007,0.0,0.00989400000000007,0.1953125
0.009901046752929688,0.00989500000000021,0.0,0.00989500000000021,0.1953125
0.009989023208618164,0.009983000000000075,0.0,0.009983000000000075,0.1953125
0.009856462478637695,0.009850000000000136,0.0,0.009850000000000136,0.1953125
0.00990438461303711,0.00989799999999974,0.0,0.00989799999999974,0.1953125
0.009893417358398438,0.00988599999999984,0.0,0.00988599999999984,0.1953125
