walltime(s),cputime(s),systime(s),usertime(s),memory(GB)
18.51067042350769,18.510528,0.0,18.510528,0.19482803344726562
19.038572549819946,19.038467,0.0,19.038467,0.19482803344726562
19.004605770111084,19.004564000000002,0.0,19.004564000000002,0.19482803344726562
19.01211905479431,19.012069999999994,0.0,19.012069999999994,0.19482803344726562
18.98777985572815,18.987733000000006,0.0,18.987733000000006,0.19482803344726562
19.019086837768555,19.019041,0.0,19.019041,0.19482803344726562
19.00888967514038,19.008859999999984,0.0,19.008859999999984,0.19482803344726562
19.032177925109863,19.032145000000014,0.0,19.032145000000014,0.19482803344726562
18.988696098327637,18.988665000000026,0.0,18.988665000000026,0.19482803344726562
18.998502016067505,18.998447999999996,0.0,18.998447999999996,0.19482803344726562
18.979647159576416,18.97961699999999,0.0,18.97961699999999,0.19482803344726562
19.011271476745605,19.01123799999999,0.0,19.01123799999999,0.19482803344726562
19.005587339401245,19.005555999999984,0.0,19.005555999999984,0.19482803344726562
18.998374938964844,18.998346999999995,0.0,18.998346999999995,0.19482803344726562
18.985509157180786,18.985478999999998,0.0,18.985478999999998,0.19482803344726562
19.00226926803589,19.002151000000026,0.0,19.002151000000026,0.19482803344726562
18.985035181045532,18.985005,0.0,18.985005,0.19482803344726562
18.98957347869873,18.989548000000013,0.0,18.989548000000013,0.19482803344726562
18.973350286483765,18.973321,0.0,18.973321,0.19482803344726562
19.00752353668213,19.00749300000001,0.0,19.00749300000001,0.19482803344726562
18.985681295394897,18.985649000000024,0.0,18.985649000000024,0.19482803344726562
19.022656202316284,19.022628999999995,0.0,19.022628999999995,0.19482803344726562
18.98343062400818,18.983378000000016,0.0,18.983378000000016,0.19482803344726562
19.00191307067871,19.00188300000002,0.0,19.00188300000002,0.19482803344726562
18.98690629005432,18.986874,0.0,18.986874,0.19482803344726562
18.986557483673096,18.98653300000001,0.0,18.98653300000001,0.19482803344726562
18.999941110610962,18.999909000000002,0.0,18.999909000000002,0.19482803344726562
19.00343942642212,19.003427999999985,0.0,19.003427999999985,0.19482803344726562
18.972274780273438,18.97224200000005,0.0,18.97224200000005,0.19482803344726562
18.99593496322632,18.99589900000001,0.0,18.99589900000001,0.19482803344726562
