walltime(s),cputime(s),systime(s),usertime(s),memory(GB)
36.03463649749756,36.034247,0.0,36.034247,0.19501113891601562
35.940946102142334,35.940566999999994,0.0,35.940566999999994,0.19501113891601562
36.13553500175476,36.135148,0.0,36.135148,0.19501113891601562
35.818607330322266,35.818234000000004,0.0,35.818234000000004,0.19501113891601562
34.80748915672302,34.80713799999998,0.0,34.80713799999998,0.19501113891601562
35.10585045814514,35.105142,0.0,35.105142,0.19501113891601562
35.15318012237549,35.152412,0.0,35.152412,0.19501113891601562
36.12908625602722,36.12827599999997,0.0,36.12827599999997,0.19501113891601562
36.14534783363342,36.144273999999996,0.0,36.144273999999996,0.19501113891601562
35.45053148269653,35.45011199999999,0.0,35.45011199999999,0.19501113891601562
34.84239196777344,34.84207300000003,0.0,34.84207300000003,0.19501113891601562
35.12635087966919,35.12598800000001,0.0,35.12598800000001,0.19501113891601562
35.440890312194824,35.440495999999996,0.0,35.440495999999996,0.19501113891601562
36.11034893989563,36.109913000000006,0.0,36.109913000000006,0.19501113891601562
36.11203074455261,36.11164299999996,0.0,36.11164299999996,0.19501113891601562
35.029704332351685,35.02945699999998,0.0,35.02945699999998,0.19501113891601562
34.937216997146606,34.9368760000001,0.0,34.9368760000001,0.19501113891601562
35.08221912384033,35.081907,0.0,35.081907,0.19501113891601562
35.90531325340271,35.90499999999997,0.0,35.90499999999997,0.19501113891601562
36.11335515975952,36.11299799999995,0.0,36.11299799999995,0.19501113891601562
35.87535214424133,35.87500499999999,0.0,35.87500499999999,0.19501113891601562
35.65974020957947,35.659411999999975,0.0,35.659411999999975,0.19501113891601562
35.6475133895874,35.646970999999894,0.0,35.646970999999894,0.19501113891601562
35.29523205757141,35.294907999999964,0.0,35.294907999999964,0.19501113891601562
34.53112745285034,34.53091299999994,0.0,34.53091299999994,0.19501113891601562
34.60308599472046,34.60288000000003,0.0,34.60288000000003,0.19501113891601562
34.52981376647949,34.52958899999999,0.0,34.52958899999999,0.19501113891601562
34.59825539588928,34.598041999999964,0.0,34.598041999999964,0.19501113891601562
34.67409682273865,34.67387800000006,0.0,34.67387800000006,0.19501113891601562
34.71085739135742,34.71063000000004,0.0,34.71063000000004,0.19501113891601562
