walltime(s),cputime(s),systime(s),usertime(s),memory(GB)
5.4926393032073975,5.492625,0.0,5.492625,0.19474411010742188
5.502103567123413,5.502092999999999,0.0,5.502092999999999,0.19474411010742188
5.3948423862457275,5.394857999999999,0.0,5.394857999999999,0.19474411010742188
5.389672517776489,5.389689000000001,0.0,5.389689000000001,0.19474411010742188
5.391062259674072,5.391007000000002,0.0,5.391007000000002,0.19474411010742188
5.387910842895508,5.387903000000001,0.0,5.387903000000001,0.19474411010742188
5.5424745082855225,5.542456999999999,0.0,5.542456999999999,0.19474411010742188
5.607978820800781,5.607976000000001,0.0,5.607976000000001,0.19474411010742188
5.386294603347778,5.386302999999998,0.0,5.386302999999998,0.19474411010742188
5.39789891242981,5.397883,0.0,5.397883,0.19474411010742188
5.385634422302246,5.385618000000001,0.0,5.385618000000001,0.19474411010742188
5.394910573959351,5.394904000000011,0.0,5.394904000000011,0.19474411010742188
5.44936990737915,5.449365999999998,0.0,5.449365999999998,0.19474411010742188
5.387695074081421,5.387701000000007,0.0,5.387701000000007,0.19474411010742188
5.3881659507751465,5.388170000000002,0.0,5.388170000000002,0.19474411010742188
5.39367151260376,5.393664999999999,0.0,5.393664999999999,0.19474411010742188
5.401734352111816,5.401730000000001,0.0,5.401730000000001,0.19474411010742188
5.389048099517822,5.389038999999997,0.0,5.389038999999997,0.19474411010742188
5.389653444290161,5.389652000000012,0.0,5.389652000000012,0.19474411010742188
5.385484933853149,5.385480999999999,0.0,5.385480999999999,0.19474411010742188
5.401785373687744,5.401775999999998,0.0,5.401775999999998,0.19474411010742188
5.628026247024536,5.628000999999998,0.0,5.628000999999998,0.19474411010742188
5.428959608078003,5.428956000000014,0.0,5.428956000000014,0.19474411010742188
5.384735345840454,5.384745000000009,0.0,5.384745000000009,0.19474411010742188
5.3886213302612305,5.388637999999986,0.0,5.388637999999986,0.19474411010742188
5.385335922241211,5.385329000000013,0.0,5.385329000000013,0.19474411010742188
5.389374494552612,5.389378999999991,0.0,5.389378999999991,0.19474411010742188
5.382118463516235,5.382134000000008,0.0,5.382134000000008,0.19474411010742188
5.394217252731323,5.394208999999989,0.0,5.394208999999989,0.19474411010742188
5.399750709533691,5.3997670000000255,0.0,5.3997670000000255,0.19474411010742188
