walltime(s),cputime(s),systime(s),usertime(s),memory(GB)
610.9543733596802,610.951246,0.0024829999999999575,610.948763,0.19441604614257812
617.5870032310486,617.5814809999999,7.000000000034756e-06,617.581474,0.19441604614257812
614.7150549888611,614.7096170000001,2.9999999999752447e-06,614.7096140000001,0.19441604614257812
605.7074856758118,605.7023,1.0000000000287557e-06,605.702299,0.19441604614257812
606.4026381969452,606.3972580000001,9.999999999732445e-07,606.3972570000001,0.19441604614257812
