walltime(s),cputime(s),systime(s),usertime(s),memory(GB)
33.77352499961853,33.774463,0.000128000000000017,33.774335,0.19451522827148438
34.92625689506531,34.927268,3.000000000030756e-06,34.927265,0.19451522827148438
35.78739285469055,35.788431,0.0,35.788431,0.19451522827148438
35.75685977935791,35.757898,0.0,35.757898,0.19451522827148438
36.09107732772827,36.09211400000002,3.000000000030756e-06,36.09211100000002,0.19451522827148438
36.17813014984131,36.179159999999996,9.999999999732445e-07,36.179159,0.19451522827148438
36.19749927520752,36.19852800000001,0.0,36.19852800000001,0.19451522827148438
36.17216229438782,36.17315399999998,0.0,36.17315399999998,0.19451522827148438
36.18752884864807,36.188558,0.0,36.188558,0.19451522827148438
36.19302296638489,36.19405499999999,0.0,36.19405499999999,0.19451522827148438
36.16769218444824,36.168724,0.0,36.168724,0.19451522827148438
36.15427017211914,36.15530000000001,0.0,36.15530000000001,0.19451522827148438
36.172356843948364,36.17338699999999,0.0,36.17338699999999,0.19451522827148438
36.16172528266907,36.162758,0.0,36.162758,0.19451522827148438
36.206363677978516,36.20739199999997,0.0,36.20739199999997,0.19451522827148438
35.84081554412842,35.84186800000009,0.0,35.84186800000009,0.19451522827148438
36.00953435897827,36.01056499999993,0.0,36.01056499999993,0.19451522827148438
36.14265203475952,36.143688,0.0,36.143688,0.19451522827148438
35.98220777511597,35.983247000000006,0.0,35.983247000000006,0.19451522827148438
35.84863328933716,35.84967400000005,0.0,35.84967400000005,0.19451522827148438
35.96588754653931,35.966927000000055,0.0,35.966927000000055,0.19451522827148438
36.19477033615112,36.19580400000007,0.0,36.19580400000007,0.19451522827148438
36.14818263053894,36.14921299999992,0.0,36.14921299999992,0.19451522827148438
35.806246757507324,35.807296000000065,0.0,35.807296000000065,0.19451522827148438
35.80062556266785,35.80166399999996,0.0,35.80166399999996,0.19451522827148438
36.119420289993286,36.120457999999985,0.0,36.120457999999985,0.19451522827148438
36.0909903049469,36.09201699999994,0.0,36.09201699999994,0.19451522827148438
36.22214698791504,36.22318199999995,0.0,36.22318199999995,0.19451522827148438
36.47944164276123,36.48047699999995,0.0,36.48047699999995,0.19451522827148438
36.20696759223938,36.208000000000084,0.0,36.208000000000084,0.19451522827148438
