walltime(s),cputime(s),systime(s),usertime(s),memory(GB)
34.53014016151428,34.529824999999995,0.0,34.529824999999995,0.19469070434570312
33.98854994773865,33.988302000000004,0.0,33.988302000000004,0.19469070434570312
33.949918031692505,33.949662000000004,0.0,33.949662000000004,0.19469070434570312
34.07776713371277,34.07751000000002,0.0,34.07751000000002,0.19469070434570312
33.964566707611084,33.964347000000004,0.0,33.964347000000004,0.19469070434570312
33.60353422164917,33.603317000000004,0.0,33.603317000000004,0.19469070434570312
33.33908271789551,33.338933999999995,0.0,33.338933999999995,0.19469070434570312
33.19996190071106,33.19975699999998,0.0,33.19975699999998,0.19469070434570312
33.26065945625305,33.26051000000001,0.0,33.26051000000001,0.19469070434570312
33.51807236671448,33.51770699999997,0.0,33.51770699999997,0.19469070434570312
33.79414749145508,33.793881999999996,0.0,33.793881999999996,0.19469070434570312
33.97565817832947,33.975390000000004,0.0,33.975390000000004,0.19469070434570312
33.943345069885254,33.943100000000015,0.0,33.943100000000015,0.19469070434570312
33.71912336349487,33.71887800000002,0.0,33.71887800000002,0.19469070434570312
33.747578859329224,33.747356000000025,0.0,33.747356000000025,0.19469070434570312
33.69428634643555,33.69400099999996,0.0,33.69400099999996,0.19469070434570312
33.71469259262085,33.71448099999998,0.0,33.71448099999998,0.19469070434570312
33.79674959182739,33.796497000000045,0.0,33.796497000000045,0.19469070434570312
33.84800362586975,33.847736000000054,0.0,33.847736000000054,0.19469070434570312
33.87376523017883,33.87353400000006,0.0,33.87353400000006,0.19469070434570312
33.8979811668396,33.8977010000001,0.0,33.8977010000001,0.19469070434570312
33.97606325149536,33.97579799999994,0.0,33.97579799999994,0.19469070434570312
33.94915246963501,33.94888100000003,0.0,33.94888100000003,0.19469070434570312
34.0570330619812,34.05678999999998,0.0,34.05678999999998,0.19469070434570312
34.06831932067871,34.068039999999996,0.0,34.068039999999996,0.19469070434570312
33.86222958564758,33.86200500000007,0.0,33.86200500000007,0.19469070434570312
33.39793920516968,33.397706000000085,0.0,33.397706000000085,0.19469070434570312
33.13115954399109,33.13096399999995,0.0,33.13096399999995,0.19469070434570312
33.55551266670227,33.555316999999945,0.0,33.555316999999945,0.19469070434570312
33.828428983688354,33.82817499999999,0.0,33.82817499999999,0.19469070434570312
