walltime(s),cputime(s),systime(s),usertime(s),memory(GB)
1926.7358269691467,1926.749234,0.0012119999999999909,1926.748022,0.1963348388671875
