walltime(s),cputime(s),systime(s),usertime(s),memory(GB)
2799.9054136276245,2799.849039,0.0,2799.849039,0.19664764404296875
