walltime(s),cputime(s),systime(s),usertime(s),memory(GB)
1121.0642054080963,1121.097128,0.0,1121.097128,0.19541168212890625
1126.467176914215,1126.4999550000002,0.0,1126.4999550000002,0.19541168212890625
1129.1043465137482,1129.1373199999998,0.0,1129.1373199999998,0.19541168212890625
