walltime(s),cputime(s),systime(s),usertime(s),memory(GB)
551.321610212326,605.410125,164.947125,440.463,0.723297119140625
547.6815927028656,601.428635,162.771486,438.657149,0.723297119140625
550.9098496437073,605.098728,163.45833000000005,441.640398,0.723297119140625
550.8206150531769,605.048639,165.30404699999997,439.744592,0.7233238220214844
550.6011867523193,604.7714779999999,164.0893450000001,440.6821329999998,0.72332763671875
551.0821142196655,605.3108560000002,165.90112899999997,439.4097270000002,0.7233810424804688
