walltime(s),cputime(s),systime(s),usertime(s),memory(GB)
367.7673943042755,392.05373999999995,120.838376,271.21536399999997,0.6838607788085938
372.6536514759064,396.1797849999999,122.746518,273.43326699999994,0.6838607788085938
386.19877076148987,408.676745,125.84623099999999,282.830514,0.6838607788085938
388.77626276016235,411.88107399999996,126.46743399999997,285.41364,0.6838607788085938
387.5292270183563,411.025905,125.88799599999999,285.13790900000004,0.6838607788085938
388.5131230354309,411.97525099999996,125.01854300000002,286.95670799999994,0.6838607788085938
388.4264438152313,412.1281150000001,125.48450100000002,286.64361400000007,0.6838607788085938
390.7536029815674,413.81415400000026,126.43586100000005,287.3782930000002,0.6838607788085938
392.38903546333313,415.475199,127.74839500000007,287.7268039999999,0.6838607788085938
