walltime(s),cputime(s),systime(s),usertime(s),memory(GB)
1347.0279231071472,1491.302363,477.39594999999997,1013.906413,1.0607070922851562
1341.2748568058014,1484.506995,472.31519699999996,1012.1917980000001,1.0607070922851562
