walltime(s),cputime(s),systime(s),usertime(s),memory(GB)
2242.3457686901093,2436.325274,717.514005,1718.811269,3.8490753173828125
