walltime(s),cputime(s),systime(s),usertime(s),memory(GB)
911.1973798274994,964.934675,301.813171,663.121504,1.4213790893554688
911.6697583198547,966.5540780000001,297.096063,669.458015,1.4213790893554688
905.0134987831116,960.1211690000001,295.462212,664.6589570000001,1.4213790893554688
