walltime(s),cputime(s),systime(s),usertime(s),memory(GB)
1640.8638653755188,1751.5686340000002,536.771664,1214.79697,2.2515945434570312
1685.8533205986023,1798.846243,535.2425139999999,1263.6037290000002,2.2515945434570312
