walltime(s),cputime(s),systime(s),usertime(s),memory(GB)
2453.2203772068024,2631.485798,793.3064880000001,1838.17931,3.7433242797851562
