walltime(s),cputime(s),systime(s),usertime(s),memory(GB)
226.48537492752075,249.12645000000003,75.573934,173.55251600000003,0.3525238037109375
228.7405092716217,251.367154,75.246317,176.120837,0.352569580078125
228.62168765068054,251.249771,74.14763099999999,177.10214000000002,0.35340118408203125
228.93176126480103,251.584415,74.68682299999998,176.89759200000003,0.35340118408203125
229.0593066215515,251.706682,74.600327,177.106355,0.35340118408203125
228.82514262199402,251.48488699999996,74.88395500000001,176.60093199999994,0.35340118408203125
228.9526834487915,251.55419500000005,74.43037100000004,177.123824,0.35340118408203125
228.82151579856873,251.45782699999995,74.74005299999999,176.71777399999996,0.35340118408203125
228.89277386665344,251.49601499999994,74.18580999999995,177.310205,0.35340118408203125
228.82052969932556,251.46141999999998,74.60741700000005,176.85400299999992,0.35340118408203125
228.99736642837524,251.6580869999999,74.14429699999994,177.51378999999997,0.35340118408203125
228.99667596817017,251.72097699999972,75.34423199999992,176.3767449999998,0.35340118408203125
217.17005324363708,239.35650599999997,75.93385500000011,163.42265099999986,0.35340118408203125
220.76698851585388,243.36506600000007,74.24916899999994,169.11589700000013,0.35340118408203125
226.26645803451538,248.881525,74.72386600000004,174.15765899999997,0.35340118408203125
