walltime(s),cputime(s),systime(s),usertime(s),memory(GB)
1338.725245475769,1418.012553,437.144808,980.867745,2.538280487060547
1413.6643042564392,1488.627431,460.49759900000004,1028.1298319999999,2.538280487060547
