walltime(s),cputime(s),systime(s),usertime(s),memory(GB)
198.31688117980957,218.034786,67.60067500000001,150.434111,0.35854339599609375
199.73003673553467,219.70500899999996,68.39498400000001,151.31002499999997,0.3585548400878906
200.20097184181213,220.13200100000003,68.08560800000001,152.04639300000002,0.3585548400878906
197.55772519111633,217.25400400000004,66.79707799999997,150.45692600000007,0.3585624694824219
197.42621898651123,216.99063299999995,65.71864399999998,151.27198899999996,0.35857391357421875
197.47405529022217,217.00204000000002,66.32152100000002,150.680519,0.35858154296875
196.7195975780487,216.0805430000001,66.44967400000002,149.63086900000008,0.35858154296875
198.27129983901978,217.93926600000003,68.305992,149.63327400000003,0.35858154296875
199.28997087478638,219.14007400000014,68.103746,151.03632800000014,0.35858154296875
199.06992387771606,218.86259499999994,67.72714400000007,151.13545099999988,0.35858154296875
198.78403854370117,218.55566899999997,68.062139,150.49352999999996,0.35858154296875
199.02818703651428,218.82394799999997,67.78587700000003,151.03807099999995,0.35858154296875
199.4033670425415,219.30959199999995,67.42635499999994,151.883237,0.35858154296875
199.28543066978455,219.22008499999993,68.52249600000005,150.69758899999988,0.35858154296875
198.83634972572327,218.74261900000022,67.50596800000005,151.23665100000017,0.35858154296875
189.69068336486816,208.6369149999996,61.5590259999999,147.0778889999997,0.35858154296875
187.62968039512634,206.24925499999995,59.06048299999998,147.18877199999997,0.35858154296875
195.407546043396,214.84740699999998,64.73489399999994,150.11251300000004,0.35858154296875
