walltime(s),cputime(s),systime(s),usertime(s),memory(GB)
238.36864519119263,259.95962299999997,74.899718,185.059905,0.350311279296875
240.38659119606018,261.96506600000004,74.847694,187.11737200000002,0.3503265380859375
240.70449542999268,262.2886030000001,75.557964,186.73063900000005,0.3503303527832031
240.89317917823792,262.502225,74.090891,188.411334,0.3503379821777344
241.05691647529602,262.24930300000005,74.58410200000003,187.66520100000002,0.3503379821777344
238.8297634124756,261.626047,73.28722499999998,188.33882200000005,0.3503379821777344
238.87457847595215,261.66805700000003,73.09329399999996,188.57476300000008,0.3503379821777344
233.49396514892578,255.577943,72.89073200000007,182.68721099999993,0.3503379821777344
238.5254909992218,261.18986900000004,71.84975299999996,189.34011600000008,0.3503379821777344
238.9715292453766,261.736091,72.971585,188.76450599999998,0.3503379821777344
239.1656403541565,261.943932,74.22830499999998,187.71562700000004,0.3503379821777344
238.89880204200745,261.66843900000003,72.92405899999994,188.7443800000001,0.3503379821777344
239.0004940032959,261.7980759999997,73.09310599999992,188.70496999999978,0.3503379821777344
239.17907190322876,261.9983529999996,73.42776500000002,188.5705879999996,0.3503379821777344
238.9732701778412,261.73594600000024,72.83069999999998,188.90524600000026,0.3503379821777344
