walltime(s),cputime(s),systime(s),usertime(s),memory(GB)
1404.9757936000824,1550.5153189999999,443.569571,1106.9457479999999,1.4520797729492188
1402.4071879386902,1547.6630400000004,440.005894,1107.6571460000002,1.4520797729492188
