walltime(s),cputime(s),systime(s),usertime(s),memory(GB)
165.0096573829651,180.728667,48.403974,132.324693,0.332977294921875
163.47784852981567,179.065178,47.03587,132.02930800000001,0.3333854675292969
166.49165606498718,182.274089,47.53440400000001,134.739685,0.3333854675292969
168.95949625968933,184.83720500000004,48.041044,136.79616100000004,0.33341217041015625
169.10943055152893,185.03914200000008,47.84483,137.19431200000008,0.3334197998046875
169.13468289375305,185.04232199999996,47.83630699999998,137.20601499999998,0.3334312438964844
168.97625064849854,184.86895499999997,47.61123300000003,137.25772199999994,0.3334388732910156
168.9368188381195,184.82758999999993,46.97746599999999,137.85012399999994,0.3334465026855469
168.47221994400024,184.27151700000007,47.96106000000003,136.31045700000004,0.3334541320800781
166.03171801567078,181.71474299999983,47.489441,134.22530199999983,0.3334541320800781
168.8772096633911,184.736873,47.79892100000001,136.937952,0.3334541320800781
168.3917510509491,184.25924900000018,48.01344700000004,136.24580200000014,0.3334541320800781
167.3502357006073,183.17109599999992,47.58415400000001,135.5869419999999,0.3334541320800781
167.7231743335724,183.51203299999986,47.19248099999993,136.31955199999993,0.3334541320800781
167.6636300086975,183.53638100000012,48.05584500000009,135.48053600000003,0.3334541320800781
167.60513615608215,183.4926589999999,47.01174600000002,136.48091299999987,0.3334541320800781
167.4933409690857,183.33522300000016,47.42103099999997,135.91419200000018,0.3334541320800781
164.0829393863678,179.5976250000001,46.847982,132.7496430000001,0.3334541320800781
168.97238397598267,184.8422489999998,47.38033799999994,137.46191099999987,0.3334541320800781
168.95945167541504,184.8237919999998,48.252387999999996,136.5714039999998,0.3334541320800781
168.75364780426025,184.56167500000004,47.72531300000003,136.836362,0.3334541320800781
