walltime(s),cputime(s),systime(s),usertime(s),memory(GB)
487.10593605041504,536.49112,162.65300399999998,373.838116,0.5254745483398438
488.4093744754791,537.2034490000001,155.834974,381.36847500000005,0.5254745483398438
491.5448753833771,540.7411569999999,156.18195299999996,384.559204,0.5268669128417969
491.67627930641174,540.8991390000001,157.706416,383.1927230000001,0.5268669128417969
493.19095635414124,541.008217,158.15860699999996,382.84961,0.5268669128417969
477.1367275714874,525.7282610000001,155.55115899999998,370.1771020000001,0.5268669128417969
484.0588767528534,532.9653079999998,156.75210900000002,376.2131989999998,0.5268669128417969
