walltime(s),cputime(s),systime(s),usertime(s),memory(GB)
198.8769850730896,211.424014,64.658372,146.765642,0.4369544982910156
205.20516991615295,217.160645,66.559383,150.601262,0.4369544982910156
205.89043521881104,217.375758,67.23556299999998,150.140195,0.4369544982910156
206.13644194602966,217.71759600000004,66.24293400000002,151.47466200000002,0.4369544982910156
205.2166383266449,216.869442,66.99084499999998,149.878597,0.4369544982910156
199.06938004493713,210.748487,64.72849400000001,146.019993,0.4369544982910156
195.63727188110352,207.414781,64.456297,142.958484,0.4369544982910156
195.44748640060425,207.12205100000006,63.80178999999998,143.32026100000007,0.4369544982910156
193.6927511692047,205.56291099999999,62.52912900000001,143.03378199999997,0.4369544982910156
191.03902220726013,203.0838779999998,61.84093399999995,141.24294399999985,0.4369544982910156
194.90366411209106,206.67066599999987,63.22525299999995,143.44541299999992,0.4369544982910156
195.9114282131195,207.28957300000002,63.013198999999986,144.27637400000003,0.4369544982910156
194.91581511497498,206.36148100000003,64.03021000000001,142.33127100000002,0.4369544982910156
194.66109132766724,206.71166300000004,63.036808000000065,143.67485499999998,0.4369544982910156
193.03891777992249,205.04995900000017,62.97813199999996,142.0718270000002,0.4369544982910156
191.25315284729004,203.51529900000014,62.346222000000125,141.16907700000002,0.4369544982910156
192.69925665855408,204.9388759999997,62.934627999999975,142.00424799999973,0.4369544982910156
193.60238671302795,205.64713099999972,63.83709399999998,141.81003699999974,0.4369544982910156
