walltime(s),cputime(s),systime(s),usertime(s),memory(GB)
242.22471714019775,263.95424299999996,75.015361,188.93888199999998,0.3509788513183594
244.79779601097107,266.792843,77.40770899999998,189.38513400000002,0.3509788513183594
243.21928906440735,266.25537899999995,74.140299,192.11507999999998,0.3509788513183594
243.30355715751648,266.30605199999997,74.696891,191.60916099999997,0.3509788513183594
243.3718183040619,266.401607,74.37762199999997,192.02398500000004,0.3509788513183594
242.9780445098877,265.947933,74.01541000000003,191.93252299999995,0.3509788513183594
243.121346950531,266.10927899999996,73.65062600000005,192.4586529999999,0.3509788513183594
242.93899703025818,265.90870600000005,73.02396299999998,192.88474300000007,0.3509788513183594
243.29098629951477,266.23531400000013,72.94423900000004,193.2910750000001,0.3509788513183594
243.18451571464539,266.1222319999998,75.14815099999998,190.97408099999984,0.3509788513183594
243.32089114189148,266.28232400000024,73.01436100000001,193.26796300000024,0.3509788513183594
242.9779200553894,265.94176200000004,74.43104499999993,191.5107170000001,0.3509788513183594
243.2036111354828,266.23091499999975,75.83691499999998,190.39399999999978,0.3509788513183594
243.35717725753784,266.2858070000002,73.00523599999997,193.28057100000024,0.3509788513183594
