walltime(s),cputime(s),systime(s),usertime(s),memory(GB)
148.07496237754822,161.00320399999998,40.127509,120.875695,0.3448333740234375
149.1372845172882,162.07245799999998,40.384462,121.687996,0.3448524475097656
149.4511697292328,162.45930700000002,40.157742,122.30156500000001,0.3448524475097656
149.5298352241516,162.561368,40.25409299999998,122.307275,0.3448524475097656
148.8336579799652,161.80052600000008,40.047065,121.75346100000007,0.3448600769042969
149.53654026985168,162.48949700000003,39.86554699999999,122.62395000000004,0.3448638916015625
149.52567052841187,162.51899799999995,40.562378000000024,121.95661999999993,0.3448677062988281
148.91817998886108,161.85925300000002,40.160009,121.69924400000002,0.3448677062988281
149.2348120212555,162.10286699999995,39.97731199999998,122.12555499999996,0.3448677062988281
149.49349355697632,162.43197999999984,39.960916,122.47106399999984,0.34487152099609375
149.1106879711151,162.05143999999996,39.67326800000001,122.37817199999995,0.3448753356933594
148.5912640094757,161.5140060000001,39.53533700000003,121.97866900000008,0.344879150390625
149.29195261001587,162.24711100000025,40.39020100000005,121.8569100000002,0.3448829650878906
149.42800116539001,162.394403,40.138326000000006,122.256077,0.3448905944824219
149.87482213974,162.61236499999995,40.73442399999999,121.87794099999996,0.3448905944824219
151.0743260383606,163.847087,41.81559400000003,122.03149299999995,0.3448905944824219
150.77804040908813,163.48847,40.79546000000005,122.69300999999996,0.3448905944824219
151.3279128074646,164.07777299999964,41.53899100000001,122.53878199999963,0.3448905944824219
148.63092279434204,160.8210570000001,40.578978000000006,120.2420790000001,0.3448905944824219
146.01450848579407,157.5409249999998,39.35098599999992,118.18993899999987,0.3448905944824219
150.79368329048157,163.30768300000045,40.93328100000008,122.37440200000037,0.3448905944824219
151.00132131576538,163.51974400000006,40.890142999999966,122.6296010000001,0.3448905944824219
151.40171217918396,163.87539899999967,41.44319400000006,122.43220499999961,0.3448905944824219
151.00245022773743,163.53911399999993,40.96733199999994,122.57178199999998,0.3448905944824219
