walltime(s),cputime(s),systime(s),usertime(s),memory(GB)
2061.515360593796,2188.0770939999998,650.907656,1537.169438,3.8257102966308594
