walltime(s),cputime(s),systime(s),usertime(s),memory(GB)
464.65455174446106,500.97330000000005,142.29474900000002,358.678551,0.8229751586914062
476.6313931941986,512.4245380000001,145.382441,367.04209700000007,0.8229751586914062
477.010596036911,512.853675,145.72067300000003,367.1330019999999,0.8229751586914062
476.75047492980957,512.574971,145.560248,367.014723,0.8229751586914062
476.9044888019562,512.807013,145.766303,367.04071,0.8229751586914062
480.74902176856995,516.0869480000001,147.96833900000001,368.1186090000001,0.8229751586914062
506.5415585041046,540.3770179999999,157.89941199999998,382.4776059999999,0.8229751586914062
