walltime(s),cputime(s),systime(s),usertime(s),memory(GB)
1014.5353875160217,1081.62171,319.627799,761.9939109999999,1.3694992065429688
1001.1214687824249,1068.869135,315.87425499999995,752.99488,1.3694992065429688
1005.9173431396484,1073.2608069999999,318.179938,755.0808689999999,1.3694992065429688
