walltime(s),cputime(s),systime(s),usertime(s),memory(GB)
255.9951536655426,270.461912,83.15001,187.31190199999998,0.4722404479980469
264.6505253314972,279.68941200000006,84.73363900000001,194.95577300000002,0.47360992431640625
264.8015868663788,280.11818299999993,85.54611400000002,194.57206899999994,0.47409820556640625
263.9157180786133,278.8528679999999,84.88124299999998,193.9716249999999,0.47409820556640625
249.60320901870728,264.08817899999997,80.843165,183.24501399999997,0.47409820556640625
251.25884246826172,266.4944450000001,80.65203100000002,185.84241400000008,0.47409820556640625
246.95961546897888,261.5307429999998,79.41594699999996,182.11479599999984,0.47409820556640625
245.7735960483551,261.3099699999999,79.474695,181.8352749999999,0.47409820556640625
251.21851110458374,266.3916630000001,80.82527000000005,185.56639300000006,0.47409820556640625
250.28169798851013,265.6829449999999,81.06575499999997,184.61718999999994,0.47409820556640625
248.69542741775513,263.901575,79.62991199999999,184.271663,0.47409820556640625
246.01827335357666,261.17532400000005,79.17464799999993,182.0006760000001,0.47409820556640625
244.91666507720947,260.0489620000001,78.43732999999997,181.6116320000001,0.47409820556640625
248.84840965270996,264.75125,79.527601,185.22364900000002,0.47409820556640625
