walltime(s),cputime(s),systime(s),usertime(s),memory(GB)
1681.1361553668976,1783.3450710000002,532.566207,1250.778864,2.253833770751953
1664.356882572174,1763.865281,526.2849289999999,1237.5803520000002,2.253833770751953
