walltime(s),cputime(s),systime(s),usertime(s),memory(GB)
209.10575795173645,225.38700300000002,63.37358,162.01342300000002,0.49939727783203125
210.72260808944702,227.086377,63.241523,163.844854,0.49939727783203125
213.32617616653442,229.374259,64.07380599999999,165.300453,0.49939727783203125
213.15776181221008,229.181664,64.78658999999999,164.39507400000002,0.49939727783203125
213.64749956130981,229.61907699999998,64.55813100000003,165.06094599999994,0.49939727783203125
213.162935256958,229.11058199999997,64.30874599999999,164.80183599999998,0.5009803771972656
213.40763235092163,229.377593,65.11623700000001,164.26135599999998,0.5009803771972656
212.2781286239624,228.23070400000012,63.940198000000066,164.29050600000005,0.5009803771972656
213.326021194458,229.41090699999984,64.16655299999991,165.24435399999993,0.5009803771972656
213.38237738609314,229.4000890000001,64.56962699999997,164.83046200000013,0.5009803771972656
213.28908491134644,229.27083400000004,64.09989499999995,165.1709390000001,0.5009803771972656
213.51746320724487,229.51570500000003,65.417101,164.09860400000002,0.5009803771972656
216.12004494667053,231.78933899999993,64.81151399999999,166.97782499999994,0.5009803771972656
222.80145406723022,238.19671499999993,68.42214000000001,169.7745749999999,0.5009803771972656
227.2458438873291,242.37479099999973,70.36844199999996,172.00634899999977,0.5009803771972656
227.53880953788757,242.60358599999972,71.27307999999994,171.3305059999998,0.5009803771972656
