walltime(s),cputime(s),systime(s),usertime(s),memory(GB)
778.1861917972565,855.910738,240.02182,615.888918,0.8676300048828125
782.0603675842285,859.749877,236.24461,623.505267,0.8676300048828125
782.2759337425232,860.1083420000002,236.35688399999998,623.7514580000002,0.8676300048828125
779.101589679718,856.6214090000001,237.05640300000005,619.565006,0.8676300048828125
