walltime(s),cputime(s),systime(s),usertime(s),memory(GB)
228.3479311466217,245.34580499999998,73.418569,171.927236,0.46500396728515625
238.8397057056427,255.59464,76.35612499999999,179.238515,0.46500396728515625
237.8065414428711,254.861318,75.78083899999999,179.08047900000003,0.46500396728515625
237.34743857383728,255.029205,75.18159099999997,179.84761400000002,0.46500396728515625
237.48160457611084,255.01931199999996,75.008264,180.01104799999996,0.46500396728515625
234.64031887054443,252.2310530000001,72.92931899999996,179.30173400000012,0.46500396728515625
236.1580150127411,253.61956399999997,73.74081899999999,179.87874499999998,0.46500396728515625
238.03566932678223,254.78558599999997,75.99797899999999,178.78760699999998,0.46500396728515625
237.2591769695282,254.12543700000015,76.45133400000009,177.67410300000006,0.46500396728515625
242.65127682685852,259.0296050000002,78.29007999999999,180.73952500000019,0.46500396728515625
241.22469997406006,257.6623780000001,77.388417,180.2739610000001,0.46500396728515625
245.87634420394897,261.929259,79.78742299999999,182.141836,0.46500396728515625
244.47033762931824,260.7358889999998,78.87366799999995,181.86222099999986,0.46500396728515625
235.6132936477661,252.2577759999998,75.82371799999999,176.43405799999982,0.46500396728515625
234.4877474308014,251.19829000000004,76.77585299999987,174.42243700000017,0.46500396728515625
