walltime(s),cputime(s),systime(s),usertime(s),memory(GB)
448.43164825439453,496.92694399999993,158.05205099999998,338.874893,0.4233856201171875
462.54298663139343,511.98704499999997,163.048474,348.93857099999997,0.4233856201171875
462.8104147911072,512.2948610000001,161.319995,350.97486600000013,0.4233856201171875
462.7501013278961,512.144333,162.43942899999996,349.70490399999994,0.4233856201171875
459.1949782371521,508.217578,162.83651200000008,345.3810659999999,0.4233856201171875
463.0807785987854,512.4997849999997,162.457946,350.04183899999975,0.4233894348144531
462.59607553482056,511.9869,162.821149,349.165751,0.42340087890625
