walltime(s),cputime(s),systime(s),usertime(s),memory(GB)
876.2020313739777,932.436606,285.954568,646.482038,1.4004898071289062
887.332891702652,941.7710770000001,287.06801500000006,654.703062,1.4004898071289062
891.3497745990753,945.050437,287.67576799999995,657.374669,1.4004898071289062
869.8363511562347,926.0548429999998,280.8071799999999,645.2476629999999,1.4004898071289062
