walltime(s),cputime(s),systime(s),usertime(s),memory(GB)
1326.3296394348145,1460.4891480000001,458.746329,1001.742819,1.0690879821777344
1331.7696170806885,1464.582932,441.51525699999996,1023.067675,1.0690956115722656
