walltime(s),cputime(s),systime(s),usertime(s),memory(GB)
1628.4103906154633,1741.2405939999999,524.200255,1217.040339,2.3584976196289062
1674.4758377075195,1788.960429,522.362586,1266.597843,2.3584976196289062
