walltime(s),cputime(s),systime(s),usertime(s),memory(GB)
155.1664001941681,168.367015,48.282586,120.084429,0.34941864013671875
156.57584738731384,169.598834,47.571393,122.027441,0.3494529724121094
156.7585780620575,169.90383400000002,47.679503999999994,122.22433000000001,0.3494529724121094
156.9055633544922,170.10110900000004,47.930713999999995,122.17039500000004,0.349456787109375
156.85932540893555,170.07121500000002,48.00225600000002,122.068959,0.349456787109375
156.98396706581116,170.16554200000002,47.588063999999974,122.57747800000004,0.3495025634765625
156.8680944442749,170.02464199999997,47.11246100000005,122.91218099999992,0.3495025634765625
156.3926019668579,169.55566099999993,47.72224399999999,121.83341699999994,0.3495025634765625
152.65963172912598,165.31684099999995,46.08077500000002,119.23606599999994,0.3495025634765625
148.83911657333374,160.78136199999994,45.46744899999999,115.31391299999996,0.3495025634765625
157.05242586135864,170.27417799999984,47.28325699999999,122.99092099999984,0.3496131896972656
156.65535807609558,169.78302700000006,47.71385900000007,122.06916799999999,0.3496131896972656
156.95838952064514,170.1310390000001,47.81456800000001,122.31647100000009,0.3496131896972656
155.44769978523254,168.20394699999997,47.662589000000025,120.54135799999995,0.3496131896972656
152.0933861732483,164.077987,46.709023,117.368964,0.3496131896972656
156.52926921844482,169.60195999999996,48.08683199999996,121.515128,0.3496131896972656
153.34892892837524,166.12662599999976,46.97398399999997,119.15264199999979,0.3496131896972656
156.1301589012146,169.17909300000008,47.76546399999995,121.41362900000013,0.3496131896972656
155.91766738891602,169.178356,46.924082999999996,122.25427300000001,0.3496131896972656
156.35782957077026,169.44503799999995,47.37249600000007,122.07254199999988,0.3496131896972656
156.57148933410645,169.62299800000005,47.748065,121.87493300000006,0.3496131896972656
157.15264105796814,170.15220300000033,48.49515300000007,121.65705000000025,0.3496131896972656
157.6047718524933,170.73440300000016,47.48095699999999,123.25344600000017,0.3496131896972656
