walltime(s),cputime(s),systime(s),usertime(s),memory(GB)
304.7071032524109,335.365255,103.603668,231.761587,0.39534759521484375
305.38640999794006,336.001677,102.50512699999999,233.49654999999998,0.39534759521484375
305.8818097114563,336.639993,103.84809100000001,232.791902,0.39534759521484375
305.2460300922394,335.87484900000004,102.70204999999999,233.17279900000005,0.39534759521484375
305.1391637325287,335.776729,102.340352,233.436377,0.39534759521484375
305.20826864242554,335.8686909999998,102.47361899999999,233.3950719999998,0.39534759521484375
305.4534809589386,336.1690100000002,103.13699600000007,233.03201400000012,0.39534759521484375
305.23873925209045,335.90817400000003,103.47423300000003,232.433941,0.39534759521484375
305.4138469696045,336.097351,102.73159999999996,233.36575100000005,0.39534759521484375
305.1651966571808,335.79903200000024,102.33466699999997,233.46436500000027,0.39534759521484375
305.26130652427673,335.97058300000003,102.55386599999997,233.41671700000006,0.39534759521484375
