walltime(s),cputime(s),systime(s),usertime(s),memory(GB)
316.82691168785095,337.538682,100.317453,237.221229,0.6998062133789062
315.40706610679626,336.71441200000004,97.806613,238.907799,0.6998062133789062
315.15827894210815,336.1530690000001,97.27089500000002,238.88217400000002,0.6998062133789062
317.1413402557373,336.8513,99.80901,237.04228999999998,0.6998062133789062
321.8024079799652,340.7018779999999,102.62426399999998,238.07761399999993,0.6998062133789062
325.2464814186096,343.7427510000002,103.49846200000002,240.2442890000002,0.6998062133789062
325.8185684680939,344.14970299999993,103.05656099999999,241.09314199999994,0.6998062133789062
326.8264636993408,345.6526919999999,104.93490199999997,240.71778999999992,0.6998062133789062
325.52245831489563,343.9421629999998,104.01718199999993,239.9249809999999,0.6998062133789062
321.8829267024994,341.0511690000002,101.99755300000004,239.05361600000015,0.6998062133789062
317.59712862968445,337.2729929999996,100.155037,237.1179559999996,0.6998062133789062
