walltime(s),cputime(s),systime(s),usertime(s),memory(GB)
2526.708607673645,2689.938512,821.412909,1868.525603,3.5974807739257812
