walltime(s),cputime(s),systime(s),usertime(s),memory(GB)
283.6223192214966,311.678175,90.783142,220.89503299999998,0.38948822021484375
284.34207701683044,312.49931999999995,90.88558299999998,221.613737,0.3895530700683594
284.5258119106293,312.60030800000004,89.033265,223.56704300000007,0.3895606994628906
284.56233072280884,312.68907600000006,89.43350900000002,223.25556700000004,0.3895606994628906
284.3731508255005,312.262882,89.739959,222.522923,0.3895606994628906
284.1984295845032,312.34270999999995,91.02243800000002,221.32027199999993,0.3895606994628906
278.550306558609,305.9353859999999,88.28640999999993,217.64897599999995,0.3895606994628906
284.1143889427185,312.20709499999987,89.157374,223.04972099999986,0.3895606994628906
284.57089018821716,312.7411940000002,89.90291000000002,222.83828400000016,0.3895606994628906
284.25151109695435,312.446231,90.17997600000001,222.266255,0.3895606994628906
284.3705711364746,312.5125350000003,90.94580700000006,221.56672800000024,0.3895606994628906
284.49077105522156,312.62051800000006,90.81985299999985,221.8006650000002,0.3895606994628906
