walltime(s),cputime(s),systime(s),usertime(s),memory(GB)
159.4258337020874,173.453946,52.305192,121.148754,0.3412895202636719
160.51727962493896,174.590563,51.875231,122.715332,0.3413124084472656
160.8337893486023,174.961536,52.384535,122.577001,0.34131622314453125
161.3374891281128,175.40484999999998,52.429562000000004,122.97528799999998,0.3413200378417969
161.30048370361328,175.37476399999989,52.13484299999996,123.23992099999992,0.3413238525390625
161.13633918762207,175.15344199999998,52.09166699999997,123.06177500000001,0.34133148193359375
161.2509367465973,175.2450829999999,52.318318999999974,122.92676399999993,0.34134674072265625
161.53573656082153,175.61330399999997,52.23544000000004,123.37786399999993,0.3413505554199219
151.29092478752136,164.160324,48.351876000000004,115.808448,0.3413543701171875
160.148761510849,174.1931029999999,52.41031000000004,121.78279299999986,0.34136199951171875
160.18527555465698,174.20017499999994,52.09538599999996,122.10478899999998,0.3413658142089844
160.4161777496338,174.41938300000015,52.24567000000002,122.17371300000013,0.3413658142089844
159.83774328231812,173.77155900000002,51.97689300000002,121.794666,0.3413658142089844
159.75354671478271,173.69716600000004,51.66940699999998,122.02775900000006,0.3413658142089844
161.12649726867676,175.32072299999993,53.026586000000066,122.29413699999986,0.3413658142089844
159.99636673927307,174.3951679999999,52.33197099999995,122.06319699999995,0.3413658142089844
161.32071781158447,175.59032600000035,53.005299000000036,122.58502700000031,0.3413658142089844
161.464111328125,175.7838410000004,51.20611800000006,124.57772300000033,0.3413658142089844
161.26420187950134,175.49122199999965,53.38488899999993,122.10633299999972,0.3413658142089844
161.1901981830597,175.4354219999999,52.77936399999987,122.65605800000003,0.3413658142089844
161.6803514957428,175.90585499999997,52.33674999999994,123.56910500000004,0.3413658142089844
161.0171194076538,175.24121899999977,53.04193199999986,122.19928699999991,0.3413658142089844
