walltime(s),cputime(s),systime(s),usertime(s),memory(GB)
465.2134487628937,497.744644,153.798994,343.94565,0.8367652893066406
472.1609089374542,503.07278800000006,154.68589899999998,348.38688900000005,0.8367652893066406
469.2941346168518,501.43418899999995,154.89046399999995,346.543725,0.8367652893066406
467.9668529033661,500.2523449999999,155.066863,345.18548199999987,0.8367652893066406
467.54913854599,499.84147299999995,153.10992299999998,346.73154999999997,0.8367652893066406
472.75301122665405,504.025936,154.85697000000005,349.16896599999995,0.8367652893066406
469.4046857357025,501.1097259999997,153.67529999999988,347.4344259999998,0.8367652893066406
