walltime(s),cputime(s),systime(s),usertime(s),memory(GB)
134.3628957271576,143.83750999999998,41.920939,101.91657099999999,0.3424186706542969
138.45157957077026,147.91576700000002,43.692902000000004,104.22286500000001,0.3424186706542969
139.4499590396881,148.639405,43.554401999999996,105.085003,0.3424186706542969
136.99773788452148,146.73989199999997,42.02095,104.71894199999997,0.3424186706542969
136.3659336566925,146.116956,41.82950300000002,104.28745299999997,0.3424186706542969
135.42094469070435,145.253286,41.648863000000006,103.604423,0.3424186706542969
135.33535647392273,145.12937800000006,41.589961999999986,103.53941600000007,0.3424186706542969
135.60372066497803,145.41771999999997,41.850662,103.56705799999997,0.3424186706542969
137.4030499458313,147.38049999999998,41.08398799999998,106.296512,0.3424186706542969
136.89011979103088,146.74214000000006,40.98072000000002,105.76142000000004,0.3424186706542969
137.59044122695923,147.41535100000004,41.886596,105.52875500000005,0.3424186706542969
138.87264561653137,148.54763000000003,43.22986300000002,105.317767,0.3424186706542969
139.9124755859375,149.44671899999992,43.66238299999998,105.78433599999994,0.3424186706542969
138.31758832931519,147.85448800000017,42.33291000000008,105.52157800000009,0.3424186706542969
139.8966212272644,149.36505799999998,42.677418999999986,106.68763899999999,0.3424186706542969
141.61940383911133,150.9439839999999,43.78512699999999,107.1588569999999,0.3424186706542969
140.44459748268127,149.8514130000001,43.56213200000002,106.28928100000007,0.3424186706542969
140.84210991859436,150.15092399999992,44.11353399999996,106.03738999999996,0.3424186706542969
142.21302676200867,151.2175020000002,44.648836000000074,106.56866600000012,0.3424186706542969
140.4766058921814,149.59988399999997,44.18058799999994,105.41929600000003,0.3424186706542969
140.38598775863647,149.49673800000005,43.69074599999999,105.80599200000006,0.3424186706542969
137.46188497543335,146.80557699999997,42.85759399999995,103.94798300000002,0.3424186706542969
136.37218236923218,145.65735199999995,42.846115000000054,102.81123699999989,0.3424186706542969
134.2330048084259,143.5510119999999,41.537338999999974,102.01367299999993,0.3424186706542969
131.91593647003174,141.15584200000012,41.468585000000076,99.68725700000005,0.3424186706542969
120.25087237358093,128.98463200000015,37.36386300000004,91.62076900000011,0.3424186706542969
