walltime(s),cputime(s),systime(s),usertime(s),memory(GB)
1139.5326797962189,1212.390575,374.38248,838.008095,1.6408042907714844
1131.9427981376648,1211.2973029999998,356.043254,855.2540489999999,1.6408042907714844
1166.785066127777,1238.987196,374.61125300000003,864.375943,1.6484947204589844
