walltime(s),cputime(s),systime(s),usertime(s),memory(GB)
962.0989379882812,1033.426899,301.501597,731.925302,1.5353584289550781
972.2311265468597,1042.943145,301.546511,741.396634,1.5353584289550781
968.4899187088013,1040.193597,299.205239,740.9883580000001,1.5353584289550781
