walltime(s),cputime(s),systime(s),usertime(s),memory(GB)
223.63939714431763,237.08740799999998,70.704003,166.38340499999998,0.5491447448730469
231.18246841430664,245.031989,71.47414699999999,173.55784200000002,0.5491447448730469
229.85495901107788,243.65573699999993,71.466343,172.18939399999994,0.5491447448730469
232.4083914756775,246.31859299999996,72.84108500000002,173.47750799999994,0.5491447448730469
231.444762468338,244.890871,73.83601500000003,171.05485599999997,0.5491447448730469
233.26357007026672,246.517558,73.20641499999999,173.31114300000002,0.5491447448730469
233.1670331954956,246.67792699999995,72.86536799999999,173.81255899999996,0.5491447448730469
233.27287077903748,246.56555500000007,72.91104899999999,173.65450600000008,0.5491447448730469
233.0873191356659,246.42011500000012,72.65122900000006,173.76888600000007,0.5491447448730469
233.4751136302948,246.98043000000007,73.12878999999998,173.8516400000001,0.5491447448730469
232.77996110916138,246.2977599999998,73.482167,172.8155929999998,0.5491447448730469
231.32012701034546,244.87539000000004,73.272382,171.60300800000005,0.5491447448730469
231.72840428352356,245.25464399999987,72.60650800000008,172.6481359999998,0.5491447448730469
229.66010999679565,243.48747500000002,72.72527400000001,170.762201,0.5491447448730469
226.76690316200256,241.18723799999975,70.62963100000002,170.55760699999973,0.5491447448730469
