walltime(s),cputime(s),systime(s),usertime(s),memory(GB)
586.9841415882111,625.206549,185.97930399999998,439.227245,1.0767440795898438
617.145836353302,654.601381,187.25948900000003,467.341892,1.0767440795898438
653.7995252609253,689.2547889999998,200.24453899999997,489.0102499999999,1.0767440795898438
646.3717420101166,681.942813,196.84774800000002,485.095065,1.0767440795898438
612.5589909553528,650.3628780000001,186.24223000000006,464.1206480000001,1.0767440795898438
