walltime(s),cputime(s),systime(s),usertime(s),memory(GB)
331.8831903934479,362.270468,99.74702500000001,262.523443,0.4734649658203125
341.7387251853943,372.49898799999994,101.74234899999999,270.75663899999995,0.4734954833984375
337.6896731853485,368.1032039999999,99.359073,268.7441309999999,0.4734954833984375
340.05608344078064,370.69112800000005,99.86594400000001,270.82518400000004,0.4734954833984375
339.2653844356537,369.79438300000004,101.10917800000004,268.685205,0.4734954833984375
336.9512131214142,367.26831599999997,98.93105599999996,268.33726,0.473785400390625
340.4821422100067,371.05036899999993,100.23945300000003,270.8109159999999,0.473785400390625
341.7273564338684,372.4312560000001,102.19604200000003,270.23521400000004,0.473785400390625
338.8477692604065,369.25834499999985,98.466634,270.79171099999985,0.473785400390625
342.95417308807373,373.769041,101.50494600000002,272.264095,0.473785400390625
