walltime(s),cputime(s),systime(s),usertime(s),memory(GB)
1702.5946102142334,1813.2082300000002,545.226644,1267.981586,2.5888710021972656
1761.10968708992,1868.0859110000001,549.5670880000001,1318.518823,2.5888710021972656
