walltime(s),cputime(s),systime(s),usertime(s),memory(GB)
435.3633496761322,480.228126,153.673636,326.55449,0.4804954528808594
437.5079221725464,482.3622869999999,151.291503,331.07078399999995,0.4804954528808594
437.5833718776703,482.48991800000005,153.43706000000003,329.052858,0.48050689697265625
437.64816308021545,482.36287000000016,151.58252400000003,330.7803460000001,0.48052215576171875
433.2007336616516,477.4623220000002,151.70530500000007,325.75701700000013,0.48052215576171875
437.9235532283783,482.8314969999999,152.8647269999999,329.96677,0.48052215576171875
437.83227038383484,482.63725099999976,152.5886509999999,330.04859999999985,0.48052978515625
435.04220843315125,479.334875,156.88230999999996,322.45256500000005,0.48052978515625
