walltime(s),cputime(s),systime(s),usertime(s),memory(GB)
218.67216062545776,232.284447,64.64109900000001,167.643348,0.4558753967285156
213.08727359771729,225.79400600000002,61.997606000000005,163.7964,0.4558753967285156
217.15532112121582,231.37715400000005,63.15445500000001,168.22269900000003,0.4558753967285156
200.1712131500244,213.07365299999998,58.01717400000001,155.05647899999997,0.4558753967285156
213.02854347229004,226.92332800000008,61.81681100000003,165.10651700000005,0.4558753967285156
213.97055888175964,227.8234999999999,61.409700999999984,166.41379899999993,0.4558753967285156
211.9044690132141,225.55111499999992,61.24133599999999,164.30977899999993,0.4558753967285156
210.85467624664307,224.624146,60.782826,163.84132,0.4558753967285156
211.33677339553833,225.04705500000017,61.979340000000036,163.06771500000013,0.4558753967285156
210.84393191337585,224.75704399999984,61.11906099999999,163.63798299999985,0.4558753967285156
200.19509553909302,213.23505099999988,59.28499899999997,153.9500519999999,0.4558753967285156
240.45618557929993,254.61984600000005,68.79573600000003,185.82411000000002,0.4558753967285156
249.24601769447327,263.6566630000002,72.04067800000007,191.61598500000014,0.4558753967285156
236.74972462654114,250.5667679999999,68.83828599999993,181.72848199999999,0.4558753967285156
247.96575140953064,262.258639,70.93611399999998,191.32252500000004,0.4558753967285156
252.09791707992554,266.39599399999986,72.27037000000007,194.1256239999998,0.4558753967285156
