walltime(s),cputime(s),systime(s),usertime(s),memory(GB)
1553.7786815166473,1683.329341,478.296135,1205.033206,1.740325927734375
1560.7829368114471,1692.062417,473.616584,1218.4458330000002,1.7405471801757812
