walltime(s),cputime(s),systime(s),usertime(s),memory(GB)
1159.6879613399506,1286.690254,408.923423,877.766831,1.1117095947265625
1153.2319309711456,1279.10184,404.54862600000007,874.553214,1.1117095947265625
1138.0118095874786,1261.8515789999997,397.7460339999999,864.1055449999999,1.1117095947265625
