walltime(s),cputime(s),systime(s),usertime(s),memory(GB)
2792.6490244865417,2986.580747,914.1368120000001,2072.443935,3.5765457153320312
