walltime(s),cputime(s),systime(s),usertime(s),memory(GB)
461.5657060146332,502.19764599999996,136.105144,366.09250199999997,0.6544532775878906
466.56966280937195,507.28483600000004,135.388853,371.895983,0.6544532775878906
466.7133858203888,507.32761999999997,135.86292099999997,371.464699,0.6544532775878906
465.3767945766449,506.11028999999985,134.60789999999997,371.5023899999999,0.6544532775878906
463.7812786102295,503.40290900000014,133.14771700000006,370.2551920000001,0.6580619812011719
466.14737200737,507.2351319999998,134.82529599999998,372.4098359999998,0.6580619812011719
465.3119807243347,506.1889130000002,134.21245900000008,371.9764540000001,0.6580619812011719
