walltime(s),cputime(s),systime(s),usertime(s),memory(GB)
187.4908103942871,205.720733,56.241215000000004,149.47951799999998,0.2669677734375
194.93507313728333,213.53705499999998,59.577723,153.959332,0.2673683166503906
191.00535368919373,208.50023199999998,59.367208000000005,149.13302399999998,0.26787567138671875
194.23927855491638,212.72777500000004,60.446042000000006,152.28173300000003,0.26790618896484375
192.82909178733826,211.08885999999998,60.008251,151.08060899999998,0.26802825927734375
195.2595193386078,213.85875200000004,59.574982000000034,154.28377,0.26802825927734375
195.06364583969116,213.65365500000007,60.013233000000014,153.64042200000006,0.26802825927734375
195.2762849330902,213.93741899999986,60.68228399999998,153.25513499999988,0.26802825927734375
195.1953957080841,213.82529300000004,59.279514000000006,154.54577900000004,0.26802825927734375
195.2009904384613,213.777241,60.03505300000006,153.74218799999994,0.26802825927734375
194.99983859062195,213.610866,60.32381299999997,153.28705300000001,0.26802825927734375
195.21637058258057,213.7708919999999,60.42253500000004,153.34835699999985,0.26802825927734375
195.18416571617126,213.78963999999996,59.83535200000006,153.9542879999999,0.26802825927734375
195.06153178215027,213.64542899999992,59.54818,154.09724899999992,0.26802825927734375
195.25722694396973,213.8445160000001,60.17201900000009,153.67249700000002,0.26802825927734375
195.08221793174744,213.624688,60.32168899999999,153.302999,0.26802825927734375
195.21399354934692,213.79505800000004,59.270988999999986,154.52406900000005,0.26802825927734375
194.97249507904053,213.62864399999967,60.963007999999945,152.66563599999972,0.26802825927734375
