walltime(s),cputime(s),systime(s),usertime(s),memory(GB)
470.3047115802765,518.969778,178.710389,340.259389,0.487579345703125
476.4722595214844,524.8694830000001,178.722595,346.14688800000005,0.487579345703125
477.30895590782166,525.7679069999999,179.63268799999997,346.135219,0.4892234802246094
475.70052337646484,523.7396279999999,178.65813100000003,345.0814969999999,0.4892234802246094
474.071373462677,521.900588,177.70753100000002,344.19305699999995,0.4892234802246094
477.57089281082153,525.9291379999997,179.50534500000003,346.4237929999997,0.4892234802246094
476.91551518440247,525.078117,179.2237110000001,345.8544059999999,0.4892234802246094
