walltime(s),cputime(s),systime(s),usertime(s),memory(GB)
2935.161316394806,3227.483692,1016.596579,2210.8871129999998,2.1657028198242188
