walltime(s),cputime(s),systime(s),usertime(s),memory(GB)
143.60735940933228,157.054148,40.973999,116.08014899999999,0.3374137878417969
146.04605865478516,159.53883100000002,40.876742,118.66208900000001,0.3374443054199219
144.90137600898743,158.34158000000002,40.203162000000006,118.138418,0.3374443054199219
145.10873532295227,158.590875,39.54620800000001,119.044667,0.3374443054199219
145.11418843269348,158.59543199999996,40.86911900000001,117.72631299999995,0.3374519348144531
145.95730209350586,159.44684099999998,40.70147299999999,118.74536799999998,0.3374519348144531
142.9842231273651,156.15422700000002,39.357174000000015,116.797053,0.3374519348144531
144.9781894683838,158.44388700000002,40.72209299999997,117.72179400000005,0.3380279541015625
146.1981337070465,159.69035599999995,40.152563999999984,119.53779199999997,0.3380279541015625
144.69748425483704,158.11679899999996,40.07274100000001,118.04405799999995,0.3380279541015625
145.1932761669159,158.68522199999995,41.01659099999995,117.668631,0.3380279541015625
146.16974091529846,159.66551499999997,40.33293899999995,119.33257600000002,0.3380279541015625
145.03068900108337,158.49093899999997,39.97044999999997,118.520489,0.3380279541015625
145.03940320014954,158.503334,40.63970900000004,117.86362499999996,0.3380279541015625
146.03155851364136,159.53716999999983,40.03529800000001,119.50187199999982,0.3380279541015625
144.97354984283447,158.42379800000003,40.405854999999974,118.01794300000006,0.3380279541015625
145.07186889648438,158.56401399999982,39.863677999999936,118.70033599999988,0.3380279541015625
146.0489480495453,159.5298350000004,40.28019000000006,119.24964500000033,0.3380279541015625
145.01141119003296,158.4568999999999,40.152288,118.3046119999999,0.3380279541015625
145.2272229194641,158.70521300000019,40.06814200000008,118.6370710000001,0.3380279541015625
146.04752612113953,159.57715000000007,40.39107899999999,119.18607100000008,0.3380279541015625
145.00650429725647,158.4476080000004,39.884555999999975,118.56305200000043,0.3380279541015625
145.21087765693665,158.68499999999983,39.99526400000002,118.68973599999981,0.3380279541015625
145.32210111618042,158.81395399999997,40.074104000000034,118.73984999999993,0.3380279541015625
