walltime(s),cputime(s),systime(s),usertime(s),memory(GB)
2345.9088163375854,2581.688433,804.009842,1777.6785909999999,1.7740859985351562
