walltime(s),cputime(s),systime(s),usertime(s),memory(GB)
129.71481585502625,141.789946,35.852756,105.93719,0.3170166015625
130.46478843688965,142.53185200000001,35.441345,107.090507,0.3170967102050781
130.01396250724792,142.07734400000004,35.585393999999994,106.49195000000003,0.3170967102050781
129.96358633041382,142.026045,35.43114200000001,106.59490299999999,0.3170967102050781
130.04776096343994,142.14362300000005,35.12866300000002,107.01496000000003,0.3170967102050781
129.82841992378235,141.835873,34.89125100000001,106.94462199999998,0.3171043395996094
130.08022689819336,142.12145999999998,35.28845900000002,106.83300099999997,0.3171043395996094
130.0139660835266,142.08882499999993,35.26230199999998,106.82652299999995,0.3171195983886719
130.07145357131958,142.11416499999996,35.393913999999995,106.72025099999996,0.3171272277832031
130.19409084320068,142.28433799999993,35.774317999999994,106.51001999999994,0.3171272277832031
130.1279821395874,142.19466999999992,35.60420200000004,106.59046799999987,0.3171272277832031
130.18486642837524,142.256641,35.633591999999965,106.62304900000004,0.3171272277832031
130.07916522026062,142.146474,35.83041300000002,106.31606099999999,0.3171348571777344
130.25575757026672,142.313247,34.96202099999999,107.351226,0.3171424865722656
129.80980038642883,141.8522959999999,36.05611299999998,105.79618299999993,0.3171424865722656
130.0690634250641,142.11868299999992,35.40729699999997,106.71138599999995,0.3171501159667969
129.88916969299316,141.92590099999984,35.50051899999994,106.4253819999999,0.3171501159667969
124.56276679039001,135.96902199999988,33.99686699999995,101.97215499999993,0.3171577453613281
130.19528794288635,142.2831349999999,35.97120399999994,106.31193099999996,0.3171577453613281
129.94686794281006,142.025399,35.620757000000026,106.40464199999997,0.3171577453613281
130.24753952026367,142.33012899999983,35.840059,106.49006999999983,0.3171577453613281
130.1405155658722,142.1818350000001,36.030418000000054,106.15141700000004,0.3171577453613281
129.99740552902222,142.0749770000001,35.78065800000002,106.29431900000009,0.3171577453613281
130.04553389549255,142.12691399999994,35.83951200000001,106.28740199999993,0.317169189453125
130.13333201408386,142.16736500000025,34.96662500000002,107.20074000000022,0.317169189453125
130.09722352027893,142.15523200000018,35.37981400000001,106.77541800000017,0.317169189453125
129.85225009918213,141.8724860000002,34.861222,107.01126400000021,0.317169189453125
