walltime(s),cputime(s),systime(s),usertime(s),memory(GB)
1780.2366375923157,1902.300705,540.185625,1362.11508,2.555339813232422
1803.9911539554596,1931.339903,521.961013,1409.37889,2.555339813232422
