walltime(s),cputime(s),systime(s),usertime(s),memory(GB)
716.9993124008179,761.153349,233.565459,527.58789,1.4626884460449219
729.2697861194611,772.472991,237.59415,534.878841,1.4626884460449219
731.9175496101379,774.2866150000002,241.023754,533.2628610000002,1.4626884460449219
728.3775353431702,771.586449,238.554759,533.03169,1.4626884460449219
