walltime(s),cputime(s),systime(s),usertime(s),memory(GB)
1927.7995645999908,2047.192604,630.516476,1416.676128,2.770954132080078
