walltime(s),cputime(s),systime(s),usertime(s),memory(GB)
363.6483428478241,386.439567,113.346867,273.0927,0.627532958984375
363.1769766807556,386.98695999999995,110.46364100000001,276.52331899999996,0.627532958984375
362.55600142478943,386.230792,110.32030400000002,275.910488,0.627532958984375
363.0328483581543,386.53374500000007,110.09082899999999,276.4429160000001,0.627532958984375
365.4838104248047,388.58534599999996,110.58596599999998,277.99938,0.627532958984375
363.58446526527405,387.0371580000001,109.98053600000003,277.05662200000006,0.627532958984375
366.8784830570221,390.29605100000015,110.21169700000007,280.0843540000001,0.627532958984375
368.0348331928253,391.73632099999975,110.39212499999996,281.3441959999998,0.627532958984375
365.65975999832153,389.2374890000001,111.72499500000004,277.51249400000006,0.627532958984375
