walltime(s),cputime(s),systime(s),usertime(s),memory(GB)
328.89914178848267,350.785397,105.962665,244.822732,0.6793670654296875
337.23790645599365,358.47970100000003,107.366268,251.11343300000001,0.6793670654296875
334.2679350376129,356.133654,106.71298099999998,249.42067299999997,0.6793670654296875
333.83242630958557,355.92546899999996,106.25291099999998,249.67255799999998,0.6793670654296875
331.53449749946594,354.243697,104.88340900000003,249.36028799999997,0.6793670654296875
331.5151221752167,354.296775,105.04234799999995,249.25442700000008,0.6793670654296875
332.99391078948975,355.0676359999999,106.37383699999998,248.6937989999999,0.6793670654296875
335.10594749450684,356.483664,106.93878499999994,249.54487900000004,0.6793670654296875
333.8480396270752,355.8560970000001,105.28064799999993,250.57544900000016,0.6793670654296875
336.16735100746155,357.73985700000003,107.95639600000004,249.783461,0.6793670654296875
