walltime(s),cputime(s),systime(s),usertime(s),memory(GB)
1158.5505707263947,1225.891404,360.002275,865.8891289999999,1.689178466796875
1143.7205007076263,1210.725374,353.85264200000006,856.8727319999999,1.689178466796875
1148.3260326385498,1214.876349,357.894137,856.9822119999999,1.689178466796875
