walltime(s),cputime(s),systime(s),usertime(s),memory(GB)
1245.6735401153564,1317.61584,396.91750399999995,920.698336,2.353046417236328
1318.0064072608948,1384.9952939999998,415.880801,969.1144929999999,2.353046417236328
