walltime(s),cputime(s),systime(s),usertime(s),memory(GB)
138.47329568862915,152.22803900000002,47.940397000000004,104.287642,0.3105964660644531
144.94701552391052,159.40871099999998,52.129115,107.279596,0.3106575012207031
142.88028764724731,157.02107900000001,50.471022000000005,106.55005700000001,0.31066131591796875
141.8104283809662,155.845213,49.66209900000001,106.18311399999999,0.3106651306152344
144.53308248519897,158.84170499999993,51.134499000000005,107.70720599999993,0.3106651306152344
142.50545477867126,156.57577300000005,50.45118700000003,106.12458600000002,0.3106689453125
142.09352350234985,156.0941269999999,49.471569999999986,106.62255699999992,0.3106727600097656
143.49080967903137,157.79223400000006,51.803773000000035,105.98846100000003,0.3106727600097656
138.00512170791626,151.66359200000005,48.49186700000001,103.17172500000004,0.3106727600097656
141.13781666755676,155.141411,49.518714999999986,105.62269600000002,0.3106727600097656
145.16104769706726,159.46507299999985,52.17684899999995,107.2882239999999,0.3106727600097656
144.2382333278656,158.47675600000002,51.33017700000005,107.14657899999997,0.3106727600097656
141.07368850708008,155.25214400000004,49.084172999999964,106.16797100000008,0.3106727600097656
131.52234506607056,144.50737700000002,42.54730299999994,101.96007400000008,0.3106727600097656
133.67032885551453,146.8568509999999,43.13692800000001,103.71992299999988,0.3106727600097656
142.43598437309265,156.63542199999995,50.66248000000007,105.97294199999988,0.3106727600097656
135.40285205841064,148.80385599999988,45.414556999999945,103.38929899999994,0.3106727600097656
140.93996810913086,154.89779,48.82235300000002,106.07543699999997,0.3106727600097656
142.07102751731873,156.19267500000012,49.93673000000001,106.25594500000011,0.3106727600097656
141.653413772583,155.6382729999999,49.608074999999985,106.03019799999993,0.3106727600097656
142.46441078186035,156.52512499999978,49.5823059999999,106.94281899999987,0.3106727600097656
143.07614588737488,157.2051610000001,50.418409999999994,106.7867510000001,0.3106727600097656
141.3286907672882,155.3122599999997,48.831858999999895,106.4804009999998,0.3106727600097656
145.01255011558533,159.37880200000018,52.256664999999884,107.1221370000003,0.3106727600097656
139.20184302330017,152.90706499999987,48.414886000000024,104.49217899999985,0.3106727600097656
