walltime(s),cputime(s),systime(s),usertime(s),memory(GB)
190.95024228096008,204.985999,57.941197,147.044802,0.4577827453613281
192.0086898803711,206.170861,57.701541000000006,148.46932,0.4577827453613281
192.21292972564697,206.35933300000002,57.23836600000001,149.120967,0.4577827453613281
190.3532018661499,204.587317,57.58761899999999,146.99969800000002,0.4577827453613281
189.65154504776,203.82414500000002,56.768171000000024,147.055974,0.4577827453613281
189.90078496932983,204.072876,57.904379000000006,146.168497,0.4577827453613281
190.6687774658203,204.79479899999984,57.46090699999996,147.33389199999988,0.4577827453613281
190.47960114479065,204.60001299999993,56.99949699999996,147.60051599999997,0.4577827453613281
190.5647497177124,204.62883900000008,57.70564400000001,146.92319500000008,0.4577827453613281
191.01831459999084,205.11357299999997,57.21160999999995,147.90196300000002,0.4577827453613281
190.15908455848694,204.225553,57.4835250000001,146.7420279999999,0.4577827453613281
190.90136194229126,204.67355999999995,57.68553399999996,146.988026,0.4577827453613281
191.49916243553162,204.70147099999997,59.22614299999998,145.475328,0.4577827453613281
193.05859231948853,206.12319300000001,59.709482000000094,146.41371099999992,0.4577827453613281
192.9885401725769,205.91901799999994,59.402308999999946,146.516709,0.4577827453613281
194.46517300605774,206.83030099999996,60.138085000000046,146.69221599999992,0.4577827453613281
195.05172872543335,207.4359250000001,60.998351999999954,146.43757300000016,0.4577827453613281
196.04273772239685,208.10834900000032,61.06420000000003,147.0441490000003,0.4577827453613281
