walltime(s),cputime(s),systime(s),usertime(s),memory(GB)
3326.831146478653,3504.3688970000003,970.808581,2533.560316,2.8561553955078125
