walltime(s),cputime(s),systime(s),usertime(s),memory(GB)
529.3933444023132,561.901988,169.266093,392.63589499999995,0.92449951171875
531.2744402885437,564.9520620000001,166.10547100000002,398.846591,0.92449951171875
526.7200767993927,562.122357,165.060403,397.0619539999999,0.92449951171875
520.068128824234,556.1854040000001,162.08016100000003,394.105243,0.92449951171875
537.5522046089172,571.5294349999998,167.55729699999995,403.97213799999986,0.92449951171875
537.1221778392792,570.3277980000001,168.168137,402.15966100000014,0.92449951171875
