walltime(s),cputime(s),systime(s),usertime(s),memory(GB)
657.8887283802032,697.577861,216.909333,480.668528,1.0483665466308594
661.0051803588867,701.245838,214.42110000000002,486.82473799999997,1.0483665466308594
660.9387428760529,701.6846780000001,214.98983499999997,486.6948430000001,1.0483665466308594
668.2084064483643,708.5005,215.56941100000006,492.93108899999993,1.0483665466308594
659.3336951732635,699.21797,212.8924270000001,486.3255429999999,1.0483665466308594
