walltime(s),cputime(s),systime(s),usertime(s),memory(GB)
224.75238466262817,248.202088,78.66780899999999,169.534279,0.3383903503417969
223.34699082374573,246.69151200000002,81.04044300000001,165.651069,0.3383903503417969
227.81240272521973,251.447973,80.74335500000001,170.70461799999998,0.3383903503417969
227.70263814926147,251.22077699999997,81.65115799999998,169.569619,0.3383903503417969
227.4919831752777,251.145757,81.99299399999995,169.15276300000005,0.3383903503417969
227.60549664497375,251.159174,80.39710500000001,170.762069,0.3383903503417969
227.656592130661,251.21786600000001,81.139702,170.07816400000002,0.3383903503417969
227.52112650871277,251.08368599999994,80.91805,170.16563599999995,0.3383903503417969
227.7348666191101,251.31886599999996,81.33135800000002,169.98750799999993,0.3383903503417969
222.46958208084106,245.303858,79.34571200000005,165.95814599999994,0.3383903503417969
227.62941217422485,251.23238200000003,82.57635100000005,168.65603099999998,0.3383903503417969
227.631671667099,251.15991800000006,81.23734100000001,169.92257700000005,0.3383903503417969
227.5972821712494,251.23012699999992,81.56238100000007,169.66774599999985,0.3383903503417969
227.4806685447693,251.02776900000003,81.04351999999994,169.9842490000001,0.3383903503417969
227.64633655548096,251.25232100000017,82.11490900000013,169.13741200000004,0.3383903503417969
