walltime(s),cputime(s),systime(s),usertime(s),memory(GB)
1804.0330562591553,1996.200204,617.620461,1378.579743,1.6108245849609375
