walltime(s),cputime(s),systime(s),usertime(s),memory(GB)
193.33866477012634,212.95559200000002,66.911536,146.044056,0.3388862609863281
195.35840225219727,215.031764,66.40943100000001,148.622333,0.3389129638671875
196.02063822746277,215.79192199999997,66.516649,149.27527299999997,0.3389167785644531
197.38372611999512,217.558023,69.51292699999999,148.045096,0.3389167785644531
182.85392212867737,201.17775199999994,57.92999599999996,143.24775599999998,0.3389167785644531
187.3819637298584,206.14561799999996,60.244992999999965,145.900625,0.33892822265625
190.89309573173523,210.17345199999994,64.06352699999997,146.10992499999998,0.3389396667480469
193.77814865112305,213.17034899999993,66.69175899999999,146.47858999999994,0.3389396667480469
190.1768536567688,209.21715899999992,63.87787700000001,145.3392819999999,0.3389396667480469
201.6688528060913,221.94730100000004,71.421649,150.52565200000004,0.3389396667480469
204.03772974014282,224.581008,73.05127800000002,151.52972999999997,0.3389396667480469
205.63850665092468,226.20859700000005,74.17693800000006,152.031659,0.3389396667480469
199.95210027694702,219.96058300000004,70.530395,149.43018800000004,0.3389396667480469
198.7067356109619,218.68923099999984,70.11188900000002,148.57734199999982,0.3389396667480469
202.9716899394989,223.36430999999982,72.501803,150.86250699999982,0.3389396667480469
203.6046531200409,223.98313899999982,72.94744299999991,151.03569599999992,0.3389396667480469
203.72385692596436,224.15353900000014,72.76654200000007,151.38699700000006,0.3389396667480469
204.57226181030273,225.12647000000015,74.33011299999998,150.79635700000017,0.3389396667480469
