walltime(s),cputime(s),systime(s),usertime(s),memory(GB)
179.98853754997253,190.03967699999998,58.375780999999996,131.663896,0.4398918151855469
183.08393383026123,193.535734,58.52768999999999,135.00804399999998,0.4406471252441406
183.21028304100037,193.53269199999997,59.031239,134.50145299999997,0.4406471252441406
183.68316054344177,194.085815,58.159413,135.926402,0.4416084289550781
182.90292239189148,193.54266300000003,58.09746300000003,135.4452,0.4416084289550781
181.68535804748535,192.53393499999993,56.980658999999946,135.55327599999998,0.4416084289550781
181.04581689834595,192.01120000000003,57.581321,134.42987900000003,0.4416084289550781
180.5435709953308,191.4720860000001,57.37314600000002,134.09894000000008,0.4416084289550781
178.36628985404968,189.7183760000001,56.99429300000003,132.72408300000006,0.4416084289550781
177.72303891181946,188.854516,56.044344000000024,132.81017199999997,0.4416084289550781
182.1431839466095,192.75835399999994,56.96291099999996,135.79544299999998,0.4416084289550781
181.16527557373047,191.80207199999995,57.444119,134.35795299999995,0.4416084289550781
180.53847646713257,191.19553799999994,56.70448899999997,134.49104899999998,0.4416084289550781
180.19388580322266,191.20134400000018,57.07374100000004,134.12760300000014,0.4416084289550781
179.42972087860107,190.46973100000002,56.92842499999995,133.54130600000008,0.4416084289550781
179.07406663894653,190.43341299999986,56.73441500000001,133.69899799999985,0.4416084289550781
177.63247919082642,188.76593100000014,56.069345999999996,132.69658500000014,0.4416084289550781
178.67681622505188,189.723297,56.52031799999986,133.20297900000014,0.4416084289550781
176.86054682731628,188.16099500000018,56.38516200000004,131.77583300000015,0.4416084289550781
178.34766459465027,189.46471000000042,56.33219600000007,133.13251400000036,0.4416084289550781
