walltime(s),cputime(s),systime(s),usertime(s),memory(GB)
533.6514410972595,571.648652,159.937545,411.71110699999997,0.8857917785644531
543.5101952552795,581.084108,162.97429699999998,418.109811,0.8857917785644531
554.353973865509,591.4299429999999,165.33101900000003,426.0989239999999,0.8857917785644531
551.7501630783081,589.8151420000002,162.87657900000005,426.93856300000016,0.8857917785644531
547.7845153808594,586.859327,160.4473959999999,426.4119310000001,0.8857917785644531
525.6341025829315,564.673737,156.65105299999993,408.022684,0.8857917785644531
