walltime(s),cputime(s),systime(s),usertime(s),memory(GB)
316.21060061454773,344.931146,92.679191,252.251955,0.4664192199707031
322.8666281700134,352.035007,97.200618,254.834389,0.4664192199707031
317.15825033187866,345.81400099999996,92.70028999999997,253.11371099999997,0.4680633544921875
323.0006091594696,352.15752899999995,96.694029,255.46349999999995,0.4680633544921875
318.4358813762665,347.11387500000006,93.467334,253.64654100000007,0.4680633544921875
317.7402467727661,346.395575,94.46092399999998,251.93465100000003,0.4680633544921875
321.0583508014679,350.01101700000015,95.68544200000008,254.32557500000007,0.4680633544921875
319.76053261756897,348.7657179999999,96.07679899999994,252.68891899999994,0.4680633544921875
301.29525995254517,329.071637,85.12628399999994,243.94535300000007,0.4680633544921875
314.15031814575195,342.6387769999998,92.47814600000004,250.16063099999974,0.4680633544921875
317.90553855895996,346.657601,94.17049099999997,252.48711000000003,0.4680633544921875
