walltime(s),cputime(s),systime(s),usertime(s),memory(GB)
919.4590227603912,1011.9575199999999,297.459005,714.498515,0.7394027709960938
928.664421081543,1021.5512079999999,296.16979800000007,725.3814099999998,0.7395401000976562
933.833606004715,1026.9112530000002,294.86574100000007,732.0455120000001,0.7395858764648438
