walltime(s),cputime(s),systime(s),usertime(s),memory(GB)
1099.9008774757385,1168.292454,353.78634500000004,814.5061089999999,1.6504478454589844
1103.4366743564606,1180.590147,341.92237700000004,838.6677699999999,1.6504478454589844
1121.5907397270203,1194.2291920000002,347.14191000000005,847.0872820000002,1.6504478454589844
