walltime(s),cputime(s),systime(s),usertime(s),memory(GB)
1620.2921905517578,1733.754392,476.866642,1256.88775,2.349884033203125
1701.2558822631836,1809.942605,492.205471,1317.737134,2.349884033203125
