walltime(s),cputime(s),systime(s),usertime(s),memory(GB)
1956.313351392746,2147.297692,677.18984,1470.107852,1.74639892578125
