walltime(s),cputime(s),systime(s),usertime(s),memory(GB)
615.5088148117065,680.194606,207.32077099999998,472.873835,0.6649894714355469
608.2485299110413,671.70353,205.468222,466.235308,0.6649894714355469
617.0822825431824,681.7961009999999,208.362413,473.43368799999996,0.6649894714355469
613.7792704105377,678.174149,207.155885,471.01826400000004,0.6649894714355469
611.4044086933136,675.6252399999998,207.24136399999998,468.3838759999999,0.6649894714355469
