walltime(s),cputime(s),systime(s),usertime(s),memory(GB)
275.1684777736664,292.71151199999997,82.290934,210.420578,0.5375022888183594
276.7234785556793,295.200227,81.57486999999999,213.62535699999998,0.5375022888183594
277.81703877449036,296.3093950000001,82.17525700000002,214.13413800000006,0.5375022888183594
278.0485019683838,296.46827500000006,81.48545000000001,214.98282500000005,0.5375022888183594
274.84685015678406,293.6240110000001,80.13482399999998,213.48918700000013,0.5375022888183594
275.4522030353546,294.25119099999995,80.72813099999996,213.52306,0.5375022888183594
278.3872137069702,296.81291599999986,82.65470099999993,214.15821499999993,0.5375022888183594
280.9677803516388,298.806232,82.62452500000006,216.18170699999996,0.5375022888183594
278.51257371902466,296.6122550000001,81.16582000000005,215.44643500000006,0.5375022888183594
276.95440649986267,295.2927490000002,81.50403299999994,213.78871600000025,0.5375022888183594
279.5120611190796,297.271337,81.862571,215.408766,0.5375022888183594
280.17057752609253,297.91978300000005,82.53281300000003,215.38697000000002,0.5375022888183594
282.92286682128906,300.4117600000001,83.3043570000001,217.10740299999998,0.5375022888183594
