walltime(s),cputime(s),systime(s),usertime(s),memory(GB)
177.67996430397034,188.668098,55.679823,132.988275,0.4391441345214844
182.0598738193512,193.446908,56.405426,137.041482,0.4391441345214844
181.23684430122375,193.021725,55.81466400000001,137.207061,0.4391441345214844
180.0250792503357,191.78123100000002,55.272250000000014,136.508981,0.4391441345214844
179.9312026500702,191.613979,54.978984,136.634995,0.4391441345214844
180.51088738441467,192.27590799999996,55.74964699999998,136.52626099999998,0.4391441345214844
179.03153157234192,191.00498399999992,54.330614999999966,136.67436899999996,0.4391441345214844
178.5410351753235,190.59508399999999,54.40995400000003,136.18512999999996,0.4391441345214844
179.07531213760376,191.0721569999999,54.90358399999997,136.16857299999992,0.4391441345214844
179.7704644203186,191.59961899999996,55.236436000000026,136.36318299999994,0.4391441345214844
180.35967564582825,192.08943399999998,55.02088299999991,137.06855100000007,0.4391441345214844
182.47472095489502,193.4311839999998,57.191892999999936,136.23929099999987,0.4391441345214844
181.5108814239502,193.01867400000003,55.332735999999954,137.68593800000008,0.4391441345214844
180.39321112632751,192.10107099999993,55.75826500000005,136.34280599999988,0.4391441345214844
180.13122296333313,191.88456799999983,54.457191999999964,137.42737599999987,0.4391441345214844
181.62557649612427,193.23697500000014,55.63971600000002,137.59725900000012,0.4391441345214844
182.60364723205566,193.77545799999996,56.69098199999996,137.084476,0.4391441345214844
181.73437237739563,193.02147499999967,55.39756399999999,137.62391099999968,0.4391441345214844
182.3956332206726,193.4962559999998,56.54006900000002,136.95618699999977,0.4391441345214844
183.39207935333252,194.41145699999993,57.5203469999999,136.89111000000003,0.4391441345214844
