walltime(s),cputime(s),systime(s),usertime(s),memory(GB)
532.0147061347961,565.593415,167.869245,397.72417,0.91021728515625
528.667528629303,563.7734379999999,163.96603399999998,399.807404,0.91021728515625
525.0279009342194,561.576067,160.57939399999998,400.996673,0.91021728515625
534.7668812274933,569.0919240000001,166.44182300000006,402.65010099999995,0.91021728515625
538.0103275775909,571.1339260000001,167.03762399999994,404.09630200000015,0.91021728515625
541.5119440555573,573.8765870000003,169.09053000000006,404.78605700000026,0.91021728515625
