walltime(s),cputime(s),systime(s),usertime(s),memory(GB)
424.7097997665405,460.215284,132.44676700000002,327.768517,0.5955657958984375
432.9156312942505,469.52429,134.96518300000002,334.559107,0.5955657958984375
434.10141611099243,471.010287,134.557211,336.453076,0.5955657958984375
435.0408673286438,471.9489559999999,134.339673,337.6092829999999,0.5955657958984375
431.23573064804077,468.2854990000002,134.494505,333.7909940000002,0.5955657958984375
433.9254631996155,470.839566,134.21521199999995,336.62435400000004,0.5955657958984375
433.61802434921265,470.4103039999999,133.460598,336.9497059999999,0.5955657958984375
433.1661615371704,470.0364169999996,134.80057899999997,335.2358379999996,0.5955657958984375
