walltime(s),cputime(s),systime(s),usertime(s),memory(GB)
2052.3202126026154,2197.839787,650.8811929999999,1546.958594,3.2556533813476562
