walltime(s),cputime(s),systime(s),usertime(s),memory(GB)
297.47583293914795,326.238545,88.263678,237.974867,0.47124481201171875
297.96285700798035,326.77285099999995,87.24687099999998,239.52597999999998,0.47124481201171875
298.4738907814026,327.3654030000001,86.95078000000001,240.41462300000006,0.47124481201171875
298.0819294452667,326.8764449999999,87.75883799999997,239.1176069999999,0.47124481201171875
298.2383728027344,327.03048899999993,86.81100999999995,240.21947899999998,0.47124481201171875
298.0932080745697,326.9243890000001,86.39576599999992,240.52862300000015,0.47124481201171875
294.57795691490173,323.01545399999986,86.65624099999991,236.35921299999995,0.47124481201171875
295.3909184932709,324.01322000000005,87.196776,236.81644400000005,0.47124481201171875
295.1007673740387,323.6046210000002,86.37565100000006,237.22897000000012,0.47124481201171875
295.38289499282837,323.99535300000014,86.75363099999993,237.2417220000002,0.47124481201171875
295.50293588638306,324.13381100000004,86.32734500000004,237.806466,0.47124481201171875
295.39184641838074,323.9929719999999,86.59532999999999,237.3976419999999,0.47124481201171875
