walltime(s),cputime(s),systime(s),usertime(s),memory(GB)
906.7617468833923,973.1066030000001,287.023004,686.083599,1.4373664855957031
858.9570114612579,923.6364490000001,268.504316,655.1321330000001,1.4373664855957031
877.1726670265198,942.810213,275.686475,667.123738,1.4373664855957031
880.2367451190948,945.9452119999999,277.78477999999996,668.1604319999999,1.4373664855957031
