walltime(s),cputime(s),systime(s),usertime(s),memory(GB)
451.548380613327,494.616579,128.33472600000002,366.28185299999996,0.6620979309082031
454.0125114917755,496.915163,126.213593,370.70157,0.6621246337890625
453.97140979766846,496.92362700000007,127.31572599999998,369.6079010000001,0.6654243469238281
455.10063552856445,498.10802700000005,127.00669799999997,371.1013290000001,0.6654243469238281
455.1548206806183,498.11801000000014,126.10116900000003,372.0168410000001,0.6654243469238281
454.8179497718811,497.774045,127.16733899999997,370.60670600000003,0.6654243469238281
454.9678535461426,497.9483730000002,127.05054900000005,370.8978240000001,0.6654243469238281
