walltime(s),cputime(s),systime(s),usertime(s),memory(GB)
663.842814207077,721.9424399999999,187.40040100000002,534.5420389999999,0.6909217834472656
673.3868012428284,731.6201650000002,189.65503400000003,541.9651310000002,0.6909217834472656
673.0784277915955,731.2269100000001,188.98195400000003,542.244956,0.69097900390625
672.6960940361023,730.8010269999999,188.28307699999993,542.5179499999999,0.6910018920898438
671.2810513973236,729.2895260000001,189.35064999999997,539.9388760000002,0.691009521484375
