walltime(s),cputime(s),systime(s),usertime(s),memory(GB)
2211.788834095001,2413.0302380000003,664.627111,1748.403127,2.5021018981933594
