walltime(s),cputime(s),systime(s),usertime(s),memory(GB)
152.9388542175293,168.73510299999998,50.735913,117.99919,0.3153266906738281
154.77755880355835,170.57813099999998,51.261184,119.316947,0.3153572082519531
155.30039739608765,171.27434400000004,51.66918700000001,119.60515700000002,0.3158454895019531
154.65894746780396,170.44106899999997,51.13454999999999,119.30651899999998,0.3158454895019531
154.7096552848816,170.48377599999998,50.95438300000001,119.52939299999997,0.3158454895019531
155.07341885566711,170.97619599999996,51.019637999999986,119.95655799999997,0.3158454895019531
154.02737975120544,169.65612099999998,50.367969000000016,119.28815199999997,0.3158454895019531
153.57761430740356,169.22659899999996,49.51139599999999,119.71520299999997,0.3158454895019531
153.61493945121765,169.30633199999988,49.989198999999985,119.3171329999999,0.3158454895019531
148.45647406578064,163.44524099999995,46.87284400000004,116.57239699999991,0.3158454895019531
144.78497672080994,159.28907999999996,44.76515499999999,114.52392499999996,0.3158454895019531
144.7005796432495,159.23921499999983,44.980962999999974,114.25825199999986,0.3158454895019531
134.8769359588623,148.006533,39.403092000000015,108.60344099999998,0.3158454895019531
137.29663062095642,150.778413,39.91744100000005,110.86097199999995,0.3158454895019531
133.39678049087524,146.175833,39.62332900000001,106.552504,0.3158454895019531
133.6894781589508,146.5781219999999,38.17734199999995,108.40077999999994,0.3158454895019531
134.94654059410095,147.958433,38.63660899999991,109.3218240000001,0.3158454895019531
134.86292719841003,147.88834999999995,38.64679799999999,109.24155199999996,0.3158454895019531
134.73880982398987,147.71134899999993,39.519727999999986,108.19162099999994,0.3158454895019531
134.925616979599,147.90651000000003,39.12120600000003,108.785304,0.3158454895019531
134.73464941978455,147.7571079999999,39.52184399999999,108.23526399999992,0.3158454895019531
135.19623970985413,148.2349089999998,39.562797000000046,108.67211199999974,0.3158454895019531
134.58904385566711,147.58501499999988,39.39332399999989,108.19169099999999,0.3158454895019531
134.89100193977356,147.93103399999995,39.04583600000001,108.88519799999995,0.3158454895019531
134.80574369430542,147.7557159999999,39.26383800000008,108.49187799999982,0.3158454895019531
