walltime(s),cputime(s),systime(s),usertime(s),memory(GB)
195.53966760635376,208.54432599999998,62.590757,145.953569,0.4257965087890625
198.79038262367249,212.33313699999997,62.752548000000004,149.58058899999997,0.4265403747558594
191.00626850128174,204.306016,60.03819499999999,144.26782100000003,0.42687225341796875
190.0286681652069,203.43090199999995,59.841497000000004,143.58940499999994,0.42687225341796875
189.50913286209106,203.078919,59.65591900000001,143.423,0.42687225341796875
187.81754517555237,201.35402799999997,59.269953999999984,142.084074,0.4269752502441406
187.4917061328888,200.94436799999994,58.524901,142.41946699999994,0.4269752502441406
187.85686874389648,201.39709800000008,59.23868799999997,142.15841000000012,0.4269752502441406
188.7660253047943,202.28540800000013,59.519655,142.76575300000013,0.4269752502441406
189.49216866493225,202.97814400000004,59.406161,143.57198300000005,0.4269752502441406
189.42513298988342,202.87178200000005,59.29384700000003,143.57793500000002,0.4269752502441406
195.72544932365417,209.23596799999984,61.12201399999992,148.11395399999992,0.4269752502441406
200.7042052745819,214.2632060000002,63.064152000000036,151.19905400000016,0.4269752502441406
200.09098172187805,213.72850299999993,62.91850699999998,150.80999599999996,0.4269752502441406
199.17419147491455,212.73929699999997,62.52477299999998,150.21452399999998,0.4269752502441406
198.37148761749268,212.06711899999993,62.202719,149.86439999999993,0.4269752502441406
200.76848125457764,214.42287,63.37527899999998,151.047591,0.4269752502441406
200.9124734401703,214.5270959999998,63.01033000000007,151.51676599999973,0.4269752502441406
