walltime(s),cputime(s),systime(s),usertime(s),memory(GB)
554.3347496986389,609.100203,162.620062,446.480141,0.7034988403320312
558.4692339897156,613.198258,162.15591,451.042348,0.7045059204101562
558.7040195465088,613.3676389999999,161.383827,451.98381199999994,0.7045059204101562
558.5505151748657,613.132104,161.928512,451.20359200000007,0.7048416137695312
558.956446647644,613.6089050000003,162.946688,450.6622170000003,0.7048416137695312
553.2764272689819,607.114174,159.17753100000004,447.936643,0.705230712890625
