walltime(s),cputime(s),systime(s),usertime(s),memory(GB)
0.946882963180542,0.9468610000000002,0.0,0.9468610000000002,0.202545166015625
0.8548753261566162,0.8548559999999998,0.0,0.8548559999999998,0.20274734497070312
0.8650927543640137,0.865062,0.0,0.865062,0.20274734497070312
0.8615777492523193,0.8615539999999999,0.0,0.8615539999999999,0.20274734497070312
0.8619623184204102,0.8619330000000005,0.0,0.8619330000000005,0.20275115966796875
0.8648190498352051,0.8647989999999997,0.0,0.8647989999999997,0.20275115966796875
0.8597586154937744,0.8597370000000009,0.0,0.8597370000000009,0.20275115966796875
0.8544378280639648,0.8544269999999994,0.0,0.8544269999999994,0.20275115966796875
0.8531320095062256,0.8531040000000001,0.0,0.8531040000000001,0.20275115966796875
0.8616945743560791,0.861675,0.0,0.861675,0.20275115966796875
0.8570351600646973,0.8570189999999993,0.0,0.8570189999999993,0.20275115966796875
0.8602278232574463,0.8601989999999997,0.0,0.8601989999999997,0.20275115966796875
0.8572478294372559,0.857227,0.0,0.857227,0.20275115966796875
0.8620426654815674,0.8620129999999993,0.0,0.8620129999999993,0.20275115966796875
0.8582477569580078,0.8582280000000004,0.0,0.8582280000000004,0.20275115966796875
0.8555824756622314,0.8555630000000001,0.0,0.8555630000000001,0.20275115966796875
0.8585352897644043,0.8585139999999996,0.0,0.8585139999999996,0.20275115966796875
0.8574705123901367,0.8574529999999996,0.0,0.8574529999999996,0.20275115966796875
0.8541333675384521,0.8541130000000017,0.0,0.8541130000000017,0.20275115966796875
0.8599965572357178,0.8599749999999986,0.0,0.8599749999999986,0.20275115966796875
0.8582768440246582,0.8582569999999983,0.0,0.8582569999999983,0.20275115966796875
0.8603708744049072,0.8603449999999988,0.0,0.8603449999999988,0.20275115966796875
0.8530223369598389,0.853000999999999,0.0,0.853000999999999,0.20275115966796875
0.856083869934082,0.8560629999999989,0.0,0.8560629999999989,0.20275115966796875
0.8695883750915527,0.8695699999999995,0.0,0.8695699999999995,0.20275115966796875
0.8690872192382812,0.8690689999999996,0.0,0.8690689999999996,0.20275115966796875
0.8562183380126953,0.856190999999999,0.0,0.856190999999999,0.20275115966796875
0.8547070026397705,0.8546979999999991,0.0,0.8546979999999991,0.20275115966796875
0.8632867336273193,0.863274999999998,0.0,0.863274999999998,0.20275115966796875
0.8572876453399658,0.8572580000000016,0.0,0.8572580000000016,0.20275115966796875
