walltime(s),cputime(s),systime(s),usertime(s),memory(GB)
0.0945131778717041,0.09450200000000031,0.0,0.09450200000000031,0.1942138671875
0.09095525741577148,0.09094299999999933,0.0,0.09094299999999933,0.1942138671875
0.09080147743225098,0.0907549999999997,0.0,0.0907549999999997,0.1942138671875
0.08845210075378418,0.0884400000000003,0.0,0.0884400000000003,0.1942138671875
0.08820486068725586,0.08819400000000055,0.0,0.08819400000000055,0.1942138671875
0.0868978500366211,0.08688699999999994,0.0,0.08688699999999994,0.1942138671875
0.08697748184204102,0.08696600000000032,0.0,0.08696600000000032,0.1942138671875
0.08689665794372559,0.08687500000000004,0.0,0.08687500000000004,0.1942138671875
0.08761119842529297,0.08759899999999998,0.0,0.08759899999999998,0.1942138671875
0.08920478820800781,0.08919099999999958,0.0,0.08919099999999958,0.1942138671875
0.08883357048034668,0.0888220000000004,0.0,0.0888220000000004,0.1942138671875
0.08827614784240723,0.08826299999999954,0.0,0.08826299999999954,0.1942138671875
0.08821511268615723,0.08820300000000003,0.0,0.08820300000000003,0.1942138671875
0.08644270896911621,0.0864319999999994,0.0,0.0864319999999994,0.1942138671875
0.09029030799865723,0.09027899999999978,0.0,0.09027899999999978,0.1942138671875
0.08644366264343262,0.08643300000000043,0.0,0.08643300000000043,0.1942138671875
0.0887749195098877,0.0887639999999994,0.0,0.0887639999999994,0.1942138671875
0.08751606941223145,0.08750500000000017,0.0,0.08750500000000017,0.1942138671875
0.08639407157897949,0.0863820000000004,0.0,0.0863820000000004,0.1942138671875
0.08962035179138184,0.089588,0.0,0.089588,0.1942138671875
0.08811616897583008,0.08810499999999966,0.0,0.08810499999999966,0.1942138671875
0.08599185943603516,0.08598099999999942,0.0,0.08598099999999942,0.1942138671875
0.08679819107055664,0.08677699999999966,0.0,0.08677699999999966,0.1942138671875
0.08653092384338379,0.08651900000000001,0.0,0.08651900000000001,0.1942138671875
0.08598136901855469,0.08596899999999952,0.0,0.08596899999999952,0.1942138671875
0.08633804321289062,0.08632699999999982,0.0,0.08632699999999982,0.1942138671875
0.08660507202148438,0.08659399999999984,0.0,0.08659399999999984,0.1942138671875
0.0863485336303711,0.08633700000000033,0.0,0.08633700000000033,0.1942138671875
0.08617496490478516,0.08616499999999938,0.0,0.08616499999999938,0.1942138671875
0.08626770973205566,0.0862569999999998,0.0,0.0862569999999998,0.1942138671875
