walltime(s),cputime(s),systime(s),usertime(s),memory(GB)
257.7094101905823,257.709584,3.8360790000000002,253.873505,3.2467422485351562
260.61209177970886,260.612583,3.515976,257.09660699999995,3.2467422485351562
260.24644923210144,260.246972,3.375985,256.870987,3.2467422485351562
260.7558856010437,260.75636700000007,3.552005000000001,257.20436200000006,3.2467422485351562
261.46561789512634,261.45403799999985,3.6159999999999997,257.83803799999987,3.2467422485351562
259.4230442047119,259.423695,3.528022,255.895673,3.2467422485351562
259.8543448448181,259.855068,3.643974,256.211094,3.2467422485351562
259.78905272483826,259.7897560000002,3.595969,256.19378700000016,3.2467422485351562
259.8846526145935,259.88535899999994,3.6599639999999987,256.22539499999993,3.2467422485351562
259.91665863990784,259.91735400000016,3.4640190000000004,256.45333500000015,3.2467422485351562
259.80209398269653,259.8027999999998,3.607969000000004,256.1948309999998,3.2467422485351562
260.1300630569458,260.07628700000004,3.5718379999999996,256.504449,3.2467422485351562
259.63143134117126,259.63210100000003,3.6079890000000034,256.02411200000006,3.2467422485351562
