walltime(s),cputime(s),systime(s),usertime(s),memory(GB)
0.07206511497497559,0.0720550000000002,0.0,0.0720550000000002,0.19476318359375
0.06986761093139648,0.06985699999999984,0.0,0.06985699999999984,0.19476318359375
0.07008504867553711,0.07007599999999936,0.0,0.07007599999999936,0.19476318359375
0.07177042961120605,0.07175900000000013,0.0,0.07175900000000013,0.19476318359375
0.07013297080993652,0.07012299999999971,0.0,0.07012299999999971,0.19476318359375
0.07015562057495117,0.07014599999999938,0.0,0.07014599999999938,0.19476318359375
0.06992292404174805,0.06991300000000056,0.0,0.06991300000000056,0.19476318359375
0.07234883308410645,0.07233900000000038,0.0,0.07233900000000038,0.19476318359375
0.07000136375427246,0.06999099999999991,0.0,0.06999099999999991,0.19476318359375
0.07074713706970215,0.07073699999999938,0.0,0.07073699999999938,0.19476318359375
0.07253479957580566,0.07252299999999945,0.0,0.07252299999999945,0.19476318359375
0.07143330574035645,0.07142300000000024,0.0,0.07142300000000024,0.19476318359375
0.07187843322753906,0.07186599999999999,0.0,0.07186599999999999,0.19476318359375
0.0720357894897461,0.072025,0.0,0.072025,0.19476318359375
0.07144808769226074,0.07143799999999967,0.0,0.07143799999999967,0.19476318359375
0.07172417640686035,0.07171399999999917,0.0,0.07171399999999917,0.19476318359375
0.07389473915100098,0.07387299999999986,0.0,0.07387299999999986,0.19476318359375
0.07194352149963379,0.07193199999999944,0.0,0.07193199999999944,0.19476318359375
0.07167673110961914,0.0716669999999997,0.0,0.0716669999999997,0.19476318359375
0.07147049903869629,0.07146000000000008,0.0,0.07146000000000008,0.19476318359375
0.07106304168701172,0.07105199999999989,0.0,0.07105199999999989,0.19476318359375
0.07109284400939941,0.07108399999999993,0.0,0.07108399999999993,0.19476318359375
0.07093286514282227,0.070913,0.0,0.070913,0.19476318359375
0.06992912292480469,0.06992000000000065,0.0,0.06992000000000065,0.19476318359375
0.07020425796508789,0.07019399999999987,0.0,0.07019399999999987,0.19476318359375
0.07015705108642578,0.0701470000000004,0.0,0.0701470000000004,0.19476318359375
0.07037639617919922,0.07036600000000082,0.0,0.07036600000000082,0.19476318359375
0.07011246681213379,0.07010399999999972,0.0,0.07010399999999972,0.19476318359375
0.07224106788635254,0.07223100000000038,0.0,0.07223100000000038,0.19476318359375
0.07217621803283691,0.07216600000000017,0.0,0.07216600000000017,0.19476318359375
