walltime(s),cputime(s),systime(s),usertime(s),memory(GB)
0.47542381286621094,0.475403,0.0,0.475403,0.199249267578125
0.4684598445892334,0.4684520000000001,0.0,0.4684520000000001,0.199249267578125
0.4708836078643799,0.4708680000000003,0.0,0.4708680000000003,0.199249267578125
0.47084617614746094,0.47083799999999965,0.0,0.47083799999999965,0.199249267578125
0.4684183597564697,0.46840100000000007,0.0,0.46840100000000007,0.199249267578125
0.46950411796569824,0.4694820000000002,0.0,0.4694820000000002,0.199249267578125
0.46819067001342773,0.4681679999999995,0.0,0.4681679999999995,0.199249267578125
0.47029805183410645,0.4702919999999988,0.0,0.4702919999999988,0.199249267578125
0.46807265281677246,0.467981,0.0,0.467981,0.199249267578125
0.47171664237976074,0.47170800000000135,0.0,0.47170800000000135,0.199249267578125
0.48485708236694336,0.48484000000000016,0.0,0.48484000000000016,0.199249267578125
0.47251367568969727,0.47250700000000023,0.0,0.47250700000000023,0.199249267578125
0.4684867858886719,0.4684550000000005,0.0,0.4684550000000005,0.199249267578125
0.47768306732177734,0.4776769999999999,0.0,0.4776769999999999,0.199249267578125
0.4717249870300293,0.4717040000000008,0.0,0.4717040000000008,0.199249267578125
0.4713163375854492,0.4713100000000008,0.0,0.4713100000000008,0.199249267578125
0.4681715965270996,0.4681569999999997,0.0,0.4681569999999997,0.199249267578125
0.467451810836792,0.4674460000000007,0.0,0.4674460000000007,0.199249267578125
0.4780559539794922,0.4780489999999986,0.0,0.4780489999999986,0.199249267578125
0.4680185317993164,0.4680119999999999,0.0,0.4680119999999999,0.199249267578125
0.46643996238708496,0.4664229999999989,0.0,0.4664229999999989,0.199249267578125
0.46555662155151367,0.46555000000000035,0.0,0.46555000000000035,0.199249267578125
0.4669935703277588,0.4669869999999996,0.0,0.4669869999999996,0.199249267578125
0.467923641204834,0.46791800000000094,0.0,0.46791800000000094,0.199249267578125
0.47425317764282227,0.47424700000000186,0.0,0.47424700000000186,0.199249267578125
0.4807722568511963,0.48076599999999914,0.0,0.48076599999999914,0.199249267578125
0.47309136390686035,0.47308400000000006,0.0,0.47308400000000006,0.199249267578125
0.46740174293518066,0.4673949999999998,0.0,0.4673949999999998,0.199249267578125
0.47041869163513184,0.4704010000000025,0.0,0.4704010000000025,0.199249267578125
0.4705653190612793,0.4705580000000005,0.0,0.4705580000000005,0.199249267578125
