walltime(s),cputime(s),systime(s),usertime(s),memory(GB)
240.73513412475586,240.73480300000003,3.370222,237.36458100000002,3.356464385986328
242.37763905525208,242.377672,2.319934,240.057738,3.356464385986328
241.7527298927307,241.75286000000006,2.039935,239.71292500000004,3.356464385986328
241.7168459892273,241.71694500000007,2.031987000000001,239.68495800000005,3.356464385986328
241.61692094802856,241.61713099999997,2.0239579999999986,239.59317299999998,3.356464385986328
241.69028759002686,241.6511270000001,1.9639819999999997,239.6871450000001,3.356464385986328
241.51704263687134,241.51695599999996,1.9839760000000002,239.53297999999995,3.356464385986328
240.74820041656494,240.73687999999987,1.9439659999999996,238.79291399999988,3.356464385986328
240.95989441871643,240.959997,1.9799829999999972,238.98001399999998,3.356464385986328
240.68333649635315,240.68356300000036,1.787990999999998,238.89557200000036,3.356464385986328
240.7248477935791,240.72514400000026,1.9520079999999993,238.77313600000025,3.356464385986328
240.76539278030396,240.76577300000014,1.8639850000000031,238.90178800000012,3.356464385986328
239.7638659477234,239.76409399999997,2.032,237.73209399999996,3.356464385986328
240.36022973060608,240.36066500000035,1.815999999999999,238.54466500000035,3.356464385986328
