walltime(s),cputime(s),systime(s),usertime(s),memory(GB)
0.12557244300842285,0.12503200000000003,0.0,0.12503200000000003,0.189453125
0.12572693824768066,0.12571699999999986,0.0,0.12571699999999986,0.189453125
0.11980795860290527,0.11980000000000057,0.0,0.11980000000000057,0.189453125
0.11644339561462402,0.11642099999999989,0.0,0.11642099999999989,0.189453125
0.11944460868835449,0.11943699999999957,0.0,0.11943699999999957,0.189453125
0.11661911010742188,0.11661100000000069,0.0,0.11661100000000069,0.189453125
0.11604452133178711,0.1160369999999995,0.0,0.1160369999999995,0.189453125
0.11726546287536621,0.1172569999999995,0.0,0.1172569999999995,0.189453125
0.11651897430419922,0.11650199999999966,0.0,0.11650199999999966,0.189453125
0.11498141288757324,0.11497400000000013,0.0,0.11497400000000013,0.189453125
0.11597418785095215,0.11596600000000007,9.999999999732445e-07,0.1159650000000001,0.189453125
0.11589288711547852,0.11587599999999976,1.4999999999987246e-05,0.11586099999999977,0.189453125
0.11744141578674316,0.11743400000000026,0.0,0.11743400000000026,0.189453125
0.11598849296569824,0.11597999999999953,0.0,0.11597999999999953,0.189453125
0.11628055572509766,0.1162620000000002,4.000000000004e-06,0.1162580000000002,0.189453125
0.11585640907287598,0.11584799999999973,0.0,0.11584799999999973,0.189453125
0.1210637092590332,0.1210420000000001,0.0,0.1210420000000001,0.189453125
0.11633443832397461,0.11632700000000007,0.0,0.11632700000000007,0.189453125
0.11545252799987793,0.11544299999999996,0.0,0.11544299999999996,0.189453125
0.1171870231628418,0.11718000000000028,0.0,0.11718000000000028,0.189453125
0.11884760856628418,0.11882999999999999,0.0,0.11882999999999999,0.189453125
0.11684608459472656,0.11683800000000044,0.0,0.11683800000000044,0.189453125
0.1176612377166748,0.11764699999999984,0.0,0.11764699999999984,0.189453125
0.11524724960327148,0.11523900000000076,0.0,0.11523900000000076,0.189453125
0.11825418472290039,0.11824700000000055,4.000000000004e-06,0.11824300000000054,0.189453125
0.11571383476257324,0.11570500000000017,0.0,0.11570500000000017,0.189453125
0.11555004119873047,0.11554199999999959,0.0,0.11554199999999959,0.189453125
0.11620831489562988,0.11619999999999919,0.0,0.11619999999999919,0.189453125
0.11663651466369629,0.1166280000000004,0.0,0.1166280000000004,0.189453125
0.12366318702697754,0.12365699999999968,0.0,0.12365699999999968,0.189453125
