walltime(s),cputime(s),systime(s),usertime(s),memory(GB)
0.15230774879455566,0.15200900000000006,0.0,0.15200900000000006,0.19467544555664062
0.149399995803833,0.14938800000000008,0.0,0.14938800000000008,0.19476318359375
0.15296173095703125,0.15292399999999962,0.0,0.15292399999999962,0.19476318359375
0.1530458927154541,0.1530339999999999,0.0,0.1530339999999999,0.19476318359375
0.1482682228088379,0.14825799999999978,0.0,0.14825799999999978,0.19476318359375
0.1485142707824707,0.14827499999999993,0.0,0.14827499999999993,0.19476318359375
0.1495826244354248,0.1495709999999999,0.0,0.1495709999999999,0.19476318359375
0.14672422409057617,0.1467130000000001,0.0,0.1467130000000001,0.19476318359375
0.15326261520385742,0.1532239999999998,0.0,0.1532239999999998,0.19476318359375
0.14682865142822266,0.14681700000000042,0.0,0.14681700000000042,0.19476318359375
0.14718937873840332,0.14694900000000022,0.0,0.14694900000000022,0.19476318359375
0.1479203701019287,0.1479089999999994,0.0,0.1479089999999994,0.19476318359375
0.1470472812652588,0.14703700000000008,0.0,0.14703700000000008,0.19476318359375
0.1547548770904541,0.15472199999999958,0.0,0.15472199999999958,0.19476318359375
0.15738749504089355,0.15736499999999953,0.0,0.15736499999999953,0.19476318359375
0.14739632606506348,0.14738399999999974,0.0,0.14738399999999974,0.19476318359375
0.15080904960632324,0.150798,0.0,0.150798,0.19476318359375
0.1503145694732666,0.15030400000000022,0.0,0.15030400000000022,0.19476318359375
0.1466200351715088,0.14660899999999977,0.0,0.14660899999999977,0.19476318359375
0.1487433910369873,0.148733,0.0,0.148733,0.19476318359375
0.146806001663208,0.14679399999999987,0.0,0.14679399999999987,0.19476318359375
0.14664173126220703,0.14662999999999915,0.0,0.14662999999999915,0.19476318359375
0.14763379096984863,0.14762499999999967,0.0,0.14762499999999967,0.19476318359375
0.15285587310791016,0.15284499999999923,0.0,0.15284499999999923,0.19476318359375
0.1511242389678955,0.1510889999999998,0.0,0.1510889999999998,0.19476318359375
0.15219902992248535,0.15217800000000015,0.0,0.15217800000000015,0.19476318359375
0.14716625213623047,0.1471549999999997,0.0,0.1471549999999997,0.19476318359375
0.14666509628295898,0.14665399999999984,0.0,0.14665399999999984,0.19476318359375
0.14842796325683594,0.14841700000000024,0.0,0.14841700000000024,0.19476318359375
0.15373969078063965,0.15350100000000033,0.0,0.15350100000000033,0.19476318359375
