walltime(s),cputime(s),systime(s),usertime(s),memory(GB)
1.6278541088104248,1.616516,0.007152999999999965,1.609363,0.203277587890625
1.5477452278137207,1.547695,0.0,1.547695,0.203277587890625
1.6981687545776367,1.6981479999999998,0.0,1.6981479999999998,0.203277587890625
1.6436378955841064,1.643638000000001,0.0,1.643638000000001,0.203277587890625
1.591210126876831,1.5912240000000004,0.0,1.5912240000000004,0.203277587890625
1.5936212539672852,1.5936120000000003,0.0,1.5936120000000003,0.203277587890625
1.5738418102264404,1.573808999999999,0.0,1.573808999999999,0.203277587890625
1.5776715278625488,1.5776699999999995,0.0,1.5776699999999995,0.203277587890625
1.5842244625091553,1.5842090000000013,0.0,1.5842090000000013,0.203277587890625
1.5779118537902832,1.577924000000003,0.0,1.577924000000003,0.203277587890625
1.589834451675415,1.5898260000000022,0.0,1.5898260000000022,0.203277587890625
1.5659618377685547,1.5659360000000007,0.0,1.5659360000000007,0.203277587890625
1.5718050003051758,1.5718150000000009,0.0,1.5718150000000009,0.203277587890625
1.5691723823547363,1.569151999999999,0.0,1.569151999999999,0.203277587890625
1.563206434249878,1.563201000000003,0.0,1.563201000000003,0.203277587890625
1.4871175289154053,1.487128000000002,0.0,1.487128000000002,0.203277587890625
1.4467675685882568,1.4467490000000005,0.0,1.4467490000000005,0.203277587890625
1.4575176239013672,1.4575199999999988,0.0,1.4575199999999988,0.203277587890625
1.4525318145751953,1.452536000000002,0.0,1.452536000000002,0.203277587890625
1.4565482139587402,1.4565620000000052,0.0,1.4565620000000052,0.203277587890625
1.4757936000823975,1.4758050000000011,0.0,1.4758050000000011,0.203277587890625
1.4783973693847656,1.478400999999998,0.0,1.478400999999998,0.203277587890625
1.4721992015838623,1.472211999999999,0.0,1.472211999999999,0.203277587890625
1.4834356307983398,1.4834359999999975,0.0,1.4834359999999975,0.203277587890625
1.4721310138702393,1.4721230000000034,0.0,1.4721230000000034,0.203277587890625
1.4727795124053955,1.4727919999999983,0.0,1.4727919999999983,0.203277587890625
1.4776842594146729,1.4776779999999974,0.0,1.4776779999999974,0.203277587890625
1.4652376174926758,1.4652400000000014,0.0,1.4652400000000014,0.203277587890625
1.4789066314697266,1.4789190000000048,0.0,1.4789190000000048,0.203277587890625
1.4815173149108887,1.4815230000000028,0.0,1.4815230000000028,0.203277587890625
