walltime(s),cputime(s),systime(s),usertime(s),memory(GB)
0.268169641494751,0.26815500000000014,0.0,0.26815500000000014,0.19667816162109375
0.26819896697998047,0.2681879999999994,0.0,0.2681879999999994,0.196746826171875
0.275554895401001,0.275544,0.0,0.275544,0.196746826171875
0.2726166248321533,0.27259600000000006,0.0,0.27259600000000006,0.196746826171875
0.2722439765930176,0.27223299999999995,0.0,0.27223299999999995,0.196746826171875
0.27548670768737793,0.27547500000000014,0.0,0.27547500000000014,0.196746826171875
0.2669527530670166,0.2669290000000002,0.0,0.2669290000000002,0.196746826171875
0.27268052101135254,0.2726689999999996,0.0,0.2726689999999996,0.196746826171875
0.27249860763549805,0.2724630000000001,0.0,0.2724630000000001,0.196746826171875
0.27372241020202637,0.27369999999999983,0.0,0.27369999999999983,0.196746826171875
0.27199673652648926,0.27198600000000006,0.0,0.27198600000000006,0.196746826171875
0.272937536239624,0.27292700000000014,0.0,0.27292700000000014,0.196746826171875
0.26432037353515625,0.2643009999999997,0.0,0.2643009999999997,0.196746826171875
0.2666347026824951,0.2666240000000002,0.0,0.2666240000000002,0.196746826171875
0.26637911796569824,0.26636799999999994,0.0,0.26636799999999994,0.196746826171875
0.26572442054748535,0.2657059999999998,0.0,0.2657059999999998,0.196746826171875
0.26500988006591797,0.26500000000000057,0.0,0.26500000000000057,0.196746826171875
0.2748422622680664,0.27483199999999997,0.0,0.27483199999999997,0.196746826171875
0.2701854705810547,0.2701760000000011,0.0,0.2701760000000011,0.196746826171875
0.2657661437988281,0.2657480000000003,0.0,0.2657480000000003,0.196746826171875
0.270413875579834,0.270404000000001,0.0,0.270404000000001,0.196746826171875
0.27208709716796875,0.27205799999999947,0.0,0.27205799999999947,0.196746826171875
0.2586495876312256,0.25863100000000117,0.0,0.25863100000000117,0.196746826171875
0.2619457244873047,0.2619340000000001,0.0,0.2619340000000001,0.196746826171875
0.2675507068634033,0.26753999999999856,0.0,0.26753999999999856,0.196746826171875
0.2734816074371338,0.2734620000000003,0.0,0.2734620000000003,0.196746826171875
0.2695784568786621,0.2695679999999996,0.0,0.2695679999999996,0.196746826171875
0.26969051361083984,0.2696810000000003,0.0,0.2696810000000003,0.196746826171875
0.27033352851867676,0.2703150000000001,0.0,0.2703150000000001,0.196746826171875
0.2670888900756836,0.2670779999999997,0.0,0.2670779999999997,0.196746826171875
