walltime(s),cputime(s),systime(s),usertime(s),memory(GB)
181.61023092269897,181.611988,2.3242410000000002,179.287747,2.4274635314941406
180.45597863197327,180.457947,1.8238760000000003,178.63407099999998,2.4274635314941406
180.34987044334412,180.35193900000002,1.5599530000000001,178.791986,2.4274635314941406
180.14673900604248,180.14882100000008,1.4479360000000003,178.70088500000008,2.4274635314941406
180.16872835159302,180.10709800000004,1.3319820000000009,178.77511600000003,2.4274635314941406
180.19332647323608,180.1953590000001,1.3719640000000002,178.82339500000012,2.4274635314941406
180.02440214157104,180.02650200000002,1.3359970000000008,178.69050500000003,2.4274635314941406
178.74658727645874,178.74865900000006,1.3079859999999996,177.44067300000006,2.4274635314941406
179.67035174369812,179.67237200000017,1.339989000000001,178.33238300000016,2.4274635314941406
179.76471757888794,179.7668500000001,1.4120170000000005,178.3548330000001,2.4274635314941406
174.38244581222534,174.38361099999997,1.3320030000000003,173.051608,2.4274635314941406
179.12051439285278,179.12247299999987,1.3879990000000006,177.73447399999986,2.4274635314941406
179.61439633369446,179.61634200000026,1.4239960000000025,178.19234600000027,2.4274635314941406
179.8118941783905,179.81313099999997,1.3880039999999987,178.42512699999997,2.4274635314941406
180.32620000839233,180.32782599999973,1.3920260000000013,178.93579999999974,2.4274635314941406
180.43409252166748,180.4358009999999,1.592015,178.8437859999999,2.4274635314941406
180.4560089111328,180.45766400000025,1.3239829999999984,179.13368100000025,2.4274635314941406
182.59721779823303,182.54671400000007,1.4400200000000005,181.10669400000006,2.4274635314941406
177.93099236488342,177.92847199999989,1.555999,176.3724729999999,2.4274635314941406
177.73504328727722,177.73670000000033,1.4200040000000023,176.31669600000032,2.4274635314941406
