walltime(s),cputime(s),systime(s),usertime(s),memory(GB)
496.70336508750916,496.70126999999997,11.193923,485.507347,3.89752197265625
498.28841400146484,498.288131,7.260115000000001,491.02801600000004,3.905609130859375
495.8911819458008,495.89148700000004,7.216106,488.675381,3.905609130859375
494.20883655548096,494.2092140000001,7.572037000000002,486.63717700000007,3.905609130859375
491.1196827888489,491.1201619999998,7.456057000000001,483.66410499999984,3.905609130859375
491.8066191673279,491.8072559999997,7.191962000000004,484.6152939999997,3.905609130859375
493.1827988624573,493.06601900000004,7.167845999999997,485.89817300000004,3.905609130859375
