walltime(s),cputime(s),systime(s),usertime(s),memory(GB)
0.3119547367095947,0.31193700000000035,0.0,0.31193700000000035,0.19622802734375
0.2899820804595947,0.2899729999999998,0.0,0.2899729999999998,0.19622802734375
0.29276132583618164,0.29275300000000026,0.0,0.29275300000000026,0.19622802734375
0.29305386543273926,0.29303599999999985,0.0,0.29303599999999985,0.19622802734375
0.29472899436950684,0.29471899999999973,0.0,0.29471899999999973,0.19622802734375
0.2926297187805176,0.29262100000000046,0.0,0.29262100000000046,0.19622802734375
0.29401516914367676,0.2939980000000002,0.0,0.2939980000000002,0.19622802734375
0.2905690670013428,0.29056000000000015,0.0,0.29056000000000015,0.19622802734375
0.289623498916626,0.28960700000000017,0.0,0.28960700000000017,0.19622802734375
0.29145097732543945,0.2914430000000001,0.0,0.2914430000000001,0.19622802734375
0.29636263847351074,0.296354,0.0,0.296354,0.19622802734375
0.28847217559814453,0.288463000000001,0.0,0.288463000000001,0.19622802734375
0.2885282039642334,0.2885200000000001,0.0,0.2885200000000001,0.19622802734375
0.29058837890625,0.29057900000000103,0.0,0.29057900000000103,0.19622802734375
0.29289770126342773,0.2928899999999999,0.0,0.2928899999999999,0.19622802734375
0.29183268547058105,0.29182300000000083,0.0,0.29182300000000083,0.19622802734375
0.2954254150390625,0.29541599999999946,0.0,0.29541599999999946,0.19622802734375
0.29330992698669434,0.29330199999999884,0.0,0.29330199999999884,0.19622802734375
0.2884664535522461,0.2884580000000003,0.0,0.2884580000000003,0.19622802734375
0.29064178466796875,0.2906340000000007,0.0,0.2906340000000007,0.19622802734375
0.2896151542663574,0.2895979999999998,0.0,0.2895979999999998,0.19622802734375
0.2890009880065918,0.28899200000000036,0.0,0.28899200000000036,0.19622802734375
0.29093146324157715,0.29092300000000115,0.0,0.29092300000000115,0.19622802734375
0.2886087894439697,0.2886009999999999,0.0,0.2886009999999999,0.19622802734375
0.28909897804260254,0.28908999999999985,0.0,0.28908999999999985,0.19622802734375
0.28996801376342773,0.28995899999999963,0.0,0.28995899999999963,0.19622802734375
0.29256701469421387,0.2925590000000007,0.0,0.2925590000000007,0.19622802734375
0.2883896827697754,0.28838099999999933,0.0,0.28838099999999933,0.19622802734375
0.2913334369659424,0.2913230000000002,0.0,0.2913230000000002,0.19622802734375
0.29461240768432617,0.29460399999999964,0.0,0.29460399999999964,0.19622802734375
