walltime(s),cputime(s),systime(s),usertime(s),memory(GB)
151.8774552345276,151.875726,2.29368,149.582046,2.406352996826172
153.07179713249207,153.070067,1.5722769999999997,151.49779,2.406352996826172
152.86951899528503,152.86789800000003,1.3881440000000005,151.479754,2.406352996826172
144.10200333595276,144.10055499999999,1.2360440000000006,142.864511,2.406352996826172
139.13039016723633,139.09584199999998,1.475969,137.61987299999998,2.406352996826172
134.48929953575134,134.48775799999993,1.307977000000001,133.17978099999993,2.406352996826172
134.52904319763184,134.527851,1.2399799999999992,133.287871,2.406352996826172
134.6206259727478,134.6194389999999,1.2560129999999994,133.3634259999999,2.406352996826172
134.5651729106903,134.56378599999988,1.1639780000000002,133.3998079999999,2.406352996826172
134.67524337768555,134.67421,1.2159960000000005,133.458214,2.406352996826172
129.73846340179443,129.735639,1.1480110000000003,128.587628,2.406352996826172
127.18066930770874,127.18015600000012,1.240006000000001,125.94015000000013,2.406352996826172
128.20113515853882,128.14995200000004,1.2321489999999997,126.91780300000005,2.406352996826172
129.18763136863708,129.183873,1.1839650000000006,127.999908,2.406352996826172
129.19392156600952,129.19214300000004,1.1399699999999982,128.05217300000004,2.406352996826172
129.17626023292542,129.17459699999992,1.3079859999999996,127.86661099999992,2.406352996826172
129.1855947971344,129.1837330000003,1.1480049999999977,128.0357280000003,2.406352996826172
129.20376825332642,129.20148500000022,1.351973000000001,127.84951200000023,2.406352996826172
129.1449842453003,129.14301600000013,1.2759919999999987,127.86702400000013,2.406352996826172
129.19898509979248,129.1970009999999,1.2679720000000003,127.9290289999999,2.406352996826172
129.21222686767578,129.21058300000016,1.2799869999999984,127.93059600000015,2.406352996826172
129.18293857574463,129.18057700000023,1.2879660000000008,127.89261100000022,2.406352996826172
129.1807587146759,129.17891100000006,1.1479549999999996,128.03095600000006,2.406352996826172
129.2014443874359,129.19966999999988,1.2999970000000012,127.8996729999999,2.406352996826172
129.1776101589203,129.17578899999995,1.2040019999999956,127.97178699999995,2.406352996826172
129.05090379714966,129.04885599999972,1.187972000000002,127.86088399999971,2.406352996826172
129.1925539970398,129.19041299999975,1.171987999999999,128.01842499999975,2.406352996826172
