walltime(s),cputime(s),systime(s),usertime(s),memory(GB)
0.9615294933319092,0.9614849999999997,0.0,0.9614849999999997,0.19886016845703125
0.8812274932861328,0.881183,0.0,0.881183,0.19886016845703125
0.8703844547271729,0.870349,0.0,0.870349,0.19886016845703125
0.8766083717346191,0.8765749999999999,0.0,0.8765749999999999,0.19886016845703125
0.8772962093353271,0.8772600000000006,0.0,0.8772600000000006,0.19886016845703125
0.8745806217193604,0.8745549999999991,0.0,0.8745549999999991,0.19886016845703125
0.879539966583252,0.8795150000000014,0.0,0.8795150000000014,0.19886016845703125
0.8817651271820068,0.8817410000000017,0.0,0.8817410000000017,0.19886016845703125
0.8785147666931152,0.8784799999999997,0.0,0.8784799999999997,0.19886016845703125
0.8842594623565674,0.884226,0.0,0.884226,0.19886016845703125
0.8870091438293457,0.886985000000001,0.0,0.886985000000001,0.19886016845703125
0.8882808685302734,0.8882460000000005,0.0,0.8882460000000005,0.19886016845703125
0.8812346458435059,0.8812099999999994,0.0,0.8812099999999994,0.19886016845703125
0.8871769905090332,0.8871439999999993,0.0,0.8871439999999993,0.19886016845703125
0.8863003253936768,0.8862759999999987,0.0,0.8862759999999987,0.19886016845703125
0.8787651062011719,0.8787330000000004,0.0,0.8787330000000004,0.19886016845703125
0.8874878883361816,0.8874620000000029,0.0,0.8874620000000029,0.19886016845703125
0.88388991355896,0.8838420000000013,0.0,0.8838420000000013,0.19886016845703125
0.8849091529846191,0.8848860000000016,0.0,0.8848860000000016,0.19886016845703125
0.8903539180755615,0.8903290000000013,0.0,0.8903290000000013,0.19886016845703125
0.8764615058898926,0.8764300000000027,0.0,0.8764300000000027,0.19886016845703125
0.883929967880249,0.8838790000000003,0.0,0.8838790000000003,0.19886016845703125
0.8761050701141357,0.8760820000000002,0.0,0.8760820000000002,0.19886016845703125
0.8884079456329346,0.8883829999999975,0.0,0.8883829999999975,0.19886016845703125
0.8869578838348389,0.8869329999999991,0.0,0.8869329999999991,0.19886016845703125
0.8764986991882324,0.8764640000000021,0.0,0.8764640000000021,0.19886016845703125
0.8805849552154541,0.8805499999999995,0.0,0.8805499999999995,0.19886016845703125
0.8873374462127686,0.8873129999999989,0.0,0.8873129999999989,0.19886016845703125
0.8917148113250732,0.8916819999999994,0.0,0.8916819999999994,0.19886016845703125
0.8967289924621582,0.8967050000000043,0.0,0.8967050000000043,0.19886016845703125
