walltime(s),cputime(s),systime(s),usertime(s),memory(GB)
7.3209028244018555,7.320673,0.034369999999999956,7.286303,0.23704147338867188
7.356186866760254,7.356048000000001,0.0,7.356048000000001,0.23755264282226562
7.012743234634399,7.012808,0.0,7.012808,0.23755264282226562
7.001882076263428,7.0018569999999976,0.0,7.0018569999999976,0.23755264282226562
7.032947778701782,7.033023,0.0,7.033023,0.23755264282226562
7.0577075481414795,7.047019000000002,0.002978999999999954,7.0440400000000025,0.23755264282226562
7.234828233718872,7.234908999999995,0.0,7.234908999999995,0.23755264282226562
7.037911891937256,7.037947000000003,0.0,7.037947000000003,0.23755264282226562
7.094627618789673,7.094725000000004,0.0,7.094725000000004,0.23755264282226562
7.034531116485596,7.034599,0.0,7.034599,0.23755264282226562
7.0655837059021,7.0656760000000105,0.0,7.0656760000000105,0.23755264282226562
7.093996286392212,7.094062999999991,0.0,7.094062999999991,0.23755264282226562
7.148404836654663,7.148471000000001,0.0,7.148471000000001,0.23755264282226562
7.514301776885986,7.514402999999987,0.0,7.514402999999987,0.23755264282226562
7.435329914093018,7.435387999999999,0.0038370000000000903,7.431550999999999,0.23755264282226562
7.471158981323242,7.471245999999994,0.0,7.471245999999994,0.23755264282226562
7.442565441131592,7.44260899999999,0.0,7.44260899999999,0.23755264282226562
7.422273635864258,7.4223499999999945,0.0,7.4223499999999945,0.23755264282226562
7.414047956466675,7.4141039999999805,0.0,7.4141039999999805,0.23755264282226562
7.40741491317749,7.407475000000005,0.0,7.407475000000005,0.23755264282226562
7.10285210609436,7.10295499999998,0.0,7.10295499999998,0.23755264282226562
6.941624641418457,6.941720000000004,0.0,6.941720000000004,0.23755264282226562
7.035436630249023,7.035526000000004,0.0,7.035526000000004,0.23755264282226562
7.343378067016602,7.3434349999999995,0.0,7.3434349999999995,0.23755264282226562
7.146664142608643,7.146754999999985,0.0,7.146754999999985,0.23755264282226562
7.359816789627075,7.359804999999994,0.0,7.359804999999994,0.23755264282226562
7.139096260070801,7.139194000000003,0.0,7.139194000000003,0.23755264282226562
7.355573654174805,7.355627999999996,0.0,7.355627999999996,0.23755264282226562
7.1909356117248535,7.191014000000024,0.0,7.191014000000024,0.23755264282226562
7.345258474349976,7.3453429999999855,0.0,7.3453429999999855,0.23755264282226562
