walltime(s),cputime(s),systime(s),usertime(s),memory(GB)
239.950133562088,239.934034,3.804699,236.129335,3.6310462951660156
239.84184455871582,239.845663,2.484095999999999,237.361567,3.6310462951660156
238.26469898223877,238.268363,2.304003,235.96436,3.6310462951660156
229.28855538368225,229.29063699999998,2.108030000000001,227.18260699999996,3.6310462951660156
228.19544076919556,228.19703599999994,2.212009,225.98502699999995,3.6310462951660156
220.9911286830902,220.99247400000013,2.0960040000000006,218.89647000000014,3.6310462951660156
220.70003151893616,220.66796500000004,2.059997000000001,218.60796800000003,3.6310462951660156
220.05009031295776,220.0515750000001,2.0600379999999987,217.9915370000001,3.6310462951660156
222.00674748420715,222.00828899999985,1.9840009999999992,220.02428799999984,3.6310462951660156
222.96351194381714,222.9635850000001,2.135995000000001,220.8275900000001,3.6310462951660156
216.50867748260498,216.51008799999968,1.9320190000000004,214.5780689999997,3.6310462951660156
210.17612218856812,210.17749000000023,2.016014000000002,208.16147600000022,3.6310462951660156
205.17663669586182,205.1780220000001,2.020019999999999,203.15800200000012,3.6310462951660156
212.6192352771759,212.62092099999995,2.2680100000000003,210.35291099999995,3.6310462951660156
238.11802172660828,238.12212999999974,2.2280200000000008,235.89410999999973,3.6310462951660156
