walltime(s),cputime(s),systime(s),usertime(s),memory(GB)
4.6079347133636475,4.607927999999999,0.008665000000000034,4.599263,0.21982192993164062
4.607132911682129,4.6071480000000005,0.0,4.6071480000000005,0.22031402587890625
4.606138706207275,4.606162000000001,0.0,4.606162000000001,0.22031402587890625
4.609237432479858,4.609262000000001,0.0,4.609262000000001,0.22031402587890625
4.6087377071380615,4.608782999999999,0.0,4.608782999999999,0.22031402587890625
4.606937408447266,4.606984000000001,0.0,4.606984000000001,0.22031402587890625
4.610033750534058,4.610059999999997,0.0,4.610059999999997,0.2205657958984375
4.606747388839722,4.606757999999999,0.0,4.606757999999999,0.2205657958984375
4.610122442245483,4.610168999999999,0.0,4.610168999999999,0.2205657958984375
4.61304497718811,4.613034999999996,0.0,4.613034999999996,0.2205657958984375
4.6094889640808105,4.609524999999998,0.0,4.609524999999998,0.2205657958984375
4.6110570430755615,4.611103,0.0,4.611103,0.2205657958984375
4.78174090385437,4.7817659999999975,0.0,4.7817659999999975,0.2205657958984375
4.609441757202148,4.60947800000001,0.0,4.60947800000001,0.2205657958984375
4.609450817108154,4.609472999999994,0.0,4.609472999999994,0.2205657958984375
4.612528562545776,4.612551999999994,0.0,4.612551999999994,0.2205657958984375
4.610259771347046,4.610304999999997,0.0,4.610304999999997,0.2205657958984375
4.612853050231934,4.61290000000001,0.0,4.61290000000001,0.2205657958984375
4.608392715454102,4.608438000000007,0.0,4.608438000000007,0.2205657958984375
4.609593152999878,4.609629999999996,0.0,4.609629999999996,0.2205657958984375
4.612781763076782,4.6128029999999995,0.0,4.6128029999999995,0.2205657958984375
4.6111485958099365,4.611193999999998,0.0,4.611193999999998,0.2205657958984375
4.612781763076782,4.612827999999993,0.0,4.612827999999993,0.2205657958984375
4.61180853843689,4.611854000000008,0.0,4.611854000000008,0.2205657958984375
4.6090686321258545,4.6091149999999885,0.0,4.6091149999999885,0.2205657958984375
4.772002458572388,4.7720410000000015,0.0,4.7720410000000015,0.2205657958984375
4.6114397048950195,4.611484000000004,0.0,4.611484000000004,0.2205657958984375
4.611822605133057,4.611846000000014,0.0,4.611846000000014,0.2205657958984375
4.612547397613525,4.6125929999999755,0.0,4.6125929999999755,0.2205657958984375
4.612180948257446,4.61222699999999,0.0,4.61222699999999,0.2205657958984375
