walltime(s),cputime(s),systime(s),usertime(s),memory(GB)
310.1720826625824,310.170407,5.404733,304.765674,3.8932723999023438
311.8349187374115,311.834411,4.843886000000001,306.990525,3.908050537109375
310.2623858451843,310.262759,4.667976999999999,305.594782,3.908050537109375
309.7294371128082,309.728328,4.507956000000002,305.220372,3.908050537109375
309.5561623573303,309.55495399999984,4.563936999999999,304.99101699999983,3.908050537109375
309.5251591205597,309.523852,4.551988999999999,304.971863,3.908050537109375
321.9264714717865,321.924431,4.875987000000002,317.048444,3.908050537109375
317.85348868370056,317.8488209999999,4.671939999999999,313.17688099999987,3.908050537109375
309.5250654220581,309.52525700000007,4.516014999999996,305.0092420000001,3.908050537109375
308.24610686302185,308.2468019999999,4.508004,303.73879799999986,3.908050537109375
308.1813495159149,308.18223200000006,4.420000000000002,303.76223200000004,3.908050537109375
