walltime(s),cputime(s),systime(s),usertime(s),memory(GB)
139.2910611629486,139.293473,2.065887,137.227586,2.230510711669922
139.803213596344,139.805277,2.4841320000000002,137.321145,2.230510711669922
139.5338215827942,139.53604400000003,2.028015999999999,137.50802800000002,2.230510711669922
135.92097926139832,135.922284,1.6279709999999996,134.294313,2.230510711669922
130.92730259895325,130.928182,1.2759350000000005,129.652247,2.230510711669922
130.98952674865723,130.99046499999997,1.1279759999999985,129.86248899999998,2.230510711669922
130.88692617416382,130.88777599999997,1.2519609999999997,129.63581499999998,2.230510711669922
128.311758518219,128.3127290000001,1.103974000000001,127.20875500000011,2.230510711669922
126.67922067642212,126.680132,1.0239720000000005,125.65616,2.230510711669922
126.1943531036377,126.19528200000012,1.0559670000000008,125.13931500000012,2.230510711669922
126.20963597297668,126.21004899999993,1.120006,125.09004299999992,2.230510711669922
126.23342633247375,126.23445599999988,1.0600109999999994,125.17444499999988,2.230510711669922
126.22550344467163,126.22651299999981,1.131971,125.09454199999982,2.230510711669922
127.80355715751648,127.80446600000008,1.0359910000000028,126.76847500000008,2.230510711669922
129.07543540000916,129.0763469999998,1.239996999999999,127.83634999999981,2.230510711669922
128.63902616500854,128.64002300000016,1.1119909999999997,127.52803200000017,2.230510711669922
125.17672371864319,125.17772299999989,1.0560089999999995,124.12171399999988,2.230510711669922
125.06079339981079,125.06169599999986,1.0560089999999995,124.00568699999985,2.230510711669922
120.67093634605408,120.67154800000009,1.0999899999999982,119.5715580000001,2.230510711669922
119.0115327835083,119.01255100000013,1.100002,117.91254900000013,2.230510711669922
118.61222910881042,118.61326699999991,1.1320099999999975,117.48125699999991,2.230510711669922
118.48755621910095,118.48855799999961,0.9879989999999985,117.50055899999961,2.230510711669922
131.02846145629883,131.02982000000003,1.1639729999999986,129.86584700000003,2.230510711669922
136.99178457260132,136.99444000000014,1.1320179999999986,135.86242200000015,2.230510711669922
137.07523703575134,137.07778199999962,1.1960130000000007,135.88176899999962,2.230510711669922
136.92122316360474,136.92385999999985,1.0920319999999961,135.83182799999986,2.230510711669922
137.0592041015625,136.97157600000023,1.1439499999999967,135.82762600000024,2.230510711669922
