walltime(s),cputime(s),systime(s),usertime(s),memory(GB)
0.16778826713562012,0.16777200000000025,0.0,0.16777200000000025,0.19488525390625
0.16580533981323242,0.16578600000000066,0.0,0.16578600000000066,0.19488525390625
0.15704607963562012,0.15703699999999987,0.0,0.15703699999999987,0.19488525390625
0.15631484985351562,0.15630699999999997,0.0,0.15630699999999997,0.19488525390625
0.16264986991882324,0.16264199999999995,0.0,0.16264199999999995,0.19488525390625
0.15975236892700195,0.15974300000000063,0.0,0.15974300000000063,0.19488525390625
0.1608426570892334,0.16082100000000032,0.0,0.16082100000000032,0.19488525390625
0.16123437881469727,0.1612239999999998,0.0,0.1612239999999998,0.19488525390625
0.1607074737548828,0.160698,0.0,0.160698,0.19488525390625
0.15686511993408203,0.15685599999999944,0.0,0.15685599999999944,0.19488525390625
0.16742181777954102,0.1674129999999998,0.0,0.1674129999999998,0.19488525390625
0.15858125686645508,0.1585650000000003,0.0,0.1585650000000003,0.19488525390625
0.1625499725341797,0.16254100000000005,0.0,0.16254100000000005,0.19488525390625
0.1612071990966797,0.16118699999999997,0.0,0.16118699999999997,0.19488525390625
0.1560044288635254,0.15599600000000002,0.0,0.15599600000000002,0.19488525390625
0.15629243850708008,0.15628499999999956,0.0,0.15628499999999956,0.19488525390625
0.15588879585266113,0.1558729999999997,0.0,0.1558729999999997,0.19488525390625
0.16011643409729004,0.16010799999999925,0.0,0.16010799999999925,0.19488525390625
0.16301202774047852,0.1630029999999998,0.0,0.1630029999999998,0.19488525390625
0.1611499786376953,0.16114099999999976,0.0,0.16114099999999976,0.19488525390625
0.1607377529144287,0.16072799999999976,0.0,0.16072799999999976,0.19488525390625
0.16109633445739746,0.16108600000000095,0.0,0.16108600000000095,0.19488525390625
0.16130971908569336,0.16129899999999964,0.0,0.16129899999999964,0.19488525390625
0.16069841384887695,0.16068899999999964,0.0,0.16068899999999964,0.19488525390625
0.16087722778320312,0.1608660000000004,0.0,0.1608660000000004,0.19488525390625
0.16093087196350098,0.1609210000000001,0.0,0.1609210000000001,0.19488525390625
0.16373848915100098,0.163729,0.0,0.163729,0.19488525390625
0.1626582145690918,0.1626480000000008,0.0,0.1626480000000008,0.19488525390625
0.16294384002685547,0.16293199999999963,0.0,0.16293199999999963,0.19488525390625
0.16360878944396973,0.1635989999999996,0.0,0.1635989999999996,0.19488525390625
