walltime(s),cputime(s),systime(s),usertime(s),memory(GB)
0.39846062660217285,0.3984449999999997,0.0,0.3984449999999997,0.195953369140625
0.3952219486236572,0.39519599999999944,0.0,0.39519599999999944,0.195953369140625
0.394503116607666,0.39448599999999967,0.0,0.39448599999999967,0.195953369140625
0.3957557678222656,0.3957379999999997,0.0,0.3957379999999997,0.195953369140625
0.393779993057251,0.3937489999999997,0.0,0.3937489999999997,0.195953369140625
0.39446020126342773,0.394444,0.0,0.394444,0.195953369140625
0.39376068115234375,0.39373700000000067,0.0,0.39373700000000067,0.195953369140625
0.3943142890930176,0.39429800000000004,0.0,0.39429800000000004,0.195953369140625
0.39310264587402344,0.3930790000000002,0.0,0.3930790000000002,0.195953369140625
0.3929586410522461,0.3929429999999998,0.0,0.3929429999999998,0.195953369140625
0.3985774517059326,0.3985510000000012,0.0,0.3985510000000012,0.195953369140625
0.39507174491882324,0.3950559999999985,0.0,0.3950559999999985,0.195953369140625
0.3933217525482178,0.39330599999999905,0.0,0.39330599999999905,0.195953369140625
0.399946928024292,0.3999290000000002,0.0,0.3999290000000002,0.195953369140625
0.3921194076538086,0.39210400000000156,0.0,0.39210400000000156,0.195953369140625
0.4011240005493164,0.40110899999999994,0.0,0.40110899999999994,0.195953369140625
0.3976919651031494,0.39767300000000105,0.0,0.39767300000000105,0.195953369140625
0.3932778835296631,0.393262,0.0,0.393262,0.195953369140625
0.39673519134521484,0.3967039999999997,0.0,0.3967039999999997,0.195953369140625
0.3929736614227295,0.39295100000000005,0.0,0.39295100000000005,0.195953369140625
0.39525890350341797,0.39524199999999965,0.0,0.39524199999999965,0.195953369140625
0.3915064334869385,0.39149100000000026,0.0,0.39149100000000026,0.195953369140625
0.39715075492858887,0.3971260000000001,0.0,0.3971260000000001,0.195953369140625
0.39211559295654297,0.39209900000000175,0.0,0.39209900000000175,0.195953369140625
0.4007120132446289,0.4006880000000006,0.0,0.4006880000000006,0.195953369140625
0.3968632221221924,0.3968469999999993,0.0,0.3968469999999993,0.195953369140625
0.41133809089660645,0.4113220000000002,0.0,0.4113220000000002,0.195953369140625
0.3950991630554199,0.39508299999999785,0.0,0.39508299999999785,0.195953369140625
0.3946835994720459,0.39465200000000067,0.0,0.39465200000000067,0.195953369140625
0.39476966857910156,0.3947529999999979,0.0,0.3947529999999979,0.195953369140625
