walltime(s),cputime(s),systime(s),usertime(s),memory(GB)
269.43440103530884,269.434417,4.535567,264.89885,3.2421951293945312
272.2622742652893,272.262956,4.17195,268.091006,3.242626190185547
270.1816523075104,270.18219899999997,4.024093000000001,266.158106,3.242626190185547
257.6441650390625,257.64521000000013,3.847990000000001,253.79722000000015,3.242626190185547
262.60793232917786,262.60871199999997,2.9959950000000006,259.612717,3.242626190185547
260.6631004810333,260.66166900000013,2.7840169999999986,257.8776520000001,3.242626190185547
257.1683647632599,257.16717199999994,2.94398,254.22319199999993,3.242626190185547
262.26995849609375,262.26770899999997,3.0599349999999994,259.207774,3.242626190185547
263.26831793785095,263.265718,3.1319680000000005,260.13374999999996,3.242626190185547
261.5302805900574,261.50792700000005,3.1479460000000046,258.35998100000006,3.242626190185547
260.2833209037781,260.155206,2.975990000000003,257.179216,3.242626190185547
256.2756872177124,256.2767919999997,2.896010000000004,253.38078199999973,3.242626190185547
256.2029209136963,256.20286500000014,3.0679659999999984,253.13489900000013,3.242626190185547
