walltime(s),cputime(s),systime(s),usertime(s),memory(GB)
6.891911029815674,6.8918420000000005,0.027744999999999964,6.864097,0.23363113403320312
6.724099636077881,6.7240839999999995,0.0,6.7240839999999995,0.23427200317382812
7.00748085975647,7.007454000000003,0.0,7.007454000000003,0.23427200317382812
7.038563966751099,7.038602999999998,0.0,7.038602999999998,0.23427200317382812
6.9192728996276855,6.919285000000002,0.0,6.919285000000002,0.23427200317382812
6.935928106307983,6.9359600000000015,0.0,6.9359600000000015,0.23427200317382812
6.784220933914185,6.7841999999999985,0.0,6.7841999999999985,0.23427200317382812
6.964986085891724,6.9649769999999975,0.0,6.9649769999999975,0.23427200317382812
7.119013071060181,7.119027000000003,0.0,7.119027000000003,0.23427200317382812
6.966813802719116,6.966790000000003,0.0,6.966790000000003,0.23427200317382812
7.011002779006958,7.010990000000007,0.0,7.010990000000007,0.23427200317382812
7.136213064193726,7.136196999999996,0.0,7.136196999999996,0.23427200317382812
6.972732782363892,6.972728000000004,0.0,6.972728000000004,0.23427200317382812
7.066275119781494,7.066285000000008,0.0,7.066285000000008,0.23427200317382812
6.983695983886719,6.983684999999994,0.0,6.983684999999994,0.23427200317382812
6.830066204071045,6.830044999999998,0.0,6.830044999999998,0.23427200317382812
6.693406820297241,6.693452000000008,0.0,6.693452000000008,0.23427200317382812
6.674655199050903,6.674626999999987,0.0,6.674626999999987,0.23427200317382812
6.82588005065918,6.8258849999999995,0.0,6.8258849999999995,0.23427200317382812
6.856320381164551,6.856238999999988,0.0,6.856238999999988,0.23427200317382812
6.779747247695923,6.77976799999999,0.0,6.77976799999999,0.23427200317382812
7.1096460819244385,7.109648000000021,0.0,7.109648000000021,0.23427200317382812
7.043736934661865,7.0437510000000145,0.0,7.0437510000000145,0.23427200317382812
6.950465440750122,6.950479999999999,0.0,6.950479999999999,0.23427200317382812
6.995845079421997,6.995841999999982,0.0,6.995841999999982,0.23427200317382812
7.020440340042114,7.020443999999998,0.0,7.020443999999998,0.23427200317382812
6.839671611785889,6.839693000000011,0.0,6.839693000000011,0.23427200317382812
6.720743417739868,6.720722000000023,0.0,6.720722000000023,0.23427200317382812
6.737501382827759,6.7375279999999975,0.0,6.7375279999999975,0.23427200317382812
6.809080123901367,6.809118000000012,0.0,6.809118000000012,0.23427200317382812
