walltime(s),cputime(s),systime(s),usertime(s),memory(GB)
0.33133959770202637,0.331213,0.0,0.331213,0.19530105590820312
0.30577564239501953,0.30550699999999953,0.0,0.30550699999999953,0.19530105590820312
0.30564165115356445,0.30562999999999985,0.0,0.30562999999999985,0.19530105590820312
0.3072092533111572,0.3071710000000003,0.0,0.3071710000000003,0.19530105590820312
0.30796098709106445,0.3079369999999999,0.0,0.3079369999999999,0.19530105590820312
0.307797908782959,0.30777500000000035,0.0,0.30777500000000035,0.19530105590820312
0.30756616592407227,0.3075549999999998,0.0,0.3075549999999998,0.19530105590820312
0.3084840774536133,0.3084579999999999,0.0,0.3084579999999999,0.19530105590820312
0.3107035160064697,0.31068099999999976,0.0,0.31068099999999976,0.19530105590820312
0.30872654914855957,0.308713,0.0,0.308713,0.19530105590820312
0.3068399429321289,0.3068270000000002,0.0,0.3068270000000002,0.19530105590820312
0.30727672576904297,0.3072650000000001,0.0,0.3072650000000001,0.19530105590820312
0.3070254325866699,0.30701299999999954,0.0,0.30701299999999954,0.19530105590820312
0.30686020851135254,0.3068479999999987,0.0,0.3068479999999987,0.19530105590820312
0.3074033260345459,0.30739100000000086,0.0,0.30739100000000086,0.19530105590820312
0.30721569061279297,0.3072030000000012,0.0,0.3072030000000012,0.19530105590820312
0.3109731674194336,0.3109599999999997,0.0,0.3109599999999997,0.19530105590820312
0.3121488094329834,0.31213400000000036,0.0,0.31213400000000036,0.19530105590820312
0.31226229667663574,0.3122480000000003,0.0,0.3122480000000003,0.19530105590820312
0.3110921382904053,0.3110780000000002,0.0,0.3110780000000002,0.19530105590820312
0.31093668937683105,0.3109230000000007,0.0,0.3109230000000007,0.19530105590820312
0.31243181228637695,0.3124179999999992,0.0,0.3124179999999992,0.19530105590820312
0.312652587890625,0.31264000000000003,0.0,0.31264000000000003,0.19530105590820312
0.3117496967315674,0.31173800000000007,0.0,0.31173800000000007,0.19530105590820312
0.3098564147949219,0.309844,0.0,0.309844,0.19530105590820312
0.3091912269592285,0.3091790000000003,0.0,0.3091790000000003,0.19530105590820312
0.309112548828125,0.3090989999999998,0.0,0.3090989999999998,0.19530105590820312
0.314178466796875,0.3141549999999995,0.0,0.3141549999999995,0.19530105590820312
0.30928492546081543,0.309273000000001,0.0,0.309273000000001,0.19530105590820312
0.3075900077819824,0.30757600000000096,0.0,0.30757600000000096,0.19530105590820312
