walltime(s),cputime(s),systime(s),usertime(s),memory(GB)
1.0946285724639893,1.0946399999999996,0.015722999999999987,1.0789169999999997,0.20458984375
1.0744144916534424,1.0744179999999997,0.0037610000000000143,1.0706569999999997,0.20473480224609375
1.0840017795562744,1.0839949999999998,0.0,1.0839949999999998,0.20473480224609375
1.0770354270935059,1.0770429999999998,0.0,1.0770429999999998,0.20473480224609375
1.0644035339355469,1.0643480000000014,0.003630000000000022,1.0607180000000014,0.20473480224609375
1.0631134510040283,1.0631109999999993,0.0,1.0631109999999993,0.20473480224609375
1.0718863010406494,1.0718899999999998,0.0,1.0718899999999998,0.20473480224609375
1.069201946258545,1.0692120000000003,0.0,1.0692120000000003,0.20473480224609375
1.0635099411010742,1.0635200000000005,0.0,1.0635200000000005,0.20473480224609375
1.0652658939361572,1.0651879999999991,0.0,1.0651879999999991,0.20473480224609375
1.0636346340179443,1.0636419999999998,0.0,1.0636419999999998,0.20473480224609375
1.0691182613372803,1.0691279999999992,0.0,1.0691279999999992,0.20473480224609375
1.0650551319122314,1.065051999999998,0.0,1.065051999999998,0.20473480224609375
1.0927767753601074,1.0927019999999992,0.0,1.0927019999999992,0.20473480224609375
1.08870530128479,1.0887239999999991,0.0,1.0887239999999991,0.20473480224609375
1.0876150131225586,1.0876319999999993,0.0,1.0876319999999993,0.20473480224609375
1.0684270858764648,1.0684329999999989,0.0,1.0684329999999989,0.20473480224609375
1.064849615097046,1.0648599999999995,0.0,1.0648599999999995,0.20473480224609375
1.0643537044525146,1.0643720000000023,0.0,1.0643720000000023,0.20473480224609375
1.0752320289611816,1.075164000000001,0.0,1.075164000000001,0.20473480224609375
1.0645899772644043,1.0646090000000008,0.0,1.0646090000000008,0.20473480224609375
1.0763709545135498,1.0752819999999979,0.0,1.0752819999999979,0.20473480224609375
1.0758352279663086,1.075844,0.0,1.075844,0.20473480224609375
1.0662896633148193,1.0662149999999997,0.0,1.0662149999999997,0.20473480224609375
1.064922571182251,1.064933,0.0,1.064933,0.20473480224609375
1.0639359951019287,1.063955,0.0,1.063955,0.20473480224609375
1.0650923252105713,1.0651109999999946,0.0,1.0651109999999946,0.20473480224609375
1.0801289081573486,1.0801390000000026,0.0,1.0801390000000026,0.20473480224609375
1.079514980316162,1.079533000000005,0.0,1.079533000000005,0.20473480224609375
1.077120065689087,1.0771390000000025,0.0,1.0771390000000025,0.20473480224609375
