walltime(s),cputime(s),systime(s),usertime(s),memory(GB)
1.0122551918029785,1.0122349999999998,0.003919000000000006,1.0083159999999998,0.201629638671875
0.9165582656860352,0.9165190000000001,0.0,0.9165190000000001,0.201629638671875
0.9297192096710205,0.9296829999999998,0.0,0.9296829999999998,0.201629638671875
0.9181063175201416,0.918088,0.0,0.918088,0.201629638671875
0.9170658588409424,0.9170330000000009,0.0,0.9170330000000009,0.201629638671875
0.9105584621429443,0.9105340000000002,0.0,0.9105340000000002,0.201629638671875
0.9184608459472656,0.9184400000000004,0.0,0.9184400000000004,0.201629638671875
0.9230258464813232,0.9230040000000006,0.0,0.9230040000000006,0.201629638671875
0.9180290699005127,0.918018,0.0,0.918018,0.201629638671875
0.9186301231384277,0.9186080000000008,0.0,0.9186080000000008,0.201629638671875
0.9114537239074707,0.9114439999999995,0.0,0.9114439999999995,0.20186996459960938
0.9364144802093506,0.936401,0.0,0.936401,0.20186996459960938
0.9169003963470459,0.9168780000000005,0.0,0.9168780000000005,0.20186996459960938
0.9138216972351074,0.9137919999999973,0.0,0.9137919999999973,0.20186996459960938
0.9171738624572754,0.9171639999999996,0.0,0.9171639999999996,0.20186996459960938
0.9089822769165039,0.9089710000000011,0.0,0.9089710000000011,0.20186996459960938
0.9216337203979492,0.9216239999999978,0.0,0.9216239999999978,0.20186996459960938
0.9178857803344727,0.917864999999999,0.0,0.917864999999999,0.20186996459960938
0.9152517318725586,0.9152410000000017,0.0,0.9152410000000017,0.20186996459960938
0.9194347858428955,0.9194229999999983,0.0,0.9194229999999983,0.20186996459960938
0.9169950485229492,0.9169730000000023,0.0,0.9169730000000023,0.20186996459960938
0.9210371971130371,0.9210029999999989,0.0,0.9210029999999989,0.20186996459960938
0.9049241542816162,0.9048939999999988,0.0,0.9048939999999988,0.20186996459960938
0.9183511734008789,0.9183319999999995,0.0,0.9183319999999995,0.20186996459960938
0.9019083976745605,0.9018989999999967,0.0,0.9018989999999967,0.20186996459960938
0.8994655609130859,0.899442999999998,0.0,0.899442999999998,0.20186996459960938
0.9127199649810791,0.9127089999999995,0.0,0.9127089999999995,0.20186996459960938
0.8961536884307861,0.8961240000000004,0.0,0.8961240000000004,0.20186996459960938
0.8972139358520508,0.8972030000000011,0.0,0.8972030000000011,0.20186996459960938
0.8923099040985107,0.8922910000000002,0.0,0.8922910000000002,0.20186996459960938
