walltime(s),cputime(s),systime(s),usertime(s),memory(GB)
184.16847968101501,184.168045,2.5215870000000002,181.646458,2.420612335205078
183.20435762405396,183.20452299999997,1.5360939999999998,181.66842899999997,2.420612335205078
182.87939047813416,182.87976400000005,1.1840399999999995,181.69572400000004,2.420612335205078
183.14682745933533,183.14706299999997,1.2679970000000003,181.87906599999997,2.420612335205078
182.00190901756287,182.00223599999998,1.0520360000000002,180.9502,2.420612335205078
182.42416524887085,182.42457799999988,1.0359830000000008,181.3885949999999,2.420612335205078
182.44705629348755,182.44758300000004,1.2320010000000003,181.21558200000004,2.420612335205078
182.8550136089325,182.85547200000013,1.1559969999999993,181.69947500000012,2.420612335205078
182.51369524002075,182.514063,1.1000180000000004,181.414045,2.420612335205078
182.88241481781006,182.88284600000006,0.9920200000000001,181.89082600000006,2.420612335205078
182.50448274612427,182.5049709999999,1.156008,181.3489629999999,2.420612335205078
184.2247669696808,184.15053699999993,1.1239880000000007,183.02654899999993,2.420612335205078
177.87966585159302,177.86007000000018,1.0640300000000007,176.79604000000018,2.420612335205078
177.58875942230225,177.57279099999994,1.0639900000000004,176.50880099999995,2.420612335205078
180.9279749393463,180.92819100000023,1.0920029999999983,179.83618800000022,2.420612335205078
181.54673194885254,181.5469450000002,1.1559929999999987,180.3909520000002,2.420612335205078
181.94885277748108,181.94938100000007,1.0719829999999995,180.87739800000008,2.420612335205078
181.9119484424591,181.91242400000024,1.1840030000000006,180.72842100000025,2.420612335205078
181.86848950386047,181.86899899999986,1.1800069999999998,180.68899199999987,2.420612335205078
