walltime(s),cputime(s),systime(s),usertime(s),memory(GB)
1.0638034343719482,1.06379,0.003900999999999988,1.059889,0.2042388916015625
1.04477858543396,1.0447680000000004,0.0,1.0447680000000004,0.2044830322265625
1.036566972732544,1.0365469999999997,0.0,1.0365469999999997,0.2044830322265625
1.0313749313354492,1.0313540000000003,0.0,1.0313540000000003,0.2044830322265625
1.0550076961517334,1.055002,0.0,1.055002,0.2044830322265625
1.033571481704712,1.0335640000000001,0.0,1.0335640000000001,0.2044830322265625
1.0553514957427979,1.0553420000000013,0.0,1.0553420000000013,0.2044830322265625
1.0327084064483643,1.0327080000000013,0.0,1.0327080000000013,0.2044830322265625
1.0303924083709717,1.0303930000000001,0.0,1.0303930000000001,0.2044830322265625
1.0404889583587646,1.0404809999999998,0.0,1.0404809999999998,0.2044830322265625
1.0386569499969482,1.0386489999999995,0.0,1.0386489999999995,0.2044830322265625
1.0401287078857422,1.0401300000000013,0.0,1.0401300000000013,0.2044830322265625
1.0340888500213623,1.0340890000000016,0.0,1.0340890000000016,0.2044830322265625
1.0339181423187256,1.0339180000000034,0.0,1.0339180000000034,0.2044830322265625
1.0439143180847168,1.0439079999999983,0.0,1.0439079999999983,0.2044830322265625
1.0438485145568848,1.043848999999998,0.0,1.043848999999998,0.2044830322265625
1.048250436782837,1.0482499999999995,0.0,1.0482499999999995,0.2044830322265625
1.0522830486297607,1.0522719999999985,0.0,1.0522719999999985,0.2044830322265625
1.063056230545044,1.063054000000001,0.0,1.063054000000001,0.2044830322265625
1.0457711219787598,1.0457699999999974,0.0,1.0457699999999974,0.2044830322265625
1.0378108024597168,1.0378119999999988,0.0,1.0378119999999988,0.2044830322265625
1.0295567512512207,1.0295489999999994,0.0,1.0295489999999994,0.2044830322265625
1.0411880016326904,1.0411879999999982,0.0,1.0411879999999982,0.2044830322265625
1.041144847869873,1.041124,0.0,1.041124,0.2044830322265625
1.0482587814331055,1.0482429999999994,0.0,1.0482429999999994,0.2044830322265625
1.0503830909729004,1.0503730000000004,0.0,1.0503730000000004,0.2044830322265625
1.0503160953521729,1.0503169999999997,0.0,1.0503169999999997,0.2044830322265625
1.0409643650054932,1.040965,0.0,1.040965,0.2044830322265625
1.0394296646118164,1.0394249999999943,0.0,1.0394249999999943,0.2044830322265625
1.0399208068847656,1.0399219999999971,0.0,1.0399219999999971,0.2044830322265625
