walltime(s),cputime(s),systime(s),usertime(s),memory(GB)
190.82062029838562,190.77951199999998,2.475526,188.30398599999998,2.362285614013672
192.28318238258362,192.25323,1.807957,190.44527300000001,2.362285614013672
194.5168218612671,194.41017399999996,1.6358199999999998,192.77435399999996,2.362285614013672
192.03413224220276,192.00243099999994,1.4119930000000007,190.59043799999995,2.362285614013672
192.33013129234314,192.31331599999996,1.535921,190.77739499999996,2.362285614013672
191.86378717422485,191.82978799999984,1.491968,190.33781999999985,2.362285614013672
192.24043726921082,192.22225500000013,1.51999,190.70226500000012,2.362285614013672
191.91915011405945,191.86076400000016,1.4238719999999994,190.43689200000017,2.362285614013672
191.48425960540771,191.4235440000001,1.4597939999999987,189.96375000000012,2.362285614013672
192.15150928497314,192.09658699999991,1.4001370000000009,190.6964499999999,2.362285614013672
192.25415134429932,192.23051200000003,1.5157869999999996,190.71472500000004,2.362285614013672
192.13194847106934,192.10159199999998,1.5999130000000008,190.50167899999997,2.362285614013672
192.21505546569824,192.15517899999975,1.452134000000001,190.70304499999975,2.362285614013672
192.29089903831482,192.2338179999997,1.4998669999999983,190.7339509999997,2.362285614013672
192.57683897018433,192.5582379999999,1.559904000000003,190.9983339999999,2.362285614013672
192.33870649337769,192.30156199999985,1.427902999999997,190.87365899999986,2.362285614013672
192.4668321609497,192.42894600000014,1.6079400000000028,190.82100600000012,2.362285614013672
192.66824674606323,192.64453000000003,1.6239589999999993,191.02057100000002,2.362285614013672
