walltime(s),cputime(s),systime(s),usertime(s),memory(GB)
323.093544960022,323.098065,4.326013,318.77205200000003,3.9263343811035156
