walltime(s),cputime(s),systime(s),usertime(s),memory(GB)
132.11153960227966,132.11139200000002,1.655142,130.45625,1.6642837524414062
134.1328582763672,134.13307999999998,0.999949,133.133131,1.6652755737304688
134.90630221366882,134.899234,0.9879709999999999,133.91126300000002,1.6652755737304688
134.7788269519806,134.77902299999997,0.7599620000000002,134.01906099999997,1.6727027893066406
134.3813714981079,134.37394700000004,0.7880069999999995,133.58594000000005,1.6727027893066406
134.23699688911438,134.23717900000003,0.8480030000000003,133.38917600000002,1.6727027893066406
134.17387914657593,134.173794,0.7760079999999991,133.397786,1.6727027893066406
134.77637195587158,134.7552949999999,0.936141000000001,133.8191539999999,1.6727027893066406
134.49508213996887,134.48695899999996,0.7279839999999993,133.75897499999996,1.6727027893066406
134.47049045562744,134.4706509999998,0.8119870000000002,133.65866399999982,1.6727027893066406
133.8539183139801,133.85415299999997,0.759981999999999,133.09417099999996,1.6727027893066406
134.63055276870728,134.63066100000012,0.8599890000000006,133.7706720000001,1.6727027893066406
134.27904176712036,134.27866599999993,0.7240129999999994,133.55465299999992,1.6727027893066406
134.25199937820435,134.24948600000013,0.7199589999999993,133.52952700000014,1.6727027893066406
135.0104820728302,135.00282900000005,0.7919370000000008,134.21089200000006,1.6727027893066406
134.41873478889465,134.41791400000017,0.7679849999999995,133.64992900000016,1.6727027893066406
134.5051624774933,134.48641899999987,0.7680669999999985,133.71835199999987,1.6727027893066406
134.51012921333313,134.5102520000001,0.7879769999999997,133.72227500000008,1.6727027893066406
134.0363667011261,134.03659199999987,0.8480030000000021,133.18858899999987,1.6727027893066406
134.35861039161682,134.3588249999998,0.6839939999999984,133.6748309999998,1.6727027893066406
134.49138522148132,134.49136700000022,0.8479890000000019,133.6433780000002,1.6727027893066406
133.961576461792,133.95984099999973,0.7879949999999987,133.17184599999973,1.6727027893066406
134.3836522102356,134.34516100000016,0.816002000000001,133.52915900000016,1.6727027893066406
134.53538584709167,134.44833399999982,0.8279499999999977,133.62038399999983,1.6727027893066406
134.44106769561768,134.3649719999998,0.9560320000000004,133.4089399999998,1.6727027893066406
134.21042442321777,134.210602,0.8999919999999975,133.31061,1.6727027893066406
