walltime(s),cputime(s),systime(s),usertime(s),memory(GB)
160.269433259964,160.266131,2.267765,157.998366,2.4112701416015625
161.4387502670288,161.43533400000004,1.455947,159.97938700000003,2.4113807678222656
161.03815388679504,161.02134599999997,1.2079780000000007,159.81336799999997,2.4113807678222656
161.8958466053009,161.88566300000002,1.2439400000000003,160.641723,2.4113807678222656
157.07539415359497,157.072011,1.143968,155.928043,2.4113807678222656
156.46036410331726,156.45713100000003,1.079981,155.37715000000003,2.4113807678222656
161.91741037368774,161.9128159999999,1.1759769999999996,160.73683899999992,2.4113807678222656
162.37510108947754,162.37052699999998,1.2439910000000012,161.126536,2.4113807678222656
163.61025071144104,163.59604900000005,1.1520419999999998,162.44400700000006,2.4113807678222656
162.5149586200714,162.51144499999995,1.2199989999999996,161.29144599999995,2.4113807678222656
160.88395285606384,160.87996600000005,1.2039690000000007,159.67599700000005,2.4113807678222656
163.84807062149048,163.78387399999986,1.2679679999999998,162.51590599999986,2.4113807678222656
163.1185052394867,163.11410300000017,1.1799539999999986,161.93414900000016,2.4113807678222656
162.82653641700745,162.82249400000038,1.299989,161.52250500000036,2.4113807678222656
163.82124280929565,163.81683099999978,1.2279429999999998,162.58888799999977,2.4113807678222656
161.10027241706848,161.0957599999999,1.2479669999999992,159.8477929999999,2.4113807678222656
158.34414792060852,158.3403169999998,1.175972999999999,157.1643439999998,2.4113807678222656
162.78351545333862,162.759067,1.1879620000000024,161.571105,2.4113807678222656
162.61068058013916,162.60683899999995,1.2279919999999969,161.37884699999995,2.4113807678222656
162.70176815986633,162.69810299999995,1.2079869999999993,161.49011599999994,2.4113807678222656
161.52314400672913,161.51929200000032,1.1679649999999988,160.3513270000003,2.4113807678222656
156.60629320144653,156.60288700000004,1.0679629999999989,155.53492400000005,2.4113807678222656
