walltime(s),cputime(s),systime(s),usertime(s),memory(GB)
1.0820560455322266,1.0820320000000003,0.006681999999999966,1.0753500000000003,0.20306777954101562
1.080289363861084,1.0802450000000001,0.0027929999999999344,1.077452,0.20306777954101562
1.1240665912628174,1.124047,0.0,1.124047,0.20306777954101562
1.1093530654907227,1.1093260000000011,0.0,1.1093260000000011,0.20306777954101562
1.1020138263702393,1.101979,0.0,1.101979,0.20320892333984375
1.101466417312622,1.1014199999999992,0.0,1.1014199999999992,0.20320892333984375
1.0687806606292725,1.0687529999999992,0.0,1.0687529999999992,0.20320892333984375
1.1034843921661377,1.103466000000001,0.0,1.103466000000001,0.20320892333984375
1.1108133792877197,1.1107939999999985,0.0,1.1107939999999985,0.20320892333984375
1.1021332740783691,1.1021239999999999,0.0,1.1021239999999999,0.20320892333984375
1.112863302230835,1.112857,0.0,1.112857,0.20320892333984375
1.107731580734253,1.1077109999999983,0.0,1.1077109999999983,0.20320892333984375
1.1171598434448242,1.1171539999999993,0.0,1.1171539999999993,0.20320892333984375
1.1198813915252686,1.1198750000000004,0.0,1.1198750000000004,0.20320892333984375
1.1298775672912598,1.1298710000000014,0.0,1.1298710000000014,0.20320892333984375
1.101133108139038,1.1011099999999985,0.0,1.1011099999999985,0.20320892333984375
1.1066374778747559,1.1066290000000016,0.0,1.1066290000000016,0.20320892333984375
1.0512902736663818,1.051283999999999,0.0,1.051283999999999,0.20320892333984375
1.0081942081451416,1.0081759999999989,0.0,1.0081759999999989,0.20320892333984375
1.0030524730682373,1.0030459999999977,0.0,1.0030459999999977,0.20320892333984375
1.0296101570129395,1.0296040000000026,0.0,1.0296040000000026,0.20320892333984375
1.1311185359954834,1.1311120000000017,0.0,1.1311120000000017,0.20320892333984375
1.1612017154693604,1.1611830000000012,0.0,1.1611830000000012,0.20320892333984375
1.0766992568969727,1.0766920000000013,0.0,1.0766920000000013,0.20320892333984375
1.0359947681427002,1.0359870000000022,0.0,1.0359870000000022,0.20320892333984375
1.0344324111938477,1.0344119999999961,0.0,1.0344119999999961,0.20320892333984375
1.1067280769348145,1.1067229999999952,0.0,1.1067229999999952,0.20320892333984375
1.1244220733642578,1.1244159999999965,0.0,1.1244159999999965,0.20320892333984375
1.1233587265014648,1.1233349999999973,0.0,1.1233349999999973,0.20320892333984375
1.0708825588226318,1.0708640000000003,0.0,1.0708640000000003,0.20320892333984375
