walltime(s),cputime(s),systime(s),usertime(s),memory(GB)
254.45111918449402,254.45102500000002,3.7103590000000004,250.740666,3.3514556884765625
254.16831302642822,254.168268,3.152061,251.016207,3.3514556884765625
254.7730576992035,254.77316099999993,3.016024,251.75713699999994,3.3514556884765625
255.0512387752533,255.051322,3.191991999999999,251.85933,3.3514556884765625
256.13377499580383,256.1333250000001,2.9280800000000013,253.2052450000001,3.3514556884765625
256.0305166244507,256.02080699999993,3.0879629999999985,252.93284399999993,3.3514556884765625
256.1101641654968,256.1100809999999,2.940017000000001,253.1700639999999,3.3514556884765625
255.9059865474701,255.90591800000004,3.1279749999999993,252.77794300000005,3.3514556884765625
255.7496838569641,255.74967699999974,3.144019,252.60565799999972,3.3514556884765625
255.67760229110718,255.67759299999966,2.9800059999999995,252.69758699999966,3.3514556884765625
255.49197936058044,255.49205200000003,2.9999840000000013,252.49206800000002,3.3514556884765625
255.63580751419067,255.6359319999999,2.899991,252.7359409999999,3.3514556884765625
256.31633853912354,256.3163320000001,3.0679919999999967,253.2483400000001,3.3514556884765625
256.41624569892883,256.4161469999998,2.9800030000000035,253.43614399999979,3.3514556884765625
