walltime(s),cputime(s),systime(s),usertime(s),memory(GB)
1.4774181842803955,1.4773949999999991,0.0036760000000000126,1.4737189999999991,0.2036590576171875
1.3739938735961914,1.3739599999999994,0.0,1.3739599999999994,0.2039031982421875
1.3736112117767334,1.3736050000000004,0.0,1.3736050000000004,0.2039031982421875
1.3731906414031982,1.373171000000001,0.0,1.373171000000001,0.2039031982421875
1.3640830516815186,1.3640830000000008,0.0,1.3640830000000008,0.2039031982421875
1.364992380142212,1.3649740000000001,0.0,1.3649740000000001,0.2039031982421875
1.3737921714782715,1.373793000000001,0.0,1.373793000000001,0.2039031982421875
1.3596112728118896,1.3595959999999998,0.0,1.3595959999999998,0.2039031982421875
1.3546764850616455,1.3546630000000022,0.0,1.3546630000000022,0.2039031982421875
1.3916051387786865,1.3916080000000015,0.0,1.3916080000000015,0.2039031982421875
1.35844087600708,1.358422000000001,0.0,1.358422000000001,0.2041473388671875
1.379242181777954,1.3791660000000014,0.0,1.3791660000000014,0.2041473388671875
1.3768811225891113,1.3768829999999994,0.0,1.3768829999999994,0.2041473388671875
1.3603436946868896,1.3603360000000002,0.0,1.3603360000000002,0.2041473388671875
1.3693428039550781,1.369329999999998,0.0,1.369329999999998,0.2041473388671875
1.3586862087249756,1.3586880000000008,0.0,1.3586880000000008,0.2041473388671875
1.3564574718475342,1.3564500000000024,0.0,1.3564500000000024,0.2041473388671875
1.3722240924835205,1.3721999999999994,0.0,1.3721999999999994,0.2041473388671875
1.363966941833496,1.3639620000000008,0.0,1.3639620000000008,0.2041473388671875
1.3627712726593018,1.3627740000000017,0.0,1.3627740000000017,0.2041473388671875
1.386777400970459,1.3867329999999995,0.0,1.3867329999999995,0.2041473388671875
1.4028964042663574,1.4028890000000018,0.0,1.4028890000000018,0.2041473388671875
1.377105712890625,1.377085000000001,0.0,1.377085000000001,0.2041473388671875
1.3745453357696533,1.3745410000000007,0.0,1.3745410000000007,0.2041473388671875
1.3974988460540771,1.3975009999999983,0.0,1.3975009999999983,0.2041473388671875
1.3595268726348877,1.3595210000000009,0.0,1.3595210000000009,0.2041473388671875
1.3662583827972412,1.366258000000002,0.0,1.366258000000002,0.2041473388671875
1.3914873600006104,1.391489,0.0,1.391489,0.2041473388671875
1.3684239387512207,1.3684060000000002,0.0,1.3684060000000002,0.2041473388671875
1.3707385063171387,1.3707410000000024,0.0,1.3707410000000024,0.2041473388671875
