walltime(s),cputime(s),systime(s),usertime(s),memory(GB)
1.8690173625946045,1.8684000000000005,0.023743999999999987,1.8446560000000005,0.21951675415039062
1.8199334144592285,1.8193900000000003,0.0,1.8193900000000003,0.21951675415039062
1.887686014175415,1.8873089999999992,0.0,1.8873089999999992,0.21951675415039062
1.9992399215698242,1.9991320000000012,0.0,1.9991320000000012,0.21973419189453125
2.0034101009368896,2.0032960000000006,0.0,2.0032960000000006,0.2199859619140625
2.025925636291504,2.0257939999999994,0.0,2.0257939999999994,0.2199859619140625
2.0675034523010254,2.0673850000000016,0.0,2.0673850000000016,0.2199859619140625
2.0484886169433594,2.048287000000002,0.0,2.048287000000002,0.2199859619140625
1.99169921875,1.991581,0.0,1.991581,0.2199859619140625
2.0148234367370605,2.014712999999997,0.0,2.014712999999997,0.2199859619140625
1.9937314987182617,1.9935469999999995,0.0,1.9935469999999995,0.2199859619140625
1.9986627101898193,1.998545,0.0,1.998545,0.2199859619140625
2.003013849258423,2.0029129999999995,0.0,2.0029129999999995,0.2199859619140625
1.9967608451843262,1.996652000000001,0.0,1.996652000000001,0.2199859619140625
2.037933349609375,1.9719170000000008,0.01120500000000002,1.960712000000001,0.2199859619140625
1.8528943061828613,1.8522679999999951,0.0,1.8522679999999951,0.2199859619140625
1.8231935501098633,1.8225949999999997,0.0,1.8225949999999997,0.2199859619140625
1.8255116939544678,1.8249899999999997,0.0,1.8249899999999997,0.2199859619140625
1.8246846199035645,1.8240880000000033,0.0,1.8240880000000033,0.2199859619140625
1.8371448516845703,1.8366169999999968,0.0,1.8366169999999968,0.2199859619140625
1.8358595371246338,1.835329999999999,0.0,1.835329999999999,0.2199859619140625
1.836576223373413,1.8360490000000027,0.0,1.8360490000000027,0.2199859619140625
1.8266143798828125,1.8260949999999951,0.0,1.8260949999999951,0.2199859619140625
1.818939447402954,1.818330000000003,0.0,1.818330000000003,0.2199859619140625
1.8223798274993896,1.8218590000000034,0.0,1.8218590000000034,0.2199859619140625
1.8237645626068115,1.8231440000000063,0.0,1.8231440000000063,0.2199859619140625
1.8441460132598877,1.8433720000000022,0.0,1.8433720000000022,0.2199859619140625
1.8359501361846924,1.8354270000000028,0.0,1.8354270000000028,0.2199859619140625
1.8226580619812012,1.8220659999999995,0.0,1.8220659999999995,0.2199859619140625
1.8263840675354004,1.825731999999995,0.0,1.825731999999995,0.2199859619140625
