walltime(s),cputime(s),systime(s),usertime(s),memory(GB)
0.1761491298675537,0.17614000000000019,0.0,0.17614000000000019,0.194732666015625
0.1698305606842041,0.16981800000000025,0.0,0.16981800000000025,0.194732666015625
0.16199398040771484,0.16198400000000035,0.0,0.16198400000000035,0.194732666015625
0.1604142189025879,0.16035999999999984,0.0,0.16035999999999984,0.194732666015625
0.1621103286743164,0.16209900000000044,0.0,0.16209900000000044,0.194732666015625
0.16061782836914062,0.16060799999999986,0.0,0.16060799999999986,0.194732666015625
0.16227269172668457,0.16226300000000027,0.0,0.16226300000000027,0.194732666015625
0.1600041389465332,0.15999300000000005,0.0,0.15999300000000005,0.194732666015625
0.1678762435913086,0.16785599999999956,0.0,0.16785599999999956,0.194732666015625
0.16299176216125488,0.16298000000000012,0.0,0.16298000000000012,0.194732666015625
0.16673898696899414,0.166728,0.0,0.166728,0.194732666015625
0.1600360870361328,0.16002399999999994,0.0,0.16002399999999994,0.194732666015625
0.15977740287780762,0.1597590000000002,0.0,0.1597590000000002,0.194732666015625
0.1614396572113037,0.16141399999999972,0.0,0.16141399999999972,0.194732666015625
0.15968537330627441,0.15967399999999987,0.0,0.15967399999999987,0.194732666015625
0.16007089614868164,0.16006100000000067,0.0,0.16006100000000067,0.194732666015625
0.15986108779907227,0.15984900000000035,0.0,0.15984900000000035,0.194732666015625
0.1742720603942871,0.17426100000000044,0.0,0.17426100000000044,0.194732666015625
0.16070103645324707,0.16068999999999978,0.0,0.16068999999999978,0.194732666015625
0.16300535202026367,0.16299500000000045,0.0,0.16299500000000045,0.194732666015625
0.16420888900756836,0.1641969999999997,0.0,0.1641969999999997,0.194732666015625
0.1639091968536377,0.16389799999999966,0.0,0.16389799999999966,0.194732666015625
0.16382431983947754,0.16381200000000007,0.0,0.16381200000000007,0.194732666015625
0.17176365852355957,0.17175099999999865,0.0,0.17175099999999865,0.194732666015625
0.16344380378723145,0.1634329999999995,0.0,0.1634329999999995,0.194732666015625
0.16549253463745117,0.16548000000000052,0.0,0.16548000000000052,0.194732666015625
0.16397643089294434,0.163964,0.0,0.163964,0.194732666015625
0.16983723640441895,0.16982399999999842,0.0,0.16982399999999842,0.194732666015625
0.1627824306488037,0.16277000000000008,0.0,0.16277000000000008,0.194732666015625
0.16530919075012207,0.16529699999999892,0.0,0.16529699999999892,0.194732666015625
