walltime(s),cputime(s),systime(s),usertime(s),memory(GB)
2.1229546070098877,2.122888,0.011639999999999984,2.1112480000000002,0.21237564086914062
2.0404961109161377,2.040458000000001,0.0,2.040458000000001,0.21255874633789062
2.049694538116455,2.0496530000000006,0.007779999999999954,2.0418730000000007,0.21258544921875
2.0586228370666504,2.0585850000000008,0.0,2.0585850000000008,0.21258544921875
2.017636299133301,2.017607999999999,0.0038810000000000233,2.0137269999999994,0.21258544921875
2.0408272743225098,2.0407770000000003,0.0,2.0407770000000003,0.21258544921875
2.0238473415374756,2.023816999999997,0.0038779999999999926,2.0199389999999973,0.21258544921875
2.0218558311462402,2.021815,7.000000000034756e-06,2.021808,0.21258544921875
2.0173776149749756,2.0173430000000003,0.0,2.0173430000000003,0.21258544921875
2.0213749408721924,2.021336999999999,0.0,2.021336999999999,0.21258544921875
2.0075557231903076,2.0075249999999976,0.0,2.0075249999999976,0.21258544921875
2.0212156772613525,2.0211940000000013,0.0,2.0211940000000013,0.21258544921875
2.0305306911468506,2.0304980000000015,0.0,2.0304980000000015,0.21258544921875
2.0427536964416504,2.042733000000002,0.0,2.042733000000002,0.21258544921875
2.0204973220825195,2.0204840000000033,0.0,2.0204840000000033,0.21258544921875
2.0389490127563477,2.038879999999999,0.0,2.038879999999999,0.21258544921875
2.0374279022216797,2.037396000000001,0.0,2.037396000000001,0.21258544921875
2.030048370361328,2.029995999999997,0.0,2.029995999999997,0.21258544921875
2.0386500358581543,2.038598999999998,0.0,2.038598999999998,0.21258544921875
2.0533535480499268,2.053303999999997,0.0,2.053303999999997,0.21258544921875
2.05031418800354,2.050282000000003,0.0,2.050282000000003,0.21258544921875
2.031079053878784,2.031042999999997,0.0,2.031042999999997,0.21258544921875
2.026834726333618,2.0268060000000006,0.0,2.0268060000000006,0.21258544921875
2.041821241378784,2.0417849999999973,0.0,2.0417849999999973,0.21258544921875
2.0198709964752197,2.0198579999999993,0.0,2.0198579999999993,0.21258544921875
2.0383293628692627,2.0382669999999976,0.0,2.0382669999999976,0.21258544921875
2.0414202213287354,2.04139,0.0,2.04139,0.21258544921875
2.020569324493408,2.020520999999995,0.0,2.020520999999995,0.21258544921875
2.039785385131836,2.039757999999999,0.0,2.039757999999999,0.21258544921875
2.054882764816284,2.054834999999997,0.0,2.054834999999997,0.21258544921875
