walltime(s),cputime(s),systime(s),usertime(s),memory(GB)
0.4218456745147705,0.4218119999999997,0.0035390000000000144,0.4182729999999997,0.192626953125
0.41741013526916504,0.4173910000000003,0.0,0.4173910000000003,0.19287109375
0.4279613494873047,0.4279440000000001,0.0,0.4279440000000001,0.19287109375
0.45899081230163574,0.4589590000000001,0.0,0.4589590000000001,0.19287109375
0.41321825981140137,0.4131910000000003,0.0,0.4131910000000003,0.19287109375
0.4108271598815918,0.41080899999999954,0.0,0.41080899999999954,0.19287109375
0.40822601318359375,0.4081950000000001,0.0,0.4081950000000001,0.19287109375
0.4086771011352539,0.40866000000000025,0.0,0.40866000000000025,0.19287109375
0.41019129753112793,0.41016099999999955,0.0,0.41016099999999955,0.19287109375
0.40876126289367676,0.4087430000000012,0.0,0.4087430000000012,0.19287109375
0.408740758895874,0.40872300000000017,0.0,0.40872300000000017,0.19287109375
0.41872334480285645,0.4187069999999995,0.0,0.4187069999999995,0.19287109375
0.40651535987854004,0.40648700000000026,0.0,0.40648700000000026,0.19287109375
0.4150075912475586,0.4149919999999998,0.0,0.4149919999999998,0.19287109375
0.40442752838134766,0.40441099999999963,0.0,0.40441099999999963,0.19287109375
0.4089992046356201,0.40898099999999893,0.0,0.40898099999999893,0.19287109375
0.40341687202453613,0.4034000000000013,0.0,0.4034000000000013,0.19287109375
0.4047822952270508,0.40476699999999965,0.0,0.40476699999999965,0.19287109375
0.40494322776794434,0.4049250000000004,0.0,0.4049250000000004,0.19287109375
0.4073905944824219,0.40737500000000004,0.0,0.40737500000000004,0.19287109375
0.4051094055175781,0.40509299999999904,0.0,0.40509299999999904,0.19287109375
0.4076416492462158,0.4076170000000001,0.0,0.4076170000000001,0.19287109375
0.40915536880493164,0.40913999999999895,0.0,0.40913999999999895,0.19287109375
0.4970362186431885,0.4969710000000003,0.0,0.4969710000000003,0.19287109375
0.4082000255584717,0.4081840000000003,0.0,0.4081840000000003,0.19287109375
0.4041709899902344,0.40415500000000115,0.0,0.40415500000000115,0.19287109375
0.4029388427734375,0.4029220000000002,0.0,0.4029220000000002,0.19287109375
0.4068112373352051,0.4067949999999989,0.0,0.4067949999999989,0.19287109375
0.4028041362762451,0.4027879999999975,0.0,0.4027879999999975,0.19287109375
0.4024851322174072,0.4024530000000013,0.0,0.4024530000000013,0.19287109375
