walltime(s),cputime(s),systime(s),usertime(s),memory(GB)
0.07977437973022461,0.07974900000000013,0.00036200000000002897,0.0793870000000001,0.19482421875
0.07405281066894531,0.07403899999999997,0.0,0.07403899999999997,0.19482421875
0.07494807243347168,0.07493399999999983,0.0,0.07493399999999983,0.19482421875
0.0766139030456543,0.0766,0.0,0.0766,0.19482421875
0.0759587287902832,0.07594499999999993,0.0,0.07594499999999993,0.19482421875
0.07610654830932617,0.07609200000000005,0.0,0.07609200000000005,0.19482421875
0.07706975936889648,0.07690899999999967,0.0,0.07690899999999967,0.19482421875
0.07707715034484863,0.07706299999999988,0.0,0.07706299999999988,0.19482421875
0.07334446907043457,0.07333000000000034,0.0,0.07333000000000034,0.19482421875
0.07372236251831055,0.07370900000000002,0.0,0.07370900000000002,0.19482421875
0.07315874099731445,0.07314499999999935,0.0,0.07314499999999935,0.19482421875
0.07451319694519043,0.0745009999999997,0.0,0.0745009999999997,0.19482421875
0.0686349868774414,0.0686220000000004,0.0,0.0686220000000004,0.19482421875
0.07529377937316895,0.07528100000000038,0.0,0.07528100000000038,0.19482421875
0.06998729705810547,0.06995499999999932,0.0,0.06995499999999932,0.19482421875
0.06754589080810547,0.06753300000000007,0.0,0.06753300000000007,0.19482421875
0.06730031967163086,0.06728800000000046,0.0,0.06728800000000046,0.19482421875
0.06728649139404297,0.06727499999999953,0.0,0.06727499999999953,0.19482421875
0.06746411323547363,0.06745100000000015,0.0,0.06745100000000015,0.19482421875
0.06828713417053223,0.068276,0.0,0.068276,0.19482421875
0.06694817543029785,0.0669360000000001,0.0,0.0669360000000001,0.19482421875
0.07253026962280273,0.0725169999999995,0.0,0.0725169999999995,0.19482421875
0.06739997863769531,0.06738700000000009,0.0,0.06738700000000009,0.19482421875
0.07885003089904785,0.07882500000000014,0.0,0.07882500000000014,0.19482421875
0.07701873779296875,0.07700299999999949,0.0,0.07700299999999949,0.19482421875
0.0734262466430664,0.07341199999999937,0.0,0.07341199999999937,0.19482421875
0.0747842788696289,0.07477,0.0,0.07477,0.19482421875
0.07525491714477539,0.07524100000000011,0.0,0.07524100000000011,0.19482421875
0.07053208351135254,0.070519,0.0,0.070519,0.19482421875
0.0673360824584961,0.0673240000000001,0.0019070000000000475,0.06541700000000006,0.19482421875
