walltime(s),cputime(s),systime(s),usertime(s),memory(GB)
266.63721346855164,266.565832,4.354024,262.211808,3.3625411987304688
266.6191062927246,266.562027,4.155866,262.406161,3.3625411987304688
267.19624614715576,267.13559100000003,3.991726999999999,263.143864,3.3625411987304688
268.6984088420868,268.6380019999999,4.103847000000002,264.53415499999994,3.3625411987304688
268.73376202583313,268.687052,3.9963060000000006,264.690746,3.3625411987304688
269.1505813598633,269.09927899999997,4.155826999999999,264.943452,3.3625411987304688
268.5354676246643,268.4837850000002,3.987815000000001,264.49597000000017,3.3625411987304688
269.2126588821411,269.17654400000004,4.203945999999995,264.97259800000006,3.3625411987304688
268.63463401794434,268.5896169999998,4.199679000000003,264.3899379999998,3.3625411987304688
268.5222270488739,268.4775400000001,4.0239660000000015,264.4535740000001,3.3625411987304688
268.6695730686188,268.6272190000001,4.084066,264.5431530000001,3.3625411987304688
270.06302785873413,270.0135269999996,4.147778000000002,265.8657489999996,3.3625411987304688
268.4850821495056,268.442518,4.0917439999999985,264.350774,3.3625411987304688
