walltime(s),cputime(s),systime(s),usertime(s),memory(GB)
3.435845375061035,3.435845,0.055513000000000035,3.380332,0.23819732666015625
3.3527188301086426,3.3526240000000005,0.0,3.3526240000000005,0.23844528198242188
3.3437976837158203,3.343786999999999,0.0,3.343786999999999,0.23844528198242188
3.3282437324523926,3.3282289999999985,0.0,3.3282289999999985,0.23844528198242188
3.3268022537231445,3.3268109999999993,0.0,3.3268109999999993,0.23844528198242188
3.346120595932007,3.3461299999999987,0.0,3.3461299999999987,0.23844528198242188
3.324313163757324,3.3243219999999987,0.0,3.3243219999999987,0.23844528198242188
3.3480403423309326,3.3480600000000003,0.0,3.3480600000000003,0.23844528198242188
3.3537092208862305,3.3537120000000016,0.0,3.3537120000000016,0.23844528198242188
3.343912363052368,3.3439210000000017,0.0,3.3439210000000017,0.23844528198242188
3.3442585468292236,3.344266999999995,0.0,3.344266999999995,0.23844528198242188
3.332881212234497,3.3328810000000004,0.0,3.3328810000000004,0.23844528198242188
3.3476412296295166,3.347650999999999,0.0,3.347650999999999,0.23844528198242188
3.3338186740875244,3.333736000000002,0.0,3.333736000000002,0.23844528198242188
3.3235063552856445,3.3235150000000004,0.0,3.3235150000000004,0.23844528198242188
3.3415956497192383,3.341608000000001,0.0,3.341608000000001,0.23844528198242188
3.357551097869873,3.3575799999999987,0.0,3.3575799999999987,0.23844528198242188
3.32080340385437,3.3208310000000054,0.0,3.3208310000000054,0.23844528198242188
3.35099196434021,3.351017000000013,0.0,3.351017000000013,0.23844528198242188
3.3380420207977295,3.3380420000000015,0.0,3.3380420000000015,0.23844528198242188
3.321010112762451,3.3210379999999873,0.0,3.3210379999999873,0.23844528198242188
3.3793811798095703,3.3794070000000005,0.0,3.3794070000000005,0.23844528198242188
3.32724666595459,3.3272740000000027,0.0,3.3272740000000027,0.23844528198242188
3.3214197158813477,3.3214470000000063,0.0,3.3214470000000063,0.23844528198242188
3.3431074619293213,3.343131999999997,0.0,3.343131999999997,0.23844528198242188
3.336979627609253,3.3370049999999907,0.0,3.3370049999999907,0.23844528198242188
3.336536407470703,3.336573999999999,0.0,3.336573999999999,0.23844528198242188
3.3519787788391113,3.3520049999999912,0.0,3.3520049999999912,0.23844528198242188
3.3558919429779053,3.3558999999999912,0.0,3.3558999999999912,0.23844528198242188
3.342137098312378,3.342163999999997,0.0,3.342163999999997,0.23844528198242188
