walltime(s),cputime(s),systime(s),usertime(s),memory(GB)
0.18716812133789062,0.1871360000000002,0.0,0.1871360000000002,0.195465087890625
0.17838048934936523,0.1783589999999995,0.0,0.1783589999999995,0.195465087890625
0.17165255546569824,0.1716129999999998,0.0,0.1716129999999998,0.195465087890625
0.17784929275512695,0.17783900000000052,0.0,0.17783900000000052,0.195465087890625
0.18137192726135254,0.1813520000000004,0.0,0.1813520000000004,0.195465087890625
0.17584776878356934,0.17583799999999972,0.0,0.17583799999999972,0.195465087890625
0.16805386543273926,0.1680419999999998,0.0,0.1680419999999998,0.195465087890625
0.16956400871276855,0.16955399999999976,0.0,0.16955399999999976,0.195465087890625
0.1739978790283203,0.1739879999999996,0.0,0.1739879999999996,0.195465087890625
0.17470240592956543,0.1746780000000001,0.0,0.1746780000000001,0.195465087890625
0.17566156387329102,0.17565099999999934,0.0,0.17565099999999934,0.195465087890625
0.1713721752166748,0.17136200000000024,0.0,0.17136200000000024,0.195465087890625
0.17099428176879883,0.17098299999999966,0.0,0.17098299999999966,0.195465087890625
0.1739809513092041,0.17397099999999988,0.0,0.17397099999999988,0.195465087890625
0.1736617088317871,0.17365200000000058,0.0,0.17365200000000058,0.195465087890625
0.16982340812683105,0.16981299999999955,0.0,0.16981299999999955,0.195465087890625
0.17366623878479004,0.17365599999999937,0.0,0.17365599999999937,0.195465087890625
0.16905713081359863,0.16904700000000084,0.0,0.16904700000000084,0.195465087890625
0.17657089233398438,0.17656000000000027,0.0,0.17656000000000027,0.195465087890625
0.17144513130187988,0.17143399999999964,0.0,0.17143399999999964,0.195465087890625
0.1757197380065918,0.17570900000000123,0.0,0.17570900000000123,0.195465087890625
0.17292022705078125,0.1729099999999999,0.0,0.1729099999999999,0.195465087890625
0.16910719871520996,0.16909700000000072,0.0,0.16909700000000072,0.195465087890625
0.1715984344482422,0.17158799999999985,0.0,0.17158799999999985,0.195465087890625
0.1747274398803711,0.1747160000000001,0.0,0.1747160000000001,0.195465087890625
0.17795872688293457,0.1779489999999999,0.0,0.1779489999999999,0.195465087890625
0.17395448684692383,0.17394399999999877,0.0,0.17394399999999877,0.195465087890625
0.1700761318206787,0.17006600000000027,0.0,0.17006600000000027,0.195465087890625
0.16761517524719238,0.167605,0.0,0.167605,0.195465087890625
0.16783452033996582,0.16782499999999878,0.0,0.16782499999999878,0.195465087890625
