walltime(s),cputime(s),systime(s),usertime(s),memory(GB)
255.71459341049194,255.714432,3.201957,252.512475,3.2578353881835938
254.25566506385803,254.25590199999996,2.4159200000000003,251.83998199999996,3.258617401123047
254.18244624137878,254.18239299999996,2.0399780000000005,252.14241499999997,3.258617401123047
254.7365882396698,254.73651100000006,1.9519499999999992,252.78456100000005,3.258617401123047
253.90682435035706,253.90676799999997,2.0279740000000004,251.87879399999997,3.258617401123047
254.42214560508728,254.42229100000003,1.8759700000000006,252.54632100000003,3.258617401123047
254.95573210716248,254.9556749999999,1.903988,253.0516869999999,3.258617401123047
255.23293161392212,255.23280999999994,1.9600019999999994,253.27280799999994,3.258617401123047
254.87897324562073,254.8788999999999,2.095994000000001,252.7829059999999,3.258617401123047
254.81680393218994,254.8169180000001,1.959970000000002,252.8569480000001,3.258617401123047
254.70113730430603,254.70129999999983,1.9080079999999988,252.79329199999984,3.258617401123047
254.72494864463806,254.72104800000005,2.103999999999999,252.61704800000007,3.258617401123047
255.02520990371704,255.02514699999992,2.139984000000002,252.88516299999992,3.258617401123047
254.99716663360596,254.997227,2.0400090000000013,252.957218,3.258617401123047
