walltime(s),cputime(s),systime(s),usertime(s),memory(GB)
0.07883906364440918,0.07882799999999968,0.0,0.07882799999999968,0.19451904296875
0.07940244674682617,0.07938900000000082,0.0,0.07938900000000082,0.19451904296875
0.07641720771789551,0.07640400000000014,0.0,0.07640400000000014,0.19451904296875
0.0839841365814209,0.08395200000000003,0.0,0.08395200000000003,0.19451904296875
0.07900714874267578,0.07899299999999965,0.0,0.07899299999999965,0.19451904296875
0.07492756843566895,0.07491499999999984,0.0,0.07491499999999984,0.19451904296875
0.0714409351348877,0.07142900000000019,0.0,0.07142900000000019,0.19451904296875
0.07973265647888184,0.07971800000000062,0.0,0.07971800000000062,0.19451904296875
0.07812309265136719,0.07811199999999996,0.0,0.07811199999999996,0.19451904296875
0.07179617881774902,0.07178400000000007,0.0,0.07178400000000007,0.19451904296875
0.07141566276550293,0.0714030000000001,0.0,0.0714030000000001,0.19451904296875
0.07237958908081055,0.07236799999999999,0.0,0.07236799999999999,0.19451904296875
0.07600831985473633,0.07598500000000019,0.0,0.07598500000000019,0.19451904296875
0.07534933090209961,0.07533699999999932,0.0,0.07533699999999932,0.19451904296875
0.07908797264099121,0.0790759999999997,0.0,0.0790759999999997,0.19451904296875
0.07468342781066895,0.07467099999999949,0.0,0.07467099999999949,0.19451904296875
0.07485485076904297,0.07483400000000007,0.0,0.07483400000000007,0.19451904296875
0.07358956336975098,0.0735790000000005,0.0,0.0735790000000005,0.19451904296875
0.07642602920532227,0.07641199999999948,0.0,0.07641199999999948,0.19451904296875
0.08211374282836914,0.0821000000000005,0.0,0.0821000000000005,0.19451904296875
0.08204245567321777,0.08203000000000049,0.0,0.08203000000000049,0.19451904296875
0.07800459861755371,0.07799200000000006,0.0,0.07799200000000006,0.19451904296875
0.07327723503112793,0.073264,0.0,0.073264,0.19451904296875
0.07564568519592285,0.07563300000000073,0.0,0.07563300000000073,0.19451904296875
0.07762432098388672,0.07761099999999921,0.0,0.07761099999999921,0.19451904296875
0.07142090797424316,0.07140900000000006,0.0,0.07140900000000006,0.19451904296875
0.0759744644165039,0.07596199999999964,0.0,0.07596199999999964,0.19451904296875
0.0728292465209961,0.07281699999999969,0.0,0.07281699999999969,0.19451904296875
0.08018851280212402,0.0801759999999998,0.0,0.0801759999999998,0.19451904296875
0.07157683372497559,0.0715640000000004,0.0,0.0715640000000004,0.19451904296875
