walltime(s),cputime(s),systime(s),usertime(s),memory(GB)
358.34088587760925,358.34470100000004,5.961311,352.38339,3.947216033935547
