walltime(s),cputime(s),systime(s),usertime(s),memory(GB)
0.3267230987548828,0.3266910000000001,9.999999999732445e-07,0.32669000000000015,0.19549560546875
0.29564785957336426,0.2956329999999996,0.0,0.2956329999999996,0.19549560546875
0.2992894649505615,0.2992750000000006,0.0,0.2992750000000006,0.19549560546875
0.29512572288513184,0.29509199999999947,0.0,0.29509199999999947,0.19549560546875
0.2987685203552246,0.29875399999999974,0.0,0.29875399999999974,0.19549560546875
0.3033616542816162,0.3033470000000005,0.0,0.3033470000000005,0.19549560546875
0.30254316329956055,0.30250100000000035,0.0,0.30250100000000035,0.19549560546875
0.2984960079193115,0.29844500000000007,0.0,0.29844500000000007,0.19549560546875
0.30060791969299316,0.30059400000000025,0.0,0.30059400000000025,0.19549560546875
0.294736385345459,0.29469999999999974,0.0,0.29469999999999974,0.19549560546875
0.294950008392334,0.294937,0.0,0.294937,0.19549560546875
0.293867826461792,0.2938540000000005,0.0,0.2938540000000005,0.19549560546875
0.29422807693481445,0.29417399999999994,0.0,0.29417399999999994,0.19549560546875
0.2996213436126709,0.2996060000000007,0.0,0.2996060000000007,0.19549560546875
0.29481029510498047,0.2947980000000001,0.0,0.2947980000000001,0.19549560546875
0.29402804374694824,0.2940149999999999,0.0,0.2940149999999999,0.19549560546875
0.3035390377044678,0.30352399999999946,0.0,0.30352399999999946,0.19549560546875
0.3025033473968506,0.30248899999999956,0.0,0.30248899999999956,0.19549560546875
0.2953805923461914,0.29536799999999985,0.0,0.29536799999999985,0.19549560546875
0.2939004898071289,0.29388700000000156,0.0,0.29388700000000156,0.19549560546875
0.29390978813171387,0.29389800000000044,0.0,0.29389800000000044,0.19549560546875
0.30304455757141113,0.30302199999999857,0.0,0.30302199999999857,0.19549560546875
0.29689741134643555,0.29688400000000037,0.0,0.29688400000000037,0.19549560546875
0.30095362663269043,0.30091299999999954,0.0,0.30091299999999954,0.19549560546875
0.29419946670532227,0.2941869999999991,0.0,0.2941869999999991,0.19549560546875
0.30417752265930176,0.3041629999999991,0.0,0.3041629999999991,0.19549560546875
0.3044700622558594,0.3044539999999998,0.0,0.3044539999999998,0.19549560546875
0.3036978244781494,0.30368200000000023,0.0,0.30368200000000023,0.19549560546875
0.30329036712646484,0.3032749999999993,0.0,0.3032749999999993,0.19549560546875
0.30698275566101074,0.30696699999999844,0.0,0.30696699999999844,0.19549560546875
