walltime(s),cputime(s),systime(s),usertime(s),memory(GB)
1.0574285984039307,1.057411,0.0028650000000000064,1.0545460000000002,0.20405960083007812
1.0555615425109863,1.0555500000000002,0.0,1.0555500000000002,0.20407485961914062
1.0550150871276855,1.0550059999999997,0.0,1.0550059999999997,0.20409774780273438
1.076200246810913,1.0761859999999999,0.0,1.0761859999999999,0.20409774780273438
1.080629825592041,1.0806169999999997,0.0016180000000000083,1.0789989999999996,0.20409774780273438
1.0643727779388428,1.0643659999999997,0.0,1.0643659999999997,0.20409774780273438
1.0591957569122314,1.0591810000000006,0.0,1.0591810000000006,0.20409774780273438
1.0756306648254395,1.0756320000000006,0.0,1.0756320000000006,0.20409774780273438
1.0775740146636963,1.0775759999999988,0.0,1.0775759999999988,0.204345703125
1.077054738998413,1.0770540000000004,0.0,1.0770540000000004,0.204345703125
1.0689761638641357,1.0689639999999994,0.0,1.0689639999999994,0.204345703125
1.0761127471923828,1.0761150000000015,0.0,1.0761150000000015,0.204345703125
1.078087568283081,1.0780879999999975,0.0,1.0780879999999975,0.204345703125
1.0842738151550293,1.0842659999999995,0.0,1.0842659999999995,0.204345703125
1.0813939571380615,1.0813939999999995,0.0,1.0813939999999995,0.204345703125
1.074234962463379,1.074228999999999,0.0,1.074228999999999,0.204345703125
1.070650339126587,1.0706510000000016,0.0,1.0706510000000016,0.204345703125
1.0638628005981445,1.0638579999999997,0.0,1.0638579999999997,0.204345703125
1.0574755668640137,1.0574779999999997,0.0,1.0574779999999997,0.204345703125
1.0669677257537842,1.0669690000000003,0.0,1.0669690000000003,0.204345703125
1.0597169399261475,1.059712000000001,0.0,1.059712000000001,0.204345703125
1.063805103302002,1.0638080000000016,0.0,1.0638080000000016,0.204345703125
1.0746521949768066,1.0746530000000014,0.0,1.0746530000000014,0.204345703125
1.0928308963775635,1.0928310000000003,0.0,1.0928310000000003,0.204345703125
1.0725533962249756,1.072544999999998,0.0,1.072544999999998,0.204345703125
1.074439525604248,1.0744420000000012,0.0,1.0744420000000012,0.204345703125
1.0569696426391602,1.0569729999999993,0.0,1.0569729999999993,0.204345703125
1.064859390258789,1.064861999999998,0.0,1.064861999999998,0.204345703125
1.0563340187072754,1.0563280000000006,0.0,1.0563280000000006,0.204345703125
1.0670890808105469,1.0670900000000003,0.0,1.0670900000000003,0.204345703125
