walltime(s),cputime(s),systime(s),usertime(s),memory(GB)
0.25362443923950195,0.25361600000000023,1.8000000000018e-05,0.2535980000000002,0.19324874877929688
0.25156354904174805,0.2515520000000002,0.0,0.2515520000000002,0.19348907470703125
0.2527501583099365,0.25273900000000005,0.0,0.25273900000000005,0.19348907470703125
0.2565915584564209,0.25657900000000033,0.0,0.25657900000000033,0.19348907470703125
0.2515547275543213,0.251544,0.0,0.251544,0.19348907470703125
0.2540712356567383,0.25405299999999986,0.0,0.25405299999999986,0.19348907470703125
0.25561976432800293,0.2556079999999996,0.0,0.2556079999999996,0.19348907470703125
0.2517204284667969,0.25170899999999996,0.0,0.25170899999999996,0.19348907470703125
0.26194167137145996,0.2619310000000006,0.0,0.2619310000000006,0.19348907470703125
0.2554616928100586,0.2554509999999999,0.0,0.2554509999999999,0.19348907470703125
0.2579171657562256,0.25790700000000033,0.0,0.25790700000000033,0.19348907470703125
0.25566530227661133,0.2556530000000006,0.0,0.2556530000000006,0.19348907470703125
0.25306105613708496,0.25305,0.0,0.25305,0.19348907470703125
0.25177574157714844,0.2517660000000008,0.0,0.2517660000000008,0.19348907470703125
0.2498934268951416,0.2498749999999994,0.0,0.2498749999999994,0.19348907470703125
0.2504255771636963,0.2504160000000013,0.0,0.2504160000000013,0.19348907470703125
0.2498321533203125,0.249822,0.0,0.249822,0.19348907470703125
0.2533841133117676,0.25337299999999985,0.0,0.25337299999999985,0.19348907470703125
0.24912309646606445,0.24911300000000125,0.0,0.24911300000000125,0.19348907470703125
0.2510998249053955,0.25108899999999856,0.0,0.25108899999999856,0.19348907470703125
0.24941349029541016,0.24940400000000018,0.0,0.24940400000000018,0.19348907470703125
0.2517845630645752,0.251773,0.0,0.251773,0.19348907470703125
0.2537868022918701,0.25377500000000097,0.0,0.25377500000000097,0.19348907470703125
0.25440001487731934,0.2543900000000008,0.0,0.2543900000000008,0.19348907470703125
0.2550656795501709,0.2550550000000005,0.0,0.2550550000000005,0.19348907470703125
0.25178074836730957,0.2517700000000005,0.0,0.2517700000000005,0.19348907470703125
0.2512495517730713,0.251239,0.0,0.251239,0.19348907470703125
0.25958847999572754,0.25956899999999905,0.0,0.25956899999999905,0.19348907470703125
0.2506411075592041,0.2506319999999995,0.0,0.2506319999999995,0.19348907470703125
0.24860286712646484,0.24859399999999887,0.0,0.24859399999999887,0.19348907470703125
