walltime(s),cputime(s),systime(s),usertime(s),memory(GB)
0.09577417373657227,0.09576200000000012,0.0,0.09576200000000012,0.19451904296875
0.09387540817260742,0.09386099999999997,0.0,0.09386099999999997,0.19451904296875
0.09506106376647949,0.09504599999999996,0.0,0.09504599999999996,0.19451904296875
0.08858799934387207,0.0885429999999996,0.0,0.0885429999999996,0.19451904296875
0.0880589485168457,0.08804700000000043,0.0,0.08804700000000043,0.19451904296875
0.08788633346557617,0.08787500000000037,0.0,0.08787500000000037,0.19451904296875
0.08825206756591797,0.08796099999999996,0.0,0.08796099999999996,0.19451904296875
0.08822154998779297,0.08820900000000087,0.0,0.08820900000000087,0.19451904296875
0.08816170692443848,0.08814899999999959,0.0,0.08814899999999959,0.19451904296875
0.08781266212463379,0.08776299999999981,0.0,0.08776299999999981,0.19451904296875
0.08747172355651855,0.08745799999999981,0.0,0.08745799999999981,0.19451904296875
0.0937051773071289,0.09369300000000003,0.0,0.09369300000000003,0.19451904296875
0.09411025047302246,0.09409799999999979,0.0,0.09409799999999979,0.19451904296875
0.09498381614685059,0.09459000000000017,0.0,0.09459000000000017,0.19451904296875
0.09434318542480469,0.0943309999999995,0.0,0.0943309999999995,0.19451904296875
0.09398579597473145,0.09397199999999994,0.0,0.09397199999999994,0.19451904296875
0.09297919273376465,0.0929310000000001,0.0,0.0929310000000001,0.19451904296875
0.0873258113861084,0.08731400000000011,0.0,0.08731400000000011,0.19451904296875
0.08819270133972168,0.08818099999999962,0.0,0.08818099999999962,0.19451904296875
0.08819580078125,0.08790500000000012,0.0,0.08790500000000012,0.19451904296875
0.08741188049316406,0.0873999999999997,0.0,0.0873999999999997,0.19451904296875
0.08743739128112793,0.08742499999999964,0.0,0.08742499999999964,0.19451904296875
0.09202933311462402,0.0920160000000001,0.0,0.0920160000000001,0.19451904296875
0.09302067756652832,0.09300799999999931,0.0,0.09300799999999931,0.19451904296875
0.0876314640045166,0.08761799999999997,0.0,0.08761799999999997,0.19451904296875
0.0873408317565918,0.08732899999999955,0.0,0.08732899999999955,0.19451904296875
0.08787322044372559,0.08758599999999994,0.0,0.08758599999999994,0.19451904296875
0.09258389472961426,0.09257000000000026,0.0,0.09257000000000026,0.19451904296875
0.09537172317504883,0.09535800000000005,0.0,0.09535800000000005,0.19451904296875
0.09453368186950684,0.09452000000000016,0.0,0.09452000000000016,0.19451904296875
