walltime(s),cputime(s),systime(s),usertime(s),memory(GB)
1.132056713104248,1.13206,0.011907999999999974,1.120152,0.20414352416992188
1.1357097625732422,1.1357210000000002,0.0,1.1357210000000002,0.20418930053710938
1.1236345767974854,1.1236199999999998,0.0,1.1236199999999998,0.20421218872070312
1.1232190132141113,1.123227,0.0,1.123227,0.20421600341796875
1.1227760314941406,1.1227870000000006,0.0,1.1227870000000006,0.20421600341796875
1.1271955966949463,1.1271959999999996,0.0,1.1271959999999996,0.20421600341796875
1.1214077472686768,1.1214279999999999,0.0,1.1214279999999999,0.20421600341796875
1.121225357055664,1.121246000000001,0.0,1.121246000000001,0.20421600341796875
1.1139752864837646,1.1139869999999998,0.0,1.1139869999999998,0.20421600341796875
1.117034673690796,1.1170369999999998,0.0,1.1170369999999998,0.20446395874023438
1.1206398010253906,1.1206610000000001,0.0,1.1206610000000001,0.20446395874023438
1.1139414310455322,1.1139609999999998,0.0,1.1139609999999998,0.20446395874023438
1.1187448501586914,1.1187539999999991,0.0,1.1187539999999991,0.20446395874023438
1.1155877113342285,1.1156070000000007,0.0,1.1156070000000007,0.20446395874023438
1.1115961074829102,1.1116170000000025,0.0,1.1116170000000025,0.20446395874023438
1.128906488418579,1.1289160000000003,0.0,1.1289160000000003,0.20446395874023438
1.1319160461425781,1.1319350000000021,0.0,1.1319350000000021,0.20446395874023438
1.1185200214385986,1.1185410000000005,0.0,1.1185410000000005,0.20446395874023438
1.1120178699493408,1.1120379999999983,0.0,1.1120379999999983,0.20446395874023438
1.1297492980957031,1.1297570000000015,0.0,1.1297570000000015,0.20446395874023438
1.1286823749542236,1.1287030000000016,0.0,1.1287030000000016,0.20446395874023438
1.1137056350708008,1.1137249999999987,0.0,1.1137249999999987,0.20446395874023438
1.111171007156372,1.1111499999999985,0.0,1.1111499999999985,0.20446395874023438
1.1600284576416016,1.1600420000000007,0.0,1.1600420000000007,0.20446395874023438
1.1583881378173828,1.158408999999999,0.0,1.158408999999999,0.20446395874023438
1.121445894241333,1.121465999999998,0.0,1.121465999999998,0.20446395874023438
1.1378681659698486,1.1378759999999986,0.0,1.1378759999999986,0.20446395874023438
1.1180267333984375,1.118037000000001,0.0,1.118037000000001,0.20446395874023438
1.1189625263214111,1.118975000000006,0.0,1.118975000000006,0.20446395874023438
1.1151728630065918,1.1151539999999969,0.0,1.1151539999999969,0.20446395874023438
