walltime(s),cputime(s),systime(s),usertime(s),memory(GB)
0.28700685501098633,0.28698399999999963,0.00016399999999999748,0.28681999999999963,0.19552230834960938
0.27996158599853516,0.2799530000000008,0.0,0.2799530000000008,0.195556640625
0.2676219940185547,0.26761300000000077,0.0,0.26761300000000077,0.195556640625
0.2669703960418701,0.26695199999999986,0.0,0.26695199999999986,0.195556640625
0.26944875717163086,0.2694390000000002,0.0,0.2694390000000002,0.195556640625
0.2678039073944092,0.26779499999999956,0.0,0.26779499999999956,0.195556640625
0.2671027183532715,0.2670949999999994,0.0,0.2670949999999994,0.195556640625
0.2666311264038086,0.26662300000000005,0.0,0.26662300000000005,0.195556640625
0.2672607898712158,0.26725200000000005,0.0,0.26725200000000005,0.195556640625
0.2691066265106201,0.2690969999999995,0.0,0.2690969999999995,0.195556640625
0.26708316802978516,0.26706499999999966,0.0,0.26706499999999966,0.195556640625
0.26972246170043945,0.2697130000000003,0.0,0.2697130000000003,0.195556640625
0.2688319683074951,0.2688240000000004,0.0,0.2688240000000004,0.195556640625
0.2683382034301758,0.268319,0.0,0.268319,0.195556640625
0.27509236335754395,0.27508400000000144,0.0,0.27508400000000144,0.195556640625
0.271456241607666,0.2714470000000002,0.0,0.2714470000000002,0.195556640625
0.26654958724975586,0.26654100000000014,0.0,0.26654100000000014,0.195556640625
0.2686467170715332,0.26863799999999927,0.0,0.26863799999999927,0.195556640625
0.26730775833129883,0.26729800000000026,0.0,0.26729800000000026,0.195556640625
0.2675132751464844,0.2675049999999999,0.0,0.2675049999999999,0.195556640625
0.26801252365112305,0.2680030000000002,0.0,0.2680030000000002,0.195556640625
0.26975417137145996,0.2697459999999996,0.0,0.2697459999999996,0.195556640625
0.2684197425842285,0.26841199999999965,0.0,0.26841199999999965,0.195556640625
0.2669997215270996,0.26697799999999994,0.0,0.26697799999999994,0.195556640625
0.2682657241821289,0.2682570000000002,0.0,0.2682570000000002,0.195556640625
0.2663142681121826,0.2663050000000009,0.0,0.2663050000000009,0.195556640625
0.26711487770080566,0.2671039999999998,0.0,0.2671039999999998,0.195556640625
0.26935482025146484,0.26934600000000053,0.0,0.26934600000000053,0.195556640625
0.26956915855407715,0.26956000000000024,0.0,0.26956000000000024,0.195556640625
0.2673227787017822,0.26731499999999997,0.0,0.26731499999999997,0.195556640625
