walltime(s),cputime(s),systime(s),usertime(s),memory(GB)
3.572801351547241,3.572706,0.017449999999999966,3.555256,0.17958450317382812
3.5221657752990723,3.522095000000001,0.0,3.522095000000001,0.17958450317382812
3.53501033782959,3.5349000000000004,0.0,3.5349000000000004,0.17958450317382812
3.530026912689209,3.5299570000000013,0.0,3.5299570000000013,0.17958450317382812
3.5199742317199707,3.5199120000000015,0.0,3.5199120000000015,0.17958450317382812
3.516402244567871,3.5163270000000004,0.0,3.5163270000000004,0.17958450317382812
3.5203051567077637,3.520230999999999,0.0,3.520230999999999,0.17958450317382812
3.5034403800964355,3.503378999999999,0.0,3.503378999999999,0.17958450317382812
3.496732473373413,3.496691999999996,0.0,3.496691999999996,0.17958450317382812
3.5142905712127686,3.514248000000002,0.0,3.514248000000002,0.17958450317382812
3.4914300441741943,3.491367000000004,0.0,3.491367000000004,0.17958450317382812
3.512864112854004,3.5128150000000034,0.0,3.5128150000000034,0.17958450317382812
3.5421879291534424,3.542124000000001,0.0,3.542124000000001,0.17958450317382812
3.521526336669922,3.5214719999999957,0.0,3.5214719999999957,0.17958450317382812
3.512657880783081,3.512595999999995,0.0,3.512595999999995,0.17958450317382812
3.501187562942505,3.5011440000000036,0.0,3.5011440000000036,0.17958450317382812
3.4964540004730225,3.4963810000000066,0.0,3.4963810000000066,0.17958450317382812
3.5108749866485596,3.5108120000000014,0.0,3.5108120000000014,0.17958450317382812
3.5268003940582275,3.526752000000002,0.0,3.526752000000002,0.17958450317382812
3.499521493911743,3.4994609999999966,0.0,3.4994609999999966,0.17958450317382812
3.5288426876068115,3.5287819999999925,0.0,3.5287819999999925,0.17958450317382812
3.5229780673980713,3.522936999999999,0.0,3.522936999999999,0.17958450317382812
3.5286941528320312,3.5286370000000034,0.0,3.5286370000000034,0.17958450317382812
3.490844249725342,3.4907830000000075,0.0,3.4907830000000075,0.17958450317382812
3.539609670639038,3.539545000000004,0.0,3.539545000000004,0.17958450317382812
3.521354913711548,3.521314999999987,0.0,3.521314999999987,0.17958450317382812
3.5503900051116943,3.550314,0.0,3.550314,0.17958450317382812
3.538050889968872,3.537982999999997,0.0,3.537982999999997,0.17958450317382812
3.5246851444244385,3.5246429999999975,0.0,3.5246429999999975,0.17958450317382812
3.527838945388794,3.527794,0.0,3.527794,0.17958450317382812
