walltime(s),cputime(s),systime(s),usertime(s),memory(GB)
1.1312460899353027,1.131228,0.0038839999999999986,1.127344,0.20281600952148438
1.0268704891204834,1.02686,0.0,1.02686,0.20281600952148438
1.0401222705841064,1.0400900000000002,0.0,1.0400900000000002,0.20281600952148438
1.0293128490447998,1.0293030000000005,0.0,1.0293030000000005,0.20281600952148438
1.0250790119171143,1.0250579999999996,0.0,1.0250579999999996,0.20281600952148438
1.0414807796478271,1.0414769999999987,0.0,1.0414769999999987,0.20281600952148438
1.051368236541748,1.0513560000000002,0.0,1.0513560000000002,0.20281600952148438
1.0343260765075684,1.034319,0.0,1.034319,0.20281600952148438
1.0371544361114502,1.0371550000000003,0.0,1.0371550000000003,0.20281600952148438
1.0266139507293701,1.0265949999999986,0.0,1.0265949999999986,0.20281600952148438
1.044245719909668,1.0442450000000019,0.0,1.0442450000000019,0.20281600952148438
1.0330989360809326,1.033100000000001,0.0,1.033100000000001,0.20281600952148438
1.033940076828003,1.0339390000000002,0.0,1.0339390000000002,0.20281600952148438
1.038224458694458,1.0382010000000008,0.0,1.0382010000000008,0.2030487060546875
1.0256497859954834,1.0256499999999988,0.0,1.0256499999999988,0.2030487060546875
1.036059856414795,1.0360520000000015,0.0,1.0360520000000015,0.2030487060546875
1.0393006801605225,1.0393000000000008,0.0,1.0393000000000008,0.2030487060546875
1.0327107906341553,1.0327009999999994,0.0,1.0327009999999994,0.2030487060546875
1.0378386974334717,1.0378359999999986,0.0,1.0378359999999986,0.2030487060546875
1.034238576889038,1.034238000000002,0.0,1.034238000000002,0.2030487060546875
1.0121095180511475,1.0121010000000012,0.0,1.0121010000000012,0.2030487060546875
1.0266027450561523,1.026603999999999,0.0,1.026603999999999,0.2030487060546875
1.05080246925354,1.0508029999999984,0.0,1.0508029999999984,0.2030487060546875
1.0377576351165771,1.0377580000000002,0.0,1.0377580000000002,0.2030487060546875
1.0372514724731445,1.0372249999999994,0.0,1.0372249999999994,0.2030487060546875
1.041222333908081,1.0412099999999995,0.0,1.0412099999999995,0.2030487060546875
1.0581843852996826,1.0581829999999997,0.0,1.0581829999999997,0.2030487060546875
1.0566835403442383,1.0566850000000017,0.0,1.0566850000000017,0.2030487060546875
1.024566411972046,1.024557999999999,0.0,1.024557999999999,0.2030487060546875
1.096883773803711,1.0968749999999972,0.0,1.0968749999999972,0.2030487060546875
