walltime(s),cputime(s),systime(s),usertime(s),memory(GB)
286.75501441955566,286.74722499999996,4.4823129999999995,282.264912,3.7026138305664062
285.85141491889954,285.84424099999995,3.2360230000000003,282.60821799999997,3.7026138305664062
285.38220047950745,285.3739559999999,3.3559099999999997,282.0180459999999,3.7026138305664062
274.74968552589417,274.728533,3.2799770000000006,271.44855600000005,3.7026138305664062
267.2429540157318,267.234002,3.051893999999999,264.18210799999997,3.7026138305664062
265.17672514915466,265.16803400000003,3.007918,262.160116,3.7026138305664062
268.09820675849915,268.08861600000006,3.1598679999999995,264.92874800000004,3.7026138305664062
282.37118554115295,282.3639779999999,3.135918,279.2280599999999,3.7026138305664062
281.1181712150574,281.1117580000001,3.195909999999998,277.9158480000001,3.7026138305664062
279.9832544326782,279.976628,3.3599120000000013,276.616716,3.7026138305664062
279.7846009731293,279.77766400000013,3.171933000000003,276.6057310000001,3.7026138305664062
274.52996945381165,274.5132340000002,3.163972000000001,271.3492620000002,3.7026138305664062
