walltime(s),cputime(s),systime(s),usertime(s),memory(GB)
0.23614764213562012,0.23614199999999919,0.0,0.23614199999999919,0.1959686279296875
0.23325133323669434,0.23324299999999987,0.0,0.23324299999999987,0.1962127685546875
0.2226734161376953,0.2226550000000005,0.0,0.2226550000000005,0.1962127685546875
0.21656060218811035,0.21655400000000036,0.0,0.21655400000000036,0.1962127685546875
0.21606755256652832,0.21606099999999984,0.0,0.21606099999999984,0.1962127685546875
0.21729707717895508,0.2172900000000002,0.0,0.2172900000000002,0.1962127685546875
0.21612882614135742,0.216113,0.0,0.216113,0.1962127685546875
0.21630024909973145,0.2162929999999994,0.0,0.2162929999999994,0.1962127685546875
0.21640753746032715,0.21639300000000006,0.0,0.21639300000000006,0.1962127685546875
0.21775197982788086,0.21774499999999986,0.0,0.21774499999999986,0.1962127685546875
0.21825695037841797,0.21824400000000033,0.0,0.21824400000000033,0.1962127685546875
0.2160792350769043,0.21607200000000049,0.0,0.21607200000000049,0.1962127685546875
0.21626496315002441,0.21625799999999984,0.0,0.21625799999999984,0.1962127685546875
0.2174224853515625,0.21741600000000005,0.0,0.21741600000000005,0.1962127685546875
0.2162330150604248,0.21622499999999967,0.0,0.21622499999999967,0.1962127685546875
0.21607351303100586,0.21606799999999993,0.0,0.21606799999999993,0.1962127685546875
0.22011256217956543,0.2201070000000005,0.0,0.2201070000000005,0.1962127685546875
0.2192237377166748,0.21921500000000016,0.0,0.21921500000000016,0.1962127685546875
0.21671366691589355,0.21670699999999954,0.0,0.21670699999999954,0.1962127685546875
0.21650242805480957,0.2164950000000001,0.0,0.2164950000000001,0.1962127685546875
0.21638941764831543,0.2163819999999994,0.0,0.2163819999999994,0.1962127685546875
0.21888065338134766,0.21887399999999957,0.0,0.21887399999999957,0.1962127685546875
0.21631646156311035,0.21631,0.0,0.21631,0.1962127685546875
0.21634435653686523,0.216329,0.0,0.216329,0.1962127685546875
0.21591401100158691,0.21590799999999888,0.0,0.21590799999999888,0.1962127685546875
0.21844863891601562,0.2184430000000006,0.0,0.2184430000000006,0.1962127685546875
0.21627497673034668,0.21626799999999946,0.0,0.21626799999999946,0.1962127685546875
0.21611952781677246,0.216113,0.0,0.216113,0.1962127685546875
0.21584796905517578,0.2158420000000003,0.0,0.2158420000000003,0.1962127685546875
0.2175307273864746,0.21752399999999916,0.0,0.21752399999999916,0.1962127685546875
