walltime(s),cputime(s),systime(s),usertime(s),memory(GB)
140.98411464691162,140.982131,1.550635,139.431496,1.7743453979492188
141.71632599830627,141.622633,0.8841159999999999,140.738517,1.7743453979492188
138.3410406112671,138.338586,0.740011,137.59857499999998,1.7743453979492188
136.0838680267334,136.08131199999994,0.840001,135.24131099999994,1.7743453979492188
136.2001087665558,136.198794,0.7200009999999999,135.478793,1.7743453979492188
135.97790455818176,135.97651199999999,0.7479880000000003,135.228524,1.7743453979492188
136.15355324745178,136.1521,0.7119850000000003,135.440115,1.7743453979492188
136.02458143234253,136.02319300000002,0.787973,135.23522000000003,1.7743453979492188
136.03722143173218,136.0357569999999,0.7120060000000006,135.3237509999999,1.7743453979492188
135.94454860687256,135.94310599999991,0.7599900000000002,135.18311599999993,1.7743453979492188
136.11726427078247,136.11587099999997,0.7039799999999996,135.41189099999997,1.7743453979492188
136.06120085716248,136.0597799999999,0.744002,135.3157779999999,1.7743453979492188
136.23550701141357,136.23413000000008,0.6959779999999984,135.53815200000008,1.7743453979492188
136.4677963256836,136.4611709999999,0.7839849999999995,135.6771859999999,1.7743453979492188
139.11562061309814,139.07642400000017,0.8359520000000007,138.24047200000018,1.7743453979492188
135.62788939476013,135.62601200000012,0.695983,134.9300290000001,1.7743453979492188
135.30511736869812,135.30245199999996,0.7919920000000005,134.51045999999997,1.7743453979492188
134.91375041007996,134.91240500000015,0.8239779999999985,134.08842700000014,1.7743453979492188
134.96380281448364,134.96247100000005,0.7359930000000006,134.22647800000004,1.7743453979492188
135.0517966747284,135.050465,0.715993000000001,134.334472,1.7743453979492188
134.2038495540619,134.19863699999968,0.8119769999999988,133.38665999999967,1.7743453979492188
134.09127759933472,134.08965299999983,0.7439879999999981,133.34566499999983,1.7743453979492188
134.00154948234558,133.9999250000001,0.7279890000000009,133.2719360000001,1.7743453979492188
134.08211851119995,134.08048800000006,0.6839820000000003,133.39650600000004,1.7743453979492188
134.07064366340637,134.06936399999972,0.7319859999999991,133.33737799999972,1.7743453979492188
134.08420085906982,134.0829520000002,0.7799939999999985,133.30295800000022,1.7743453979492188
