walltime(s),cputime(s),systime(s),usertime(s),memory(GB)
138.1995620727539,138.161067,1.9897129999999998,136.171354,1.8127365112304688
142.3581097126007,142.337813,1.9320149999999998,140.405798,1.8139457702636719
146.06712913513184,146.06178000000003,2.127897000000001,143.93388300000004,1.8139457702636719
146.02367639541626,146.01840299999998,2.059911999999999,143.95849099999998,1.8139457702636719
142.07040524482727,142.04715099999999,1.7960600000000007,140.25109099999997,1.8139457702636719
140.2139835357666,140.17867000000004,1.807824,138.37084600000003,1.8139457702636719
140.53663039207458,140.50263699999996,1.823989000000001,138.67864799999995,1.8139457702636719
138.6873483657837,138.64634900000007,1.7839839999999985,136.86236500000007,1.8139457702636719
144.18968319892883,144.17043700000005,1.9878680000000006,142.18256900000006,1.8139457702636719
139.64107966423035,139.608309,1.791843,137.816466,1.8139457702636719
137.94538807868958,137.90478599999994,1.7518010000000004,136.15298499999994,1.8139457702636719
137.44833278656006,137.40827700000017,1.6680689999999991,135.74020800000017,1.8139457702636719
139.27508521080017,139.17498000000003,1.9479150000000018,137.22706500000004,1.8139457702636719
138.00861811637878,137.97699000000006,1.7438579999999995,136.23313200000007,1.8139457702636719
137.7551884651184,137.7182860000001,1.679593999999998,136.03869200000008,1.8139457702636719
137.53921937942505,137.50653999999966,1.6522570000000023,135.85428299999967,1.8139457702636719
138.30663585662842,138.27498800000006,1.7241300000000024,136.55085800000006,1.8139457702636719
137.85630989074707,137.82237200000006,1.8445989999999988,135.97777300000007,1.8139457702636719
135.50690126419067,135.46759199999974,1.811782000000001,133.65580999999975,1.8139457702636719
133.04613780975342,133.00650100000007,1.7046139999999994,131.30188700000008,1.8139457702636719
133.4171438217163,133.37915799999962,1.6200960000000038,131.75906199999963,1.8139457702636719
136.03820300102234,135.999809,1.6398939999999982,134.359915,1.8139457702636719
139.32056641578674,139.29272000000006,1.7681579999999997,137.52456200000006,1.8139457702636719
140.60152530670166,140.58365899999984,1.7479960000000005,138.83566299999984,1.8139457702636719
139.19083404541016,139.15080299999985,1.8238389999999995,137.32696399999986,1.8139457702636719
