walltime(s),cputime(s),systime(s),usertime(s),memory(GB)
0.2910637855529785,0.291042,0.0,0.291042,0.194000244140625
0.2786092758178711,0.2785979999999998,0.003742000000000023,0.27485599999999977,0.19415283203125
0.2706418037414551,0.27062200000000036,0.0,0.27062200000000036,0.1942138671875
0.2705247402191162,0.270505,0.0,0.270505,0.1942138671875
0.27021193504333496,0.2702019999999998,0.0038100000000000356,0.26639199999999974,0.1942138671875
0.27152037620544434,0.271509,0.0,0.271509,0.1942138671875
0.27097511291503906,0.2709519999999994,0.0,0.2709519999999994,0.1942138671875
0.2705502510070801,0.2705390000000003,0.0,0.2705390000000003,0.1942138671875
0.27156519889831543,0.27154200000000017,0.0,0.27154200000000017,0.1942138671875
0.2739250659942627,0.27390700000000034,0.0,0.27390700000000034,0.1942138671875
0.2723422050476074,0.27233099999999943,0.0,0.27233099999999943,0.1942138671875
0.271282434463501,0.2712709999999996,0.0,0.2712709999999996,0.1942138671875
0.2748734951019287,0.2748520000000001,0.0,0.2748520000000001,0.1942138671875
0.2708780765533447,0.2708680000000001,0.0,0.2708680000000001,0.1942138671875
0.27608633041381836,0.2760680000000004,0.0,0.2760680000000004,0.1942138671875
0.27078914642333984,0.2707650000000008,0.0,0.2707650000000008,0.1942138671875
0.2717421054840088,0.2717319999999988,0.0038980000000000126,0.2678339999999988,0.1942138671875
0.26978039741516113,0.26976999999999873,0.003886999999999974,0.26588299999999876,0.1942138671875
0.2697622776031494,0.2697529999999997,3.799999999998249e-05,0.2697149999999997,0.1942138671875
0.2711329460144043,0.27112099999999906,0.0,0.27112099999999906,0.1942138671875
0.2700650691986084,0.27005500000000104,0.0,0.27005500000000104,0.1942138671875
0.27122950553894043,0.2712190000000003,0.0,0.2712190000000003,0.1942138671875
0.2702488899230957,0.2702290000000005,0.0,0.2702290000000005,0.1942138671875
0.27033305168151855,0.2703129999999998,0.0,0.2703129999999998,0.1942138671875
0.26995205879211426,0.26994200000000085,4.100000000001325e-05,0.26990100000000083,0.1942138671875
0.2703382968902588,0.27031599999999933,0.0,0.27031599999999933,0.1942138671875
0.2713043689727783,0.27129400000000004,1.0000000000287557e-06,0.271293,0.1942138671875
0.26903605461120605,0.26901499999999956,0.0,0.26901499999999956,0.1942138671875
0.27108120918273926,0.27106099999999955,0.0,0.27106099999999955,0.1942138671875
0.2698962688446045,0.2698840000000011,0.0,0.2698840000000011,0.1942138671875
