walltime(s),cputime(s),systime(s),usertime(s),memory(GB)
1.09159255027771,1.091583,0.003894999999999982,1.087688,0.20139694213867188
0.9668514728546143,0.9668229999999998,0.0,0.9668229999999998,0.20164108276367188
1.0130038261413574,1.0129729999999997,0.0,1.0129729999999997,0.20164108276367188
1.0092103481292725,1.0090900000000005,0.0,1.0090900000000005,0.20164108276367188
0.9718568325042725,0.9718300000000006,0.0,0.9718300000000006,0.20164108276367188
1.002835988998413,1.0028230000000011,0.0,1.0028230000000011,0.20164108276367188
0.9747669696807861,0.9747540000000008,0.0,0.9747540000000008,0.20164108276367188
0.9827053546905518,0.9827030000000008,0.0,0.9827030000000008,0.20164108276367188
0.9933106899261475,0.9932989999999999,1.6000000000016e-05,0.9932829999999999,0.20164108276367188
1.0037257671356201,1.003724,0.0,1.003724,0.20164108276367188
0.9540500640869141,0.954046,0.0,0.954046,0.20164108276367188
0.9811704158782959,0.9811499999999995,0.0,0.9811499999999995,0.20164108276367188
0.9994730949401855,0.9994599999999991,0.0,0.9994599999999991,0.20164108276367188
0.9533233642578125,0.953320999999999,0.0,0.953320999999999,0.20164108276367188
0.9864189624786377,0.9864159999999984,0.0,0.9864159999999984,0.20164108276367188
0.9848837852478027,0.9848810000000014,0.0,0.9848810000000014,0.20164108276367188
0.9499421119689941,0.9499320000000004,0.0,0.9499320000000004,0.20164108276367188
0.9485752582550049,0.9485739999999971,0.0,0.9485739999999971,0.20164108276367188
0.9550676345825195,0.9550669999999997,0.0,0.9550669999999997,0.20164108276367188
0.9613504409790039,0.9613499999999995,0.0,0.9613499999999995,0.20164108276367188
0.9445950984954834,0.9445639999999997,0.0,0.9445639999999997,0.20164108276367188
0.9956977367401123,0.9956850000000017,0.0,0.9956850000000017,0.20164108276367188
1.0050990581512451,1.0050859999999986,0.0,1.0050859999999986,0.20164108276367188
0.974510669708252,0.9745090000000012,0.0,0.9745090000000012,0.20164108276367188
0.9715516567230225,0.971540000000001,0.0,0.971540000000001,0.20164108276367188
0.9670500755310059,0.9670469999999973,0.0,0.9670469999999973,0.20164108276367188
0.9536857604980469,0.9536839999999991,0.0,0.9536839999999991,0.20164108276367188
0.9981341361999512,0.9981139999999975,0.0,0.9981139999999975,0.20164108276367188
0.9745855331420898,0.9745559999999998,0.0,0.9745559999999998,0.20164108276367188
0.9882400035858154,0.9882390000000001,0.0,0.9882390000000001,0.20164108276367188
