walltime(s),cputime(s),systime(s),usertime(s),memory(GB)
189.52034449577332,189.511126,2.9035680000000004,186.60755799999998,2.4469528198242188
187.74667263031006,187.737131,1.9282659999999998,185.808865,2.4474258422851562
187.51224565505981,187.50276500000004,1.5680900000000007,185.93467500000003,2.4474258422851562
187.58802676200867,187.57869500000007,1.572007000000001,186.00668800000005,2.4474258422851562
192.54137468338013,192.530797,1.715962000000001,190.81483500000002,2.4474258422851562
202.62923669815063,202.619178,1.7239649999999997,200.895213,2.4474258422851562
193.5214536190033,193.51175000000003,1.7759429999999998,191.73580700000002,2.4474258422851562
188.2626953125,188.25358799999992,1.603928999999999,186.64965899999993,2.4474258422851562
185.9084677696228,185.89997099999994,1.4999579999999977,184.40001299999994,2.4474258422851562
185.43294429779053,185.42428300000006,1.6399030000000003,183.78438000000006,2.4474258422851562
169.77926087379456,169.6599800000001,1.3881789999999974,168.2718010000001,2.4474258422851562
145.15684723854065,145.11435200000025,1.2400350000000024,143.87431700000025,2.4474258422851562
144.81226706504822,144.77047,1.1921140000000001,143.57835599999999,2.4474258422851562
144.99902868270874,144.95718399999978,1.244019999999999,143.71316399999978,2.4474258422851562
145.36303758621216,145.32049299999994,1.2318999999999996,144.08859299999995,2.4474258422851562
144.8389220237732,144.79695799999993,1.2600529999999992,143.53690499999993,2.4474258422851562
144.64076113700867,144.59873799999983,1.2638809999999978,143.33485699999983,2.4474258422851562
144.68179845809937,144.64036800000025,1.1558659999999996,143.48450200000025,2.4474258422851562
146.12983655929565,146.09568699999994,1.2760020000000019,144.81968499999994,2.4474258422851562
146.95774340629578,146.95128000000017,1.303922,145.64735800000017,2.4474258422851562
146.93842124938965,146.93175799999972,1.4759540000000015,145.45580399999972,2.4474258422851562
