walltime(s),cputime(s),systime(s),usertime(s),memory(GB)
278.3077964782715,278.31145899999996,4.0806249999999995,274.23083399999996,3.6716461181640625
270.3123836517334,270.316603,2.536022,267.780581,3.6716461181640625
269.8559045791626,269.860148,2.2440499999999997,267.61609799999997,3.6716461181640625
268.32836413383484,268.332702,2.2040370000000014,266.12866499999996,3.6716461181640625
273.8871953487396,273.891626,2.2520669999999985,271.63955899999996,3.6716461181640625
263.6471016407013,263.6516550000001,2.088025,261.5636300000001,3.6716461181640625
267.2166657447815,267.22090999999995,2.3440450000000013,264.87686499999995,3.6716461181640625
275.2433295249939,275.245986,2.544049000000001,272.70193700000004,3.6716461181640625
275.4811067581177,275.4846439999998,2.428003999999998,273.0566399999998,3.6716461181640625
272.94818091392517,272.95151199999975,2.4480310000000003,270.50348099999974,3.6716461181640625
267.8888912200928,267.89212200000037,2.3360190000000003,265.55610300000035,3.6716461181640625
274.3763949871063,274.38000899999986,2.2960209999999996,272.08398799999986,3.6716461181640625
272.54383873939514,272.54749599999985,2.432031000000002,270.11546499999986,3.6716461181640625
