walltime(s),cputime(s),systime(s),usertime(s),memory(GB)
1.1255230903625488,1.1252279999999995,0.0036630000000000273,1.1215649999999995,0.20616912841796875
1.093428373336792,1.093044,0.0,1.093044,0.20616912841796875
1.0930414199829102,1.0927370000000005,0.0,1.0927370000000005,0.20633316040039062
1.0977706909179688,1.0972180000000007,0.0,1.0972180000000007,0.20633316040039062
1.0894901752471924,1.0891070000000003,0.0,1.0891070000000003,0.20633316040039062
1.0964865684509277,1.09619,0.0,1.09619,0.20633316040039062
1.1028144359588623,1.102433,0.0035229999999999984,1.09891,0.20633316040039062
1.095353364944458,1.0950699999999998,0.0,1.0950699999999998,0.20633316040039062
1.0978105068206787,1.0974180000000011,0.0,1.0974180000000011,0.20633316040039062
1.0977365970611572,1.0974339999999998,0.0,1.0974339999999998,0.20633316040039062
1.117377519607544,1.1168260000000014,0.0,1.1168260000000014,0.20633316040039062
1.1047608852386475,1.1043710000000004,0.0,1.1043710000000004,0.20633316040039062
1.098820686340332,1.0985280000000017,0.0,1.0985280000000017,0.20633316040039062
1.0961105823516846,1.0957299999999996,0.0,1.0957299999999996,0.20633316040039062
1.094148874282837,1.0935989999999975,0.0,1.0935989999999975,0.20633316040039062
1.0936851501464844,1.0933020000000013,0.0,1.0933020000000013,0.20633316040039062
1.0926775932312012,1.0923870000000022,0.0,1.0923870000000022,0.20633316040039062
1.0949046611785889,1.0946190000000016,0.0,1.0946190000000016,0.20633316040039062
1.0931744575500488,1.092798000000002,0.0,1.092798000000002,0.20633316040039062
1.0925111770629883,1.0922170000000015,0.0,1.0922170000000015,0.20633316040039062
1.1008453369140625,1.1004539999999992,0.0,1.1004539999999992,0.20633316040039062
1.0967206954956055,1.0961689999999997,0.0,1.0961689999999997,0.20633316040039062
1.093898057937622,1.093508,0.0,1.093508,0.20633316040039062
1.098036766052246,1.0977320000000006,0.0,1.0977320000000006,0.20633316040039062
1.0989556312561035,1.0986670000000025,0.0,1.0986670000000025,0.20633316040039062
1.1093525886535645,1.1087060000000017,0.003843000000000041,1.1048630000000017,0.20633316040039062
1.1090953350067139,1.108786000000002,0.0,1.108786000000002,0.20633316040039062
1.0958771705627441,1.0954949999999997,0.0,1.0954949999999997,0.20633316040039062
1.0982656478881836,1.0979840000000038,0.0,1.0979840000000038,0.20633316040039062
1.0996129512786865,1.0992299999999984,1.399999999995849e-05,1.0992159999999984,0.20633316040039062
