walltime(s),cputime(s),systime(s),usertime(s),memory(GB)
0.26579904556274414,0.2657910000000001,0.0,0.2657910000000001,0.194915771484375
0.2564077377319336,0.2563890000000004,0.0,0.2563890000000004,0.195159912109375
0.2508969306945801,0.250877,0.0,0.250877,0.195159912109375
0.24938702583312988,0.24937699999999996,0.0,0.24937699999999996,0.195159912109375
0.25212550163269043,0.2521139999999997,0.0,0.2521139999999997,0.195159912109375
0.2546679973602295,0.25465800000000005,0.0,0.25465800000000005,0.195159912109375
0.2539818286895752,0.2539720000000001,0.0,0.2539720000000001,0.195159912109375
0.2567753791809082,0.25676699999999997,0.0,0.25676699999999997,0.195159912109375
0.24911975860595703,0.24910999999999994,0.0,0.24910999999999994,0.195159912109375
0.2498302459716797,0.24981200000000037,0.0,0.24981200000000037,0.195159912109375
0.24989652633666992,0.24988800000000033,0.0,0.24988800000000033,0.195159912109375
0.24890971183776855,0.2488999999999999,0.0,0.2488999999999999,0.195159912109375
0.25077366828918457,0.2507570000000001,0.0,0.2507570000000001,0.195159912109375
0.2523989677429199,0.25238799999999983,0.0,0.25238799999999983,0.195159912109375
0.2518148422241211,0.2517960000000006,0.0,0.2517960000000006,0.195159912109375
0.24612069129943848,0.2461120000000001,0.0,0.2461120000000001,0.195159912109375
0.24601960182189941,0.24601200000000034,0.0,0.24601200000000034,0.195159912109375
0.2460026741027832,0.24599400000000138,0.0,0.24599400000000138,0.195159912109375
0.2465345859527588,0.24652600000000113,0.0,0.24652600000000113,0.195159912109375
0.24757862091064453,0.24756999999999962,0.0,0.24756999999999962,0.195159912109375
0.24989891052246094,0.2498900000000006,0.0,0.2498900000000006,0.195159912109375
0.24677824974060059,0.2467699999999997,0.0,0.2467699999999997,0.195159912109375
0.25815367698669434,0.25814499999999896,0.0,0.25814499999999896,0.195159912109375
0.24661540985107422,0.24660699999999913,0.0,0.24660699999999913,0.195159912109375
0.2482614517211914,0.24825400000000108,0.0,0.24825400000000108,0.195159912109375
0.24589180946350098,0.2458840000000002,0.0,0.2458840000000002,0.195159912109375
0.24934935569763184,0.24933900000000087,0.0,0.24933900000000087,0.195159912109375
0.2462172508239746,0.24620799999999932,0.0,0.24620799999999932,0.195159912109375
0.2496201992034912,0.24960199999999944,0.0,0.24960199999999944,0.195159912109375
0.25343918800354004,0.25343100000000085,0.0,0.25343100000000085,0.195159912109375
