walltime(s),cputime(s),systime(s),usertime(s),memory(GB)
2.122922420501709,2.122864,0.015410000000000007,2.1074539999999997,0.21417236328125
2.0403735637664795,2.040336999999999,0.003556999999999977,2.0367799999999994,0.21417236328125
2.03019380569458,2.030146000000001,0.0037679999999999936,2.026378000000001,0.21417236328125
2.0319643020629883,2.0319249999999993,0.0,2.0319249999999993,0.21417236328125
2.030766725540161,2.0307180000000002,0.0,2.0307180000000002,0.21417236328125
2.032737970352173,2.0327070000000003,0.0036650000000000293,2.0290420000000005,0.21417236328125
2.030611515045166,2.0305609999999987,0.0,2.0305609999999987,0.21417236328125
2.0479633808135986,2.0479210000000023,0.0,2.0479210000000023,0.21417236328125
2.0165228843688965,2.016485000000003,0.0,2.016485000000003,0.21417236328125
2.053773880004883,2.0537600000000005,0.0,2.0537600000000005,0.21417236328125
2.0263373851776123,2.0263149999999968,0.0,2.0263149999999968,0.21417236328125
2.0346157550811768,2.0346019999999996,0.0,2.0346019999999996,0.21417236328125
2.063081741333008,2.063051999999999,0.0,2.063051999999999,0.21417236328125
2.040555953979492,2.040541000000001,0.0,2.040541000000001,0.21417236328125
2.0170199871063232,2.0169970000000035,0.0,2.0169970000000035,0.21417236328125
2.0498805046081543,2.049819999999997,0.0,2.049819999999997,0.21417236328125
2.0406196117401123,2.0405979999999957,0.0,2.0405979999999957,0.21417236328125
2.024366855621338,2.024352999999998,0.0,2.024352999999998,0.21417236328125
2.0355284214019775,2.035503999999996,0.0,2.035503999999996,0.21417236328125
2.0320050716400146,2.0319900000000004,0.0,2.0319900000000004,0.21417236328125
2.0566086769104004,2.056584000000001,0.0,2.056584000000001,0.21417236328125
2.035247325897217,2.0352219999999974,0.0,2.0352219999999974,0.21417236328125
2.0369415283203125,2.0369290000000007,0.0,2.0369290000000007,0.21417236328125
2.0249154567718506,2.0248909999999967,0.0,2.0248909999999967,0.21417236328125
2.0373096466064453,2.0372959999999978,0.0,2.0372959999999978,0.21417236328125
2.035355567932129,2.0353230000000053,0.0,2.0353230000000053,0.21417236328125
2.0353329181671143,2.0353179999999966,0.0,2.0353179999999966,0.21417236328125
2.0288069248199463,2.0287870000000012,0.0,2.0287870000000012,0.21417236328125
2.0486247539520264,2.048611000000001,0.0,2.048611000000001,0.21417236328125
2.0520572662353516,2.0520150000000115,0.0,2.0520150000000115,0.21417236328125
