walltime(s),cputime(s),systime(s),usertime(s),memory(GB)
0.7754378318786621,0.7754420000000004,0.011803000000000008,0.7636390000000004,0.2003021240234375
0.7142949104309082,0.714296,0.0,0.714296,0.2004547119140625
0.7150259017944336,0.714912,0.0,0.714912,0.2004547119140625
0.716890811920166,0.7168809999999999,0.0,0.7168809999999999,0.2004547119140625
0.7167789936065674,0.7166800000000002,0.0,0.7166800000000002,0.2004547119140625
0.7175443172454834,0.7175539999999998,0.0,0.7175539999999998,0.2004547119140625
0.7154824733734131,0.7154849999999993,0.0,0.7154849999999993,0.2004547119140625
0.717498779296875,0.7173870000000004,0.0,0.7173870000000004,0.2004547119140625
0.7158644199371338,0.7158650000000009,0.0,0.7158650000000009,0.2004547119140625
0.7152669429779053,0.7152769999999986,0.0,0.7152769999999986,0.2004547119140625
0.7362422943115234,0.7362529999999996,0.0,0.7362529999999996,0.2004547119140625
0.716205358505249,0.716215,0.0,0.716215,0.2004547119140625
0.7160141468048096,0.7159040000000001,0.0,0.7159040000000001,0.2004547119140625
0.7157151699066162,0.7157260000000001,0.0,0.7157260000000001,0.2004547119140625
0.7141165733337402,0.7141190000000002,0.0,0.7141190000000002,0.2004547119140625
0.7155563831329346,0.7154569999999989,0.0,0.7154569999999989,0.2004547119140625
0.7168049812316895,0.7168149999999986,0.0,0.7168149999999986,0.2004547119140625
0.733083963394165,0.7329679999999996,0.0,0.7329679999999996,0.2004547119140625
0.7151517868041992,0.7151619999999994,0.0,0.7151619999999994,0.2004547119140625
0.715848445892334,0.7158580000000008,0.0,0.7158580000000008,0.2004547119140625
0.7146313190460205,0.7145189999999992,0.0,0.7145189999999992,0.2004547119140625
0.7165927886962891,0.7165950000000016,0.0,0.7165950000000016,0.2004547119140625
0.7160599231719971,0.7160629999999983,0.0,0.7160629999999983,0.2004547119140625
0.7155194282531738,0.7154190000000007,0.0,0.7154190000000007,0.2004547119140625
0.7150077819824219,0.7150180000000006,0.0,0.7150180000000006,0.2004547119140625
0.7165272235870361,0.7164150000000014,0.0,0.7164150000000014,0.2004547119140625
0.7153775691986084,0.7153880000000008,0.0,0.7153880000000008,0.2004547119140625
0.7162697315216064,0.716272,0.0,0.716272,0.2004547119140625
0.7174239158630371,0.7173249999999989,0.0,0.7173249999999989,0.2004547119140625
0.7140357494354248,0.7140449999999987,0.0,0.7140449999999987,0.2004547119140625
