walltime(s),cputime(s),systime(s),usertime(s),memory(GB)
0.2192676067352295,0.21926000000000023,0.0,0.21926000000000023,0.19091796875
0.21382427215576172,0.21380099999999924,0.0,0.21380099999999924,0.19091796875
0.2015857696533203,0.20157899999999973,0.0,0.20157899999999973,0.19091796875
0.2026045322418213,0.2025869999999994,0.0,0.2025869999999994,0.19091796875
0.20095205307006836,0.20094500000000082,0.0,0.20094500000000082,0.19091796875
0.20171833038330078,0.2017009999999999,0.0,0.2017009999999999,0.19091796875
0.20368576049804688,0.20367800000000003,0.0,0.20367800000000003,0.19091796875
0.20549321174621582,0.2054859999999996,0.0,0.2054859999999996,0.19091796875
0.20652127265930176,0.20651399999999942,0.0,0.20651399999999942,0.19091796875
0.20348548889160156,0.2034590000000005,0.0,0.2034590000000005,0.19091796875
0.20380592346191406,0.20378499999999988,0.0,0.20378499999999988,0.19091796875
0.2010350227355957,0.20102799999999998,0.0,0.20102799999999998,0.19091796875
0.20117998123168945,0.20117200000000057,0.0,0.20117200000000057,0.19091796875
0.2035050392150879,0.20349900000000076,0.0,0.20349900000000076,0.19091796875
0.20096921920776367,0.20096199999999964,0.0,0.20096199999999964,0.19091796875
0.20304083824157715,0.20303299999999957,0.0,0.20303299999999957,0.19091796875
0.2056875228881836,0.2056799999999992,0.0,0.2056799999999992,0.19091796875
0.20184922218322754,0.20184200000000097,0.0,0.20184200000000097,0.19091796875
0.20417284965515137,0.2041649999999997,0.0,0.2041649999999997,0.19091796875
0.2014601230621338,0.20144299999999937,0.0,0.20144299999999937,0.19091796875
0.2050628662109375,0.2050560000000008,0.0,0.2050560000000008,0.19091796875
0.20455479621887207,0.20454599999999878,0.0,0.20454599999999878,0.19091796875
0.20619440078735352,0.20618499999999962,0.0,0.20618499999999962,0.19091796875
0.20633864402770996,0.20632999999999946,0.0,0.20632999999999946,0.19091796875
0.2052924633026123,0.20528499999999994,0.0,0.20528499999999994,0.19091796875
0.203932523727417,0.20392599999999916,0.0,0.20392599999999916,0.19091796875
0.20354652404785156,0.2035399999999985,0.0,0.2035399999999985,0.19091796875
0.20348143577575684,0.2034760000000002,0.0,0.2034760000000002,0.19091796875
0.20940113067626953,0.20939399999999964,0.0,0.20939399999999964,0.19091796875
0.2050020694732666,0.20499500000000026,0.0,0.20499500000000026,0.19091796875
