walltime(s),cputime(s),systime(s),usertime(s),memory(GB)
2.1495628356933594,2.149538,0.003929999999999989,2.145608,0.20807266235351562
2.1783995628356934,2.1783609999999998,0.0,2.1783609999999998,0.20807266235351562
2.170987844467163,2.1709809999999994,0.0,2.1709809999999994,0.20807266235351562
2.151928424835205,2.1517920000000004,0.0,2.1517920000000004,0.20831680297851562
2.157832622528076,2.1578149999999994,0.0,2.1578149999999994,0.20831680297851562
2.102213144302368,2.1021719999999977,0.0,2.1021719999999977,0.20856857299804688
2.107614755630493,2.107219999999998,0.0,2.107219999999998,0.20856857299804688
2.093935012817383,2.0939179999999986,0.0,2.0939179999999986,0.20856857299804688
2.0321927070617676,2.032201999999998,0.0,2.032201999999998,0.20856857299804688
2.010733127593994,2.010732000000001,0.0,2.010732000000001,0.20856857299804688
2.0109667778015137,2.010974000000001,0.0,2.010974000000001,0.20856857299804688
2.0279433727264404,2.0279430000000005,0.0,2.0279430000000005,0.20856857299804688
2.0022971630096436,2.002306000000001,0.0,2.002306000000001,0.20856857299804688
2.0169143676757812,2.0169059999999988,0.0,2.0169059999999988,0.20856857299804688
2.0128750801086426,2.012877000000003,0.0,2.012877000000003,0.20856857299804688
2.030129909515381,2.030118999999999,0.0,2.030118999999999,0.20856857299804688
1.998450517654419,1.9984520000000003,0.0,1.9984520000000003,0.20856857299804688
2.003695487976074,2.003695999999998,0.0,2.003695999999998,0.20856857299804688
2.027381658554077,2.0273710000000023,0.0,2.0273710000000023,0.20856857299804688
2.0034542083740234,2.003454000000005,0.0,2.003454000000005,0.20856857299804688
2.013275146484375,2.013263000000002,0.0,2.013263000000002,0.20856857299804688
2.025090456008911,2.0250899999999987,0.0,2.0250899999999987,0.20856857299804688
2.0130343437194824,2.0130320000000026,0.0,2.0130320000000026,0.20856857299804688
2.0065019130706787,2.006487999999999,1.2000000000012001e-05,2.0064759999999993,0.20856857299804688
2.003478527069092,2.0034789999999987,0.0,2.0034789999999987,0.20856857299804688
2.0154998302459717,2.0154909999999973,0.0,2.0154909999999973,0.20856857299804688
2.0118775367736816,2.0118670000000023,0.0,2.0118670000000023,0.20856857299804688
2.0063252449035645,2.0062870000000004,0.0,2.0062870000000004,0.20856857299804688
2.0611705780029297,2.061159999999994,0.0,2.061159999999994,0.20856857299804688
2.000474691390991,2.000475999999992,0.0,2.000475999999992,0.20856857299804688
