walltime(s),cputime(s),systime(s),usertime(s),memory(GB)
0.6687679290771484,0.6687490000000003,0.003689999999999999,0.6650590000000003,0.197998046875
0.6297967433929443,0.629785,0.0,0.629785,0.197998046875
0.6321909427642822,0.63218,0.0,0.63218,0.197998046875
0.6328761577606201,0.6328560000000003,0.0,0.6328560000000003,0.197998046875
0.6411845684051514,0.6411660000000001,0.0,0.6411660000000001,0.197998046875
0.6476116180419922,0.6476000000000006,0.0,0.6476000000000006,0.197998046875
0.6291952133178711,0.6291760000000011,0.0,0.6291760000000011,0.197998046875
0.6392722129821777,0.6392620000000004,0.0,0.6392620000000004,0.197998046875
0.6380794048309326,0.6380700000000008,0.0,0.6380700000000008,0.197998046875
0.6247200965881348,0.6247089999999993,0.0,0.6247089999999993,0.197998046875
0.6262216567993164,0.626202000000001,0.0,0.626202000000001,0.197998046875
0.6354327201843262,0.6354230000000012,0.0,0.6354230000000012,0.197998046875
0.6265401840209961,0.6265299999999989,0.0,0.6265299999999989,0.197998046875
0.6250841617584229,0.6250739999999997,0.0,0.6250739999999997,0.197998046875
0.6285908222198486,0.6285690000000006,0.0,0.6285690000000006,0.197998046875
0.6239156723022461,0.6238869999999999,0.0,0.6238869999999999,0.197998046875
0.6304264068603516,0.6303990000000006,0.0,0.6303990000000006,0.197998046875
0.6329360008239746,0.6329240000000009,0.0,0.6329240000000009,0.197998046875
0.6298444271087646,0.6298320000000004,0.0,0.6298320000000004,0.197998046875
0.6268596649169922,0.626849,0.0,0.626849,0.197998046875
0.6278259754180908,0.6278140000000008,0.0,0.6278140000000008,0.197998046875
0.6262567043304443,0.6262359999999987,0.0,0.6262359999999987,0.197998046875
0.6280882358551025,0.6280779999999986,0.0,0.6280779999999986,0.197998046875
0.6315701007843018,0.6315580000000018,0.0,0.6315580000000018,0.197998046875
0.6256141662597656,0.6256039999999992,0.0,0.6256039999999992,0.197998046875
0.6367344856262207,0.636725000000002,0.0,0.636725000000002,0.197998046875
0.6472649574279785,0.6472540000000002,0.0,0.6472540000000002,0.197998046875
0.6300039291381836,0.6299820000000018,0.0,0.6299820000000018,0.197998046875
0.6242303848266602,0.6242199999999976,0.0,0.6242199999999976,0.197998046875
0.6367599964141846,0.6367490000000018,0.0,0.6367490000000018,0.197998046875
