walltime(s),cputime(s),systime(s),usertime(s),memory(GB)
0.281827449798584,0.281816,6.40000000000085e-05,0.281752,0.19478988647460938
0.2695431709289551,0.26952099999999923,0.0,0.26952099999999923,0.19480133056640625
0.2591879367828369,0.25918100000000077,0.0,0.25918100000000077,0.19491195678710938
0.25826168060302734,0.258254,0.0,0.258254,0.19491195678710938
0.2575700283050537,0.2575530000000006,0.0,0.2575530000000006,0.19491195678710938
0.25829505920410156,0.25828700000000016,0.0,0.25828700000000016,0.19491195678710938
0.26195359230041504,0.261946,0.0,0.261946,0.19491195678710938
0.2645292282104492,0.26451400000000014,0.0,0.26451400000000014,0.19491195678710938
0.2636454105377197,0.26361299999999943,0.0,0.26361299999999943,0.19491195678710938
0.26158857345581055,0.2615799999999995,0.0,0.2615799999999995,0.19491195678710938
0.2593262195587158,0.2593110000000003,0.0,0.2593110000000003,0.19491195678710938
0.2591111660003662,0.25910299999999964,0.0,0.25910299999999964,0.19491195678710938
0.2580912113189697,0.25808499999999945,0.0,0.25808499999999945,0.19491195678710938
0.2591700553894043,0.25916400000000017,0.0,0.25916400000000017,0.19491195678710938
0.2582662105560303,0.2582520000000006,0.0,0.2582520000000006,0.19491195678710938
0.2583961486816406,0.25838800000000006,0.0,0.25838800000000006,0.19491195678710938
0.25887465476989746,0.25886600000000115,0.0,0.25886600000000115,0.19491195678710938
0.25803160667419434,0.2580150000000003,0.0,0.2580150000000003,0.19491195678710938
0.2601439952850342,0.26013600000000103,0.0,0.26013600000000103,0.19491195678710938
0.26211023330688477,0.2621019999999987,0.0,0.2621019999999987,0.19491195678710938
0.25879335403442383,0.25877599999999923,0.0,0.25877599999999923,0.19491195678710938
0.2646350860595703,0.26461499999999916,0.0,0.26461499999999916,0.19491195678710938
0.2597789764404297,0.2597719999999999,0.0,0.2597719999999999,0.19491195678710938
0.25904202461242676,0.25903399999999976,0.0,0.25903399999999976,0.19491195678710938
0.2590799331665039,0.259074,0.0,0.259074,0.19491195678710938
0.2587127685546875,0.2587060000000001,0.0,0.2587060000000001,0.19491195678710938
0.2579972743988037,0.2579900000000013,0.0,0.2579900000000013,0.19491195678710938
0.2593672275543213,0.259347,0.0,0.259347,0.19491195678710938
0.2611973285675049,0.2611889999999999,0.0,0.2611889999999999,0.19491195678710938
0.260495662689209,0.2604880000000005,0.0,0.2604880000000005,0.19491195678710938
