walltime(s),cputime(s),systime(s),usertime(s),memory(GB)
1.1308584213256836,1.130823,0.0,1.130823,0.20616531372070312
1.091585636138916,1.0915650000000001,0.0,1.0915650000000001,0.20616531372070312
1.096113681793213,1.096094,0.0,1.096094,0.20616531372070312
1.1005713939666748,1.100542,0.0,1.100542,0.20616531372070312
1.1046156883239746,1.1045850000000002,0.0,1.1045850000000002,0.20616531372070312
1.092536449432373,1.0925159999999998,0.0,1.0925159999999998,0.20616531372070312
1.0914947986602783,1.0914760000000001,0.0,1.0914760000000001,0.20616531372070312
1.113335132598877,1.1133009999999999,0.0,1.1133009999999999,0.20616531372070312
1.1095683574676514,1.1095500000000005,0.0,1.1095500000000005,0.20616531372070312
1.0967967510223389,1.0967770000000012,0.0,1.0967770000000012,0.20616531372070312
1.0931804180145264,1.093153000000001,0.0,1.093153000000001,0.20616531372070312
1.0910601615905762,1.0910329999999995,0.0,1.0910329999999995,0.20616531372070312
1.0995793342590332,1.0995610000000013,0.0012889999999999846,1.0982720000000015,0.20616531372070312
1.0985445976257324,1.0985270000000007,0.0,1.0985270000000007,0.20616531372070312
1.0909416675567627,1.0909140000000015,0.0,1.0909140000000015,0.20616531372070312
1.0908904075622559,1.090871,0.0,1.090871,0.20616531372070312
1.1015410423278809,1.1015130000000006,0.0,1.1015130000000006,0.20616531372070312
1.107410192489624,1.1073820000000012,0.0,1.1073820000000012,0.20616531372070312
1.090456247329712,1.0904269999999983,0.0,1.0904269999999983,0.20616531372070312
1.0885443687438965,1.0885239999999996,0.0,1.0885239999999996,0.20616531372070312
1.0977542400360107,1.0977350000000001,0.0,1.0977350000000001,0.20616531372070312
1.0918676853179932,1.0918409999999987,0.0,1.0918409999999987,0.20616531372070312
1.0894367694854736,1.089411000000002,0.0,1.089411000000002,0.20616531372070312
1.0927748680114746,1.0927550000000004,0.0,1.0927550000000004,0.20616531372070312
1.0974602699279785,1.0974230000000027,0.0,1.0974230000000027,0.20616531372070312
1.0913753509521484,1.091343000000002,0.0,1.091343000000002,0.20616531372070312
1.0914158821105957,1.0913970000000006,0.0,1.0913970000000006,0.20616531372070312
1.0957269668579102,1.0957149999999984,0.0,1.0957149999999984,0.20616531372070312
1.1014788150787354,1.101458000000001,0.0,1.101458000000001,0.20616531372070312
1.089655876159668,1.0896449999999973,0.0,1.0896449999999973,0.20616531372070312
