walltime(s),cputime(s),systime(s),usertime(s),memory(GB)
0.09440779685974121,0.09439899999999968,0.0,0.09439899999999968,0.1947021484375
0.09287858009338379,0.09286700000000003,0.0,0.09286700000000003,0.1947021484375
0.09294819831848145,0.09293800000000019,0.0,0.09293800000000019,0.1947021484375
0.09334588050842285,0.09333599999999986,0.0,0.09333599999999986,0.1947021484375
0.09317159652709961,0.09316200000000041,0.0,0.09316200000000041,0.1947021484375
0.09383630752563477,0.09382100000000015,0.0,0.09382100000000015,0.1947021484375
0.0971529483795166,0.09712600000000027,0.0,0.09712600000000027,0.1947021484375
0.09535980224609375,0.09534800000000043,0.0,0.09534800000000043,0.1947021484375
0.09514713287353516,0.09513600000000011,0.0,0.09513600000000011,0.1947021484375
0.0962975025177002,0.09628799999999949,0.0,0.09628799999999949,0.1947021484375
0.09296512603759766,0.09295500000000079,0.0,0.09295500000000079,0.1947021484375
0.09263062477111816,0.09261099999999978,0.0,0.09261099999999978,0.1947021484375
0.09294962882995605,0.09293900000000033,0.0,0.09293900000000033,0.1947021484375
0.09332156181335449,0.09330999999999978,0.0,0.09330999999999978,0.1947021484375
0.09293961524963379,0.09292999999999996,0.0,0.09292999999999996,0.1947021484375
0.09310650825500488,0.09309700000000021,0.0,0.09309700000000021,0.1947021484375
0.09285616874694824,0.09283699999999939,0.0,0.09283699999999939,0.1947021484375
0.09250164031982422,0.09249200000000002,0.0,0.09249200000000002,0.1947021484375
0.09422063827514648,0.09421199999999974,0.0,0.09421199999999974,0.1947021484375
0.09261274337768555,0.09260199999999941,0.0,0.09260199999999941,0.1947021484375
0.0930016040802002,0.09299199999999974,0.0,0.09299199999999974,0.1947021484375
0.09451484680175781,0.09450499999999984,0.0,0.09450499999999984,0.1947021484375
0.09301328659057617,0.09300300000000039,0.0,0.09300300000000039,0.1947021484375
0.09320235252380371,0.09319200000000016,0.0,0.09319200000000016,0.1947021484375
0.09297752380371094,0.09296900000000008,0.0,0.09296900000000008,0.1947021484375
0.0930471420288086,0.09303699999999981,0.0,0.09303699999999981,0.1947021484375
0.09464406967163086,0.09463299999999997,0.0,0.09463299999999997,0.1947021484375
0.09326577186584473,0.09325599999999934,0.0,0.09325599999999934,0.1947021484375
0.09276008605957031,0.09274999999999967,0.0,0.09274999999999967,0.1947021484375
0.09478545188903809,0.09477500000000028,0.0,0.09477500000000028,0.1947021484375
