walltime(s),cputime(s),systime(s),usertime(s),memory(GB)
4.970957517623901,4.970814000000001,0.03836200000000001,4.9324520000000005,0.24277114868164062
4.968111276626587,4.968029,0.0,4.968029,0.24325942993164062
4.891123533248901,4.89104,0.0,4.89104,0.24325942993164062
4.884453058242798,4.884335,0.0,4.884335,0.24325942993164062
4.897745609283447,4.897669999999998,0.0,4.897669999999998,0.24325942993164062
4.8984055519104,4.898319000000001,0.0,4.898319000000001,0.24325942993164062
4.897321462631226,4.8972419999999985,0.0,4.8972419999999985,0.24325942993164062
4.8803699016571045,4.880265000000001,0.0,4.880265000000001,0.24325942993164062
4.9729437828063965,4.972847999999999,0.0,4.972847999999999,0.24325942993164062
4.942707300186157,4.942628999999997,0.0,4.942628999999997,0.24325942993164062
4.920227766036987,4.920129000000003,0.0,4.920129000000003,0.24325942993164062
4.908504486083984,4.908425000000001,0.0,4.908425000000001,0.24325942993164062
4.90621542930603,4.906125000000003,0.0,4.906125000000003,0.24325942993164062
4.928774118423462,4.92869300000001,0.0,4.92869300000001,0.24325942993164062
4.912465333938599,4.912407999999999,0.0,4.912407999999999,0.24325942993164062
4.930972337722778,4.930903999999998,0.0,4.930903999999998,0.24325942993164062
4.894179105758667,4.894081999999997,0.0,4.894081999999997,0.24325942993164062
4.8974609375,4.897394000000006,0.0,4.897394000000006,0.24325942993164062
4.899480581283569,4.899415000000005,0.0,4.899415000000005,0.24325942993164062
4.900233030319214,4.900162999999992,0.0,4.900162999999992,0.24325942993164062
4.891439914703369,4.891339000000002,0.0,4.891339000000002,0.24325942993164062
4.887103796005249,4.887034,0.0,4.887034,0.24325942993164062
4.890470266342163,4.890386000000007,0.0,4.890386000000007,0.24325942993164062
4.889379501342773,4.889276999999993,0.0,4.889276999999993,0.24325942993164062
4.939100503921509,4.93900999999999,0.0021420000000000328,4.93686799999999,0.24325942993164062
4.9330360889434814,4.932950000000005,0.0,4.932950000000005,0.24325942993164062
4.888167858123779,4.8880690000000016,0.0,4.8880690000000016,0.24325942993164062
4.879984617233276,4.879908,0.0,4.879908,0.24325942993164062
4.923181772232056,4.923090999999999,0.0,4.923090999999999,0.24325942993164062
4.893513917922974,4.893405000000001,0.0,4.893405000000001,0.24325942993164062
