walltime(s),cputime(s),systime(s),usertime(s),memory(GB)
0.7301020622253418,0.7300969999999998,0.0,0.7300969999999998,0.198516845703125
0.6962134838104248,0.6962000000000002,0.0,0.6962000000000002,0.198760986328125
0.7031686305999756,0.7031520000000002,0.0,0.7031520000000002,0.198760986328125
0.7019922733306885,0.7019820000000001,0.0,0.7019820000000001,0.198760986328125
0.7043197154998779,0.7043150000000002,0.0,0.7043150000000002,0.198760986328125
0.7089707851409912,0.7089749999999997,0.0,0.7089749999999997,0.198760986328125
0.7098128795623779,0.7098179999999985,0.0,0.7098179999999985,0.198760986328125
0.7081737518310547,0.7081600000000012,0.0,0.7081600000000012,0.198760986328125
0.7203118801116943,0.7203160000000004,0.0,0.7203160000000004,0.198760986328125
0.7154691219329834,0.7154729999999994,0.0,0.7154729999999994,0.198760986328125
0.7027647495269775,0.7027669999999997,0.0,0.7027669999999997,0.198760986328125
0.6979589462280273,0.6979600000000001,0.0,0.6979600000000001,0.198760986328125
0.7145352363586426,0.7145379999999992,0.0,0.7145379999999992,0.198760986328125
0.7028734683990479,0.7028680000000005,0.0,0.7028680000000005,0.198760986328125
0.7005057334899902,0.7004990000000006,0.0,0.7004990000000006,0.198760986328125
0.6976974010467529,0.6977000000000011,0.0,0.6977000000000011,0.198760986328125
0.6974480152130127,0.6974380000000018,0.0,0.6974380000000018,0.198760986328125
0.7027764320373535,0.7027640000000019,0.0,0.7027640000000019,0.198760986328125
0.7139279842376709,0.7139220000000002,0.0,0.7139220000000002,0.198760986328125
0.6949386596679688,0.6949420000000011,0.0,0.6949420000000011,0.198760986328125
0.7040879726409912,0.7040819999999997,0.0,0.7040819999999997,0.198760986328125
0.6981680393218994,0.6981570000000019,0.0,0.6981570000000019,0.198760986328125
0.6942553520202637,0.6942579999999978,0.0,0.6942579999999978,0.198760986328125
0.7019286155700684,0.7019230000000007,0.0,0.7019230000000007,0.198760986328125
0.6963930130004883,0.6963969999999975,0.0,0.6963969999999975,0.198760986328125
0.6934185028076172,0.6934219999999982,0.0,0.6934219999999982,0.198760986328125
0.7116982936859131,0.7117020000000025,0.0,0.7117020000000025,0.198760986328125
0.6952929496765137,0.695295999999999,0.0,0.695295999999999,0.198760986328125
0.70003342628479,0.7000360000000008,0.0,0.7000360000000008,0.198760986328125
0.7185182571411133,0.7185099999999984,0.0,0.7185099999999984,0.198760986328125
