walltime(s),cputime(s),systime(s),usertime(s),memory(GB)
1.22409987449646,1.2238760000000004,0.003261000000000014,1.2206150000000004,0.20190048217773438
1.0293147563934326,1.0292759999999994,0.0,1.0292759999999994,0.20214462280273438
1.0757389068603516,1.07573,0.0,1.07573,0.20214462280273438
1.0400989055633545,1.0400779999999994,0.0,1.0400779999999994,0.20214462280273438
1.0371484756469727,1.037141,0.0,1.037141,0.20214462280273438
1.0795783996582031,1.07958,0.0,1.07958,0.20214462280273438
1.0530180931091309,1.0530179999999998,0.0,1.0530179999999998,0.20214462280273438
1.0878961086273193,1.0878990000000002,0.0,1.0878990000000002,0.20214462280273438
1.1328024864196777,1.132797,0.0,1.132797,0.20214462280273438
1.041424036026001,1.0414180000000002,0.0,1.0414180000000002,0.20214462280273438
1.0498132705688477,1.0498159999999999,0.0,1.0498159999999999,0.20214462280273438
1.029404878616333,1.029398999999998,0.0,1.029398999999998,0.20214462280273438
1.0430052280426025,1.043007000000003,0.0,1.043007000000003,0.20214462280273438
1.1379683017730713,1.1379700000000028,0.0,1.1379700000000028,0.20214462280273438
1.13377046585083,1.1337730000000015,0.0,1.1337730000000015,0.20214462280273438
1.1670708656311035,1.16704,0.0,1.16704,0.20214462280273438
1.1613860130310059,1.1613739999999986,0.0,1.1613739999999986,0.20214462280273438
1.1333057880401611,1.1332389999999997,0.0,1.1332389999999997,0.20214462280273438
1.1099379062652588,1.1099309999999996,0.0,1.1099309999999996,0.20214462280273438
1.1211321353912354,1.1211330000000004,0.0,1.1211330000000004,0.20214462280273438
0.9836773872375488,0.9836790000000022,0.0,0.9836790000000022,0.20214462280273438
0.8656866550445557,0.8656860000000002,0.0,0.8656860000000002,0.20214462280273438
0.8651068210601807,0.8650930000000017,0.0,0.8650930000000017,0.20214462280273438
0.8724226951599121,0.872406999999999,0.0,0.872406999999999,0.20214462280273438
0.8605136871337891,0.8605120000000035,0.0,0.8605120000000035,0.20214462280273438
0.8582322597503662,0.8582310000000035,0.0,0.8582310000000035,0.20214462280273438
0.8582541942596436,0.8582120000000018,0.0,0.8582120000000018,0.20214462280273438
0.9912467002868652,0.991228999999997,0.0,0.991228999999997,0.20214462280273438
1.1163792610168457,1.1163820000000015,0.0,1.1163820000000015,0.20214462280273438
1.1321940422058105,1.132195000000003,0.0,1.132195000000003,0.20214462280273438
