walltime(s),cputime(s),systime(s),usertime(s),memory(GB)
2.1799747943878174,2.1799770000000005,0.023394000000000026,2.1565830000000004,0.21434402465820312
2.121293783187866,2.1213180000000005,0.0,2.1213180000000005,0.2144622802734375
2.1163973808288574,2.1163989999999995,0.0,2.1163989999999995,0.2144622802734375
2.1150333881378174,2.1150710000000004,0.0,2.1150710000000004,0.2144622802734375
2.121123790740967,2.121147000000001,0.003143000000000007,2.118004000000001,0.2144622802734375
2.11661958694458,2.116638000000002,0.0,2.116638000000002,0.2144622802734375
2.12899112701416,2.1290130000000005,0.0,2.1290130000000005,0.2144622802734375
2.11950421333313,2.1195109999999993,0.0,2.1195109999999993,0.2144622802734375
2.114138603210449,2.114176999999998,0.0,2.114176999999998,0.2144622802734375
2.123337507247925,2.123353999999999,0.0,2.123353999999999,0.2144622802734375
2.1293673515319824,2.129397000000001,0.0,2.129397000000001,0.2144622802734375
2.1200361251831055,2.1200629999999983,0.0,2.1200629999999983,0.2144622802734375
2.11480975151062,2.114836999999998,0.0,2.114836999999998,0.2144622802734375
2.129868984222412,2.1298730000000035,0.0,2.1298730000000035,0.2144622802734375
2.1182193756103516,2.118257,0.0,2.118257,0.2144622802734375
2.127206563949585,2.127227000000005,0.0,2.127227000000005,0.2144622802734375
2.1185302734375,2.118558,0.0,2.118558,0.2144622802734375
2.126040458679199,2.126071000000003,0.0,2.126071000000003,0.2144622802734375
2.1211628913879395,2.121178999999998,0.0,2.121178999999998,0.21446609497070312
2.1114745140075684,2.1114940000000004,0.0,2.1114940000000004,0.21446609497070312
2.1195621490478516,2.119579999999999,0.0,2.119579999999999,0.21446609497070312
2.113882303237915,2.113918999999994,0.003595999999999988,2.110322999999994,0.21446609497070312
2.114356756210327,2.114374000000005,0.0,2.114374000000005,0.21446609497070312
2.122042179107666,2.122079999999999,0.003969,2.118110999999999,0.21446609497070312
2.1364433765411377,2.1364710000000002,0.0,2.1364710000000002,0.21446609497070312
2.124979019165039,2.125005999999999,0.0,2.125005999999999,0.21446609497070312
2.0979437828063965,2.0979719999999986,0.0,2.0979719999999986,0.21446609497070312
2.103994369506836,2.104012999999995,0.0,2.104012999999995,0.21446609497070312
2.124209403991699,2.124239000000003,0.0,2.124239000000003,0.21446609497070312
2.1222877502441406,2.1223039999999997,0.0,2.1223039999999997,0.21446609497070312
