walltime(s),cputime(s),systime(s),usertime(s),memory(GB)
1.1301825046539307,1.130166,0.0,1.130166,0.2048492431640625
1.112173080444336,1.1121660000000002,0.0,1.1121660000000002,0.2048492431640625
1.1089859008789062,1.108949,0.0,1.108949,0.20487213134765625
1.1036365032196045,1.1036269999999995,0.0,1.1036269999999995,0.20489501953125
1.095301866531372,1.0952740000000003,0.0024879999999999902,1.0927860000000003,0.20490646362304688
1.0880153179168701,1.088006,0.0,1.088006,0.20491409301757812
1.101698875427246,1.1016899999999996,0.0,1.1016899999999996,0.20492172241210938
1.094132423400879,1.0941170000000007,0.0,1.0941170000000007,0.204925537109375
1.093242883682251,1.0932340000000007,0.0,1.0932340000000007,0.204925537109375
1.0955088138580322,1.0954859999999993,0.0,1.0954859999999993,0.204925537109375
1.0931751728057861,1.0931660000000019,0.0,1.0931660000000019,0.204925537109375
1.0941035747528076,1.0940870000000018,0.0,1.0940870000000018,0.204925537109375
1.0939126014709473,1.093904000000002,0.0,1.093904000000002,0.204925537109375
1.0945205688476562,1.0945089999999986,0.0,1.0945089999999986,0.204925537109375
1.112624168395996,1.1125979999999984,0.0,1.1125979999999984,0.204925537109375
1.0967528820037842,1.0967449999999985,0.0,1.0967449999999985,0.204925537109375
1.0944530963897705,1.0944349999999972,0.0,1.0944349999999972,0.204925537109375
1.107712984085083,1.1077019999999997,0.0,1.1077019999999997,0.204925537109375
1.1042697429656982,1.1042399999999972,0.0,1.1042399999999972,0.204925537109375
1.1055963039398193,1.1055859999999988,0.0,1.1055859999999988,0.204925537109375
1.1062870025634766,1.1062749999999997,0.0032250000000000056,1.1030499999999996,0.204925537109375
1.099531888961792,1.0995129999999982,0.0,1.0995129999999982,0.204925537109375
1.101642370223999,1.1016340000000007,0.0,1.1016340000000007,0.204925537109375
1.0987858772277832,1.0987690000000008,0.0,1.0987690000000008,0.204925537109375
1.1003119945526123,1.1003040000000013,0.0,1.1003040000000013,0.204925537109375
1.104945182800293,1.1049270000000035,0.0,1.1049270000000035,0.204925537109375
1.098494529724121,1.098485999999994,0.0,1.098485999999994,0.204925537109375
1.0944328308105469,1.0944220000000016,0.0,1.0944220000000016,0.204925537109375
1.0925018787384033,1.092483999999999,0.0,1.092483999999999,0.204925537109375
1.1138503551483154,1.1138420000000053,0.0,1.1138420000000053,0.204925537109375
