walltime(s),cputime(s),systime(s),usertime(s),memory(GB)
240.52759957313538,240.52721000000003,3.642672,236.88453800000002,3.8078231811523438
238.3216736316681,238.321435,2.6881230000000005,235.63331200000002,3.808338165283203
238.6260039806366,238.62596,2.460049999999999,236.16591,3.808338165283203
238.59678173065186,238.596649,2.332015,236.264634,3.808338165283203
238.46078205108643,238.46049299999996,2.1680089999999996,236.29248399999994,3.808338165283203
238.28023767471313,238.2800989999999,2.396011999999999,235.8840869999999,3.808338165283203
238.70324277877808,238.70312899999996,2.4079949999999997,236.29513399999996,3.808338165283203
238.39640402793884,238.3961910000001,2.2719900000000024,236.12420100000008,3.808338165283203
238.10220432281494,238.101829,2.403980999999998,235.69784800000002,3.808338165283203
238.33890795707703,238.338705,2.2920140000000018,236.046691,3.808338165283203
238.49226832389832,238.4919129999998,2.187980999999997,236.3039319999998,3.808338165283203
238.02846670150757,238.02816100000032,2.328005000000001,235.70015600000033,3.808338165283203
237.76395964622498,237.76389000000034,2.2119699999999973,235.55192000000034,3.808338165283203
237.53479146957397,237.53476299999977,2.2000230000000016,235.33473999999978,3.808338165283203
238.5381362438202,238.5379300000002,2.3639709999999994,236.1739590000002,3.808338165283203
