walltime(s),cputime(s),systime(s),usertime(s),memory(GB)
0.08395242691040039,0.08394300000000054,0.0,0.08394300000000054,0.19488525390625
0.07888293266296387,0.07886900000000008,0.0,0.07886900000000008,0.19488525390625
0.08265376091003418,0.08262600000000031,0.0,0.08262600000000031,0.19488525390625
0.07789278030395508,0.07788099999999964,0.0,0.07788099999999964,0.19488525390625
0.08126068115234375,0.08124800000000043,0.0,0.08124800000000043,0.19488525390625
0.07683849334716797,0.0768260000000005,0.0,0.0768260000000005,0.19488525390625
0.07800507545471191,0.07799400000000034,0.0,0.07799400000000034,0.19488525390625
0.07887816429138184,0.07886499999999952,0.0,0.07886499999999952,0.19488525390625
0.07702422142028809,0.07701099999999972,0.0,0.07701099999999972,0.19488525390625
0.08003115653991699,0.0800200000000002,0.0,0.0800200000000002,0.19488525390625
0.07677268981933594,0.0767610000000003,0.0,0.0767610000000003,0.19488525390625
0.07651758193969727,0.076492,0.0,0.076492,0.19488525390625
0.0794520378112793,0.07943899999999982,0.0,0.07943899999999982,0.19488525390625
0.08156394958496094,0.08155200000000029,0.0,0.08155200000000029,0.19488525390625
0.08130431175231934,0.08129100000000022,0.0,0.08129100000000022,0.19488525390625
0.07852649688720703,0.07851300000000005,0.0,0.07851300000000005,0.19488525390625
0.07742023468017578,0.077407,0.0,0.077407,0.19488525390625
0.08001375198364258,0.08000099999999932,0.0,0.08000099999999932,0.19488525390625
0.07899999618530273,0.0789869999999997,0.0,0.0789869999999997,0.19488525390625
0.07900214195251465,0.07898899999999998,0.0,0.07898899999999998,0.19488525390625
0.07765650749206543,0.07764300000000013,0.0,0.07764300000000013,0.19488525390625
0.07805967330932617,0.07804700000000064,0.0,0.07804700000000064,0.19488525390625
0.07678747177124023,0.07677599999999973,0.0,0.07677599999999973,0.19488525390625
0.08088088035583496,0.08086799999999972,0.0,0.08086799999999972,0.19488525390625
0.0818934440612793,0.08188100000000009,0.0,0.08188100000000009,0.19488525390625
0.07652783393859863,0.07651499999999967,0.0,0.07651499999999967,0.19488525390625
0.07617473602294922,0.07616200000000006,0.0,0.07616200000000006,0.19488525390625
0.07725262641906738,0.0772409999999999,0.0,0.0772409999999999,0.19488525390625
0.07683777809143066,0.07682400000000023,0.0,0.07682400000000023,0.19488525390625
0.08143401145935059,0.08142199999999988,0.0,0.08142199999999988,0.19488525390625
