walltime(s),cputime(s),systime(s),usertime(s),memory(GB)
5.055907964706421,5.055859000000001,0.03764099999999998,5.018218000000001,0.2689208984375
5.00150990486145,5.001480000000001,0.0,5.001480000000001,0.27042388916015625
4.987640142440796,4.987639999999999,0.0,4.987639999999999,0.2708587646484375
4.982097148895264,4.982102000000001,0.0,4.982102000000001,0.2708587646484375
4.996500730514526,4.996510000000001,0.0,4.996510000000001,0.2708587646484375
4.967074871063232,4.967084999999997,0.0,4.967084999999997,0.2708587646484375
5.007556200027466,5.0075629999999975,0.0,5.0075629999999975,0.2708587646484375
5.034520149230957,5.034523,0.0,5.034523,0.2708587646484375
4.969948768615723,4.969923999999999,0.0,4.969923999999999,0.2708587646484375
5.027795076370239,5.027797999999997,0.0,5.027797999999997,0.2708587646484375
5.0440099239349365,5.044013,0.0,5.044013,0.2708587646484375
5.067803859710693,5.067833999999998,0.0,5.067833999999998,0.2708587646484375
5.048365592956543,5.048362999999995,0.0,5.048362999999995,0.2708587646484375
5.254346609115601,5.254350000000002,0.0,5.254350000000002,0.2708587646484375
5.123316764831543,5.123309000000006,0.0,5.123309000000006,0.2708587646484375
5.02618932723999,5.026191999999995,0.0,5.026191999999995,0.2708587646484375
5.07086443901062,5.070873999999989,0.0,5.070873999999989,0.2708587646484375
4.9853198528289795,4.985318000000007,0.0,4.985318000000007,0.2708587646484375
4.995871067047119,4.995880000000014,0.0,4.995880000000014,0.2708587646484375
5.03371787071228,5.033717999999993,0.0,5.033717999999993,0.2708587646484375
4.975822687149048,4.975825999999998,0.0,4.975825999999998,0.2708587646484375
5.010936260223389,5.010955999999993,0.0,5.010955999999993,0.2708587646484375
4.977081298828125,4.977111000000008,0.0,4.977111000000008,0.2708587646484375
4.980259895324707,4.980283,0.0,4.980283,0.2708587646484375
4.99364709854126,4.993675999999994,0.0,4.993675999999994,0.2708587646484375
4.988494873046875,4.988508999999993,0.0,4.988508999999993,0.2708587646484375
4.960530757904053,4.960531000000003,0.0,4.960531000000003,0.2708587646484375
4.990347862243652,4.990376999999995,0.0,4.990376999999995,0.2708587646484375
4.980049133300781,4.980072000000007,0.0,4.980072000000007,0.2708587646484375
4.980947256088257,4.980966999999993,0.0,4.980966999999993,0.2708587646484375
