walltime(s),cputime(s),systime(s),usertime(s),memory(GB)
1702.3185131549835,1702.2025449999999,29.022444,1673.180101,27.541385650634766
1700.6956207752228,1700.6819480000001,28.639741000000004,1672.0422070000002,27.5423583984375
