walltime(s),cputime(s),systime(s),usertime(s),memory(GB)
0.20967602729797363,0.209546,0.0,0.209546,0.19545364379882812
0.1910688877105713,0.1910590000000001,0.0,0.1910590000000001,0.19555282592773438
0.19498085975646973,0.1949690000000004,0.0,0.1949690000000004,0.195556640625
0.19248557090759277,0.1924520000000003,0.0,0.1924520000000003,0.195556640625
0.19100189208984375,0.19099300000000063,0.0,0.19099300000000063,0.195556640625
0.19491219520568848,0.19490000000000052,0.0,0.19490000000000052,0.195556640625
0.19612812995910645,0.1961150000000007,0.0,0.1961150000000007,0.195556640625
0.18997621536254883,0.18996700000000022,0.0,0.18996700000000022,0.195556640625
0.19782042503356934,0.1978099999999996,0.0,0.1978099999999996,0.195556640625
0.1968214511871338,0.1966979999999996,0.0,0.1966979999999996,0.195556640625
0.19150185585021973,0.1914909999999992,0.0,0.1914909999999992,0.195556640625
0.19735503196716309,0.19734500000000033,0.0,0.19734500000000033,0.195556640625
0.19146203994750977,0.19145199999999996,0.0,0.19145199999999996,0.195556640625
0.1982126235961914,0.19819500000000012,0.0,0.19819500000000012,0.195556640625
0.19042491912841797,0.19041499999999978,0.0,0.19041499999999978,0.195556640625
0.19524240493774414,0.19523199999999985,0.0,0.19523199999999985,0.195556640625
0.19785189628601074,0.19784299999999977,0.0,0.19784299999999977,0.195556640625
0.19158649444580078,0.19145699999999977,0.0,0.19145699999999977,0.195556640625
0.19127845764160156,0.1912679999999991,0.0,0.1912679999999991,0.195556640625
0.19372248649597168,0.19371199999999966,0.0,0.19371199999999966,0.195556640625
0.19386816024780273,0.1938380000000013,0.0,0.1938380000000013,0.195556640625
0.19421601295471191,0.19420599999999943,0.0,0.19420599999999943,0.195556640625
0.1949167251586914,0.19490699999999883,0.0,0.19490699999999883,0.195556640625
0.19154882431030273,0.19153999999999982,0.0,0.19153999999999982,0.195556640625
0.19498968124389648,0.19497999999999927,0.0,0.19497999999999927,0.195556640625
0.1976485252380371,0.19763900000000056,0.0,0.19763900000000056,0.195556640625
0.19134783744812012,0.1912300000000009,0.0,0.1912300000000009,0.195556640625
0.19888544082641602,0.19887600000000027,0.0,0.19887600000000027,0.195556640625
0.19005465507507324,0.19004499999999958,0.0,0.19004499999999958,0.195556640625
0.19176363945007324,0.19174699999999945,0.0,0.19174699999999945,0.195556640625
