walltime(s),cputime(s),systime(s),usertime(s),memory(GB)
0.2581620216369629,0.2581519999999995,0.00378999999999996,0.25436199999999953,0.19567489624023438
0.2565760612487793,0.256545,0.0,0.256545,0.1959228515625
0.25626039505004883,0.25625000000000053,0.0,0.25625000000000053,0.1959228515625
0.25635623931884766,0.25634599999999974,0.0,0.25634599999999974,0.1959228515625
0.25472331047058105,0.25468700000000055,0.0,0.25468700000000055,0.1959228515625
0.2488408088684082,0.24882999999999988,0.0,0.24882999999999988,0.1959228515625
0.24844884872436523,0.2484390000000003,0.0,0.2484390000000003,0.1959228515625
0.2487337589263916,0.24872400000000017,0.0,0.24872400000000017,0.1959228515625
0.24894285202026367,0.24891299999999994,0.0,0.24891299999999994,0.1959228515625
0.2492983341217041,0.24928799999999995,0.0,0.24928799999999995,0.1959228515625
0.24952149391174316,0.24949200000000005,0.0,0.24949200000000005,0.1959228515625
0.24840974807739258,0.24838000000000005,0.0,0.24838000000000005,0.1959228515625
0.24972009658813477,0.24970900000000018,0.0,0.24970900000000018,0.1959228515625
0.2491447925567627,0.24913400000000063,0.0,0.24913400000000063,0.1959228515625
0.249129056930542,0.24909800000000004,0.0,0.24909800000000004,0.1959228515625
0.24789142608642578,0.24788099999999957,0.0,0.24788099999999957,0.1959228515625
0.248978853225708,0.24896799999999963,0.0,0.24896799999999963,0.1959228515625
0.24835729598999023,0.24834699999999899,0.0,0.24834699999999899,0.1959228515625
0.24864554405212402,0.24861500000000092,0.0,0.24861500000000092,0.1959228515625
0.2487189769744873,0.24870899999999985,0.0,0.24870899999999985,0.1959228515625
0.24840831756591797,0.24839699999999887,0.0,0.24839699999999887,0.1959228515625
0.24769115447998047,0.24766099999999902,0.0,0.24766099999999902,0.1959228515625
0.2489175796508789,0.24889899999999976,0.0,0.24889899999999976,0.1959228515625
0.24775195121765137,0.24772199999999955,0.0,0.24772199999999955,0.1959228515625
0.2482302188873291,0.24821900000000063,0.0,0.24821900000000063,0.1959228515625
0.24805140495300293,0.24802000000000035,0.0,0.24802000000000035,0.1959228515625
0.24955391883850098,0.24954299999999918,0.0,0.24954299999999918,0.1959228515625
0.24875164031982422,0.24874100000000077,0.0,0.24874100000000077,0.1959228515625
0.24832773208618164,0.24829600000000163,0.0,0.24829600000000163,0.1959228515625
0.24855494499206543,0.24854299999999974,0.0,0.24854299999999974,0.1959228515625
