walltime(s),cputime(s),systime(s),usertime(s),memory(GB)
521.9730296134949,521.9564690000001,8.372599000000001,513.58387,7.6991729736328125
528.4646966457367,528.45108,6.647675,521.803405,7.699760437011719
527.1948728561401,527.181921,6.603763000000001,520.578158,7.699760437011719
532.6709547042847,532.6494560000001,6.379735,526.2697210000001,7.699760437011719
530.7709469795227,530.7501269999997,6.6797080000000015,524.0704189999997,7.699760437011719
529.2529110908508,529.2400590000001,6.687828000000003,522.5522310000001,7.699760437011719
