walltime(s),cputime(s),systime(s),usertime(s),memory(GB)
1422.5499229431152,1422.525627,24.998335,1397.527292,21.676250457763672
1425.2163128852844,1425.1941219999997,22.719551000000003,1402.4745709999997,21.676250457763672
