walltime(s),cputime(s),systime(s),usertime(s),memory(GB)
1.128307580947876,1.1282959999999997,0.024013000000000007,1.1042829999999997,0.20897293090820312
1.0302834510803223,1.0302740000000004,0.0,1.0302740000000004,0.20899200439453125
1.033174991607666,1.0331390000000003,0.0,1.0331390000000003,0.20902252197265625
1.0235021114349365,1.0234930000000002,0.0,1.0234930000000002,0.20902252197265625
1.0270013809204102,1.026992,0.0,1.026992,0.20902252197265625
1.0249290466308594,1.0249180000000007,0.003970000000000029,1.0209480000000006,0.20902252197265625
1.0371415615081787,1.037122,0.0,1.037122,0.20902252197265625
1.0337984561920166,1.0337880000000017,1.0000000000010001e-05,1.0337780000000016,0.20902252197265625
1.0382089614868164,1.0381999999999998,0.0,1.0381999999999998,0.20902252197265625
1.0339179039001465,1.0338980000000006,0.0,1.0338980000000006,0.20902252197265625
1.0347895622253418,1.0347799999999996,0.0,1.0347799999999996,0.20902252197265625
1.1262805461883545,1.1262609999999995,0.0,1.1262609999999995,0.20902252197265625
1.0335490703582764,1.033539000000001,0.0,1.033539000000001,0.2091064453125
1.0233466625213623,1.0233290000000004,0.0,1.0233290000000004,0.2091064453125
1.0384564399719238,1.038456,0.0,1.038456,0.2091064453125
1.0344858169555664,1.034485,0.0,1.034485,0.2091064453125
1.0378315448760986,1.037831999999998,0.0,1.037831999999998,0.2091064453125
1.0283071994781494,1.0282969999999985,0.0,1.0282969999999985,0.2091064453125
1.043388843536377,1.0433870000000027,0.0,1.0433870000000027,0.2091064453125
1.0425643920898438,1.0425629999999977,0.0,1.0425629999999977,0.2091064453125
1.0401830673217773,1.040182999999999,0.0,1.040182999999999,0.2091064453125
1.0298988819122314,1.0298990000000003,0.0,1.0298990000000003,0.2091064453125
1.0340118408203125,1.0340120000000006,0.0,1.0340120000000006,0.2091064453125
1.0371389389038086,1.0371400000000008,0.0,1.0371400000000008,0.2091064453125
1.0361790657043457,1.0361580000000004,0.0,1.0361580000000004,0.2091064453125
1.0338363647460938,1.0338359999999973,0.0,1.0338359999999973,0.2091064453125
1.0311791896820068,1.031170000000003,0.0,1.031170000000003,0.2091064453125
1.0546345710754395,1.0546230000000045,2.000000000002e-06,1.0546210000000045,0.2091064453125
1.0402181148529053,1.0401939999999996,0.0,1.0401939999999996,0.2091064453125
1.0274171829223633,1.0274149999999977,0.0,1.0274149999999977,0.2091064453125
