walltime(s),cputime(s),systime(s),usertime(s),memory(GB)
229.27818059921265,229.27121499999998,3.002942,226.268273,3.708240509033203
229.32516860961914,229.32275199999998,2.255962,227.06678999999997,3.709392547607422
230.04022026062012,230.03786799999997,1.839956,228.19791199999997,3.709392547607422
229.95890522003174,229.95676099999997,2.103994,227.85276699999997,3.709392547607422
229.957355260849,229.95515600000007,2.027951,227.92720500000007,3.709392547607422
229.942284822464,229.94008699999992,2.0319619999999983,227.90812499999993,3.709392547607422
230.00605869293213,230.00389400000006,2.0759600000000002,227.92793400000005,3.709392547607422
230.10633254051208,230.1039790000001,2.0879829999999977,228.0159960000001,3.709392547607422
230.21709418296814,230.21486499999992,2.0399840000000005,228.1748809999999,3.709392547607422
229.94975399971008,229.94753499999985,2.011951,227.93558399999984,3.709392547607422
230.09397506713867,230.09170599999982,2.14396,227.94774599999982,3.709392547607422
230.1330008506775,230.1307430000001,2.007951000000002,228.12279200000012,3.709392547607422
230.03060936927795,230.02829199999988,2.2119639999999983,227.81632799999988,3.709392547607422
230.02221155166626,230.0200369999999,2.043987999999999,227.97604899999988,3.709392547607422
229.99846363067627,229.99620599999997,2.007988000000001,227.98821799999996,3.709392547607422
