walltime(s),cputime(s),systime(s),usertime(s),memory(GB)
0.2331995964050293,0.23319200000000073,0.0,0.23319200000000073,0.195587158203125
0.23099994659423828,0.2309789999999996,0.0,0.2309789999999996,0.195587158203125
0.19820356369018555,0.19819500000000012,0.0,0.19819500000000012,0.195587158203125
0.20522761344909668,0.2052189999999996,0.0,0.2052189999999996,0.195587158203125
0.20093345642089844,0.2009249999999998,0.0,0.2009249999999998,0.195587158203125
0.20955729484558105,0.20953399999999966,0.0,0.20953399999999966,0.195587158203125
0.19912958145141602,0.19912300000000016,0.0,0.19912300000000016,0.195587158203125
0.19803953170776367,0.1980309999999994,0.0,0.1980309999999994,0.195587158203125
0.19822311401367188,0.1982140000000001,0.0,0.1982140000000001,0.195587158203125
0.19646024703979492,0.19644200000000023,0.0,0.19644200000000023,0.195587158203125
0.1984424591064453,0.19842200000000076,0.0,0.19842200000000076,0.195587158203125
0.19802379608154297,0.19801599999999997,0.0,0.19801599999999997,0.195587158203125
0.1980595588684082,0.1979519999999999,0.0,0.1979519999999999,0.195587158203125
0.19742465019226074,0.19741699999999973,0.0,0.19741699999999973,0.195587158203125
0.20094895362854004,0.20094000000000012,0.0,0.20094000000000012,0.195587158203125
0.200577974319458,0.20056799999999964,0.0,0.20056799999999964,0.195587158203125
0.20042133331298828,0.20041199999999915,0.0,0.20041199999999915,0.195587158203125
0.20717978477478027,0.20717100000000066,0.0,0.20717100000000066,0.195587158203125
0.19853520393371582,0.1978439999999999,0.0,0.1978439999999999,0.195587158203125
0.19093704223632812,0.19092900000000057,0.0,0.19092900000000057,0.195587158203125
0.20579957962036133,0.2057909999999996,0.0,0.2057909999999996,0.195587158203125
0.20079803466796875,0.20079099999999883,0.0,0.20079099999999883,0.195587158203125
0.20188212394714355,0.20186499999999974,0.0,0.20186499999999974,0.195587158203125
0.20082378387451172,0.2008150000000004,0.0,0.2008150000000004,0.195587158203125
0.19925761222839355,0.199249,0.0,0.199249,0.195587158203125
0.203596830368042,0.20358799999999988,0.0,0.20358799999999988,0.195587158203125
0.2063140869140625,0.2062969999999993,0.0,0.2062969999999993,0.195587158203125
0.20644879341125488,0.20644000000000062,0.0,0.20644000000000062,0.195587158203125
0.20423340797424316,0.204225000000001,0.0,0.204225000000001,0.195587158203125
0.20950603485107422,0.20948800000000034,0.0,0.20948800000000034,0.195587158203125
