walltime(s),cputime(s),systime(s),usertime(s),memory(GB)
703.5252094268799,703.518557,10.735058,692.783499,12.895423889160156
720.9139752388,720.9071289999999,8.423857000000002,712.4832719999999,12.895984649658203
721.5673604011536,721.5604399999999,8.895938000000001,712.6645019999999,12.895984649658203
721.6603653430939,721.6552979999999,9.135935,712.5193629999999,12.895984649658203
721.4335172176361,721.4288600000002,9.103957000000001,712.3249030000002,12.895984649658203
