walltime(s),cputime(s),systime(s),usertime(s),memory(GB)
802.1513879299164,802.1660909999999,12.58418,789.581911,13.24692153930664
794.1345148086548,794.149915,11.716102,782.433813,13.247879028320312
794.6135015487671,794.6280440000003,11.920155000000005,782.7078890000003,13.247879028320312
796.150737285614,796.1624119999997,11.960204000000004,784.2022079999997,13.247879028320312
