walltime(s),cputime(s),systime(s),usertime(s),memory(GB)
0.1386122703552246,0.13860500000000053,0.0,0.13860500000000053,0.1944580078125
0.14644694328308105,0.14643800000000073,0.0,0.14643800000000073,0.1944580078125
0.12102627754211426,0.1210179999999994,0.0,0.1210179999999994,0.1944580078125
0.12215471267700195,0.122147,0.0,0.122147,0.1944580078125
0.12294626235961914,0.1229300000000002,0.0,0.1229300000000002,0.1944580078125
0.12208247184753418,0.12207499999999971,0.0,0.12207499999999971,0.1944580078125
0.1226198673248291,0.12258700000000022,0.0,0.12258700000000022,0.1944580078125
0.12217473983764648,0.122166,0.0,0.122166,0.1944580078125
0.12244439125061035,0.12243600000000043,0.0,0.12243600000000043,0.1944580078125
0.1229851245880127,0.12297799999999981,0.0,0.12297799999999981,0.1944580078125
0.1234891414642334,0.1234800000000007,0.0,0.1234800000000007,0.1944580078125
0.12201476097106934,0.12200599999999984,0.0,0.12200599999999984,0.1944580078125
0.12270259857177734,0.12266499999999958,0.0,0.12266499999999958,0.1944580078125
0.12294650077819824,0.12293900000000058,0.0,0.12293900000000058,0.1944580078125
0.12286090850830078,0.12285299999999921,0.0,0.12285299999999921,0.1944580078125
0.12217497825622559,0.122166,0.0,0.122166,0.1944580078125
0.12169528007507324,0.12168700000000054,0.0,0.12168700000000054,0.1944580078125
0.12293672561645508,0.12292799999999993,0.0,0.12292799999999993,0.1944580078125
0.12180352210998535,0.12177599999999966,0.0,0.12177599999999966,0.1944580078125
0.12381935119628906,0.1238109999999999,0.0,0.1238109999999999,0.1944580078125
0.12094545364379883,0.12091899999999978,0.0,0.12091899999999978,0.1944580078125
0.12046432495117188,0.12045700000000004,0.0,0.12045700000000004,0.1944580078125
0.11996269226074219,0.11995500000000003,0.0,0.11995500000000003,0.1944580078125
0.1199347972869873,0.11992600000000042,0.0,0.11992600000000042,0.1944580078125
0.1198127269744873,0.11980399999999936,0.0,0.11980399999999936,0.1944580078125
0.12081170082092285,0.12080299999999955,0.0,0.12080299999999955,0.1944580078125
0.1197974681854248,0.11978799999999978,0.0,0.11978799999999978,0.1944580078125
0.12088894844055176,0.1208809999999989,0.0,0.1208809999999989,0.1944580078125
0.12182426452636719,0.12181599999999904,0.0,0.12181599999999904,0.1944580078125
0.12415933609008789,0.12414200000000086,0.0,0.12414200000000086,0.1944580078125
