walltime(s),cputime(s),systime(s),usertime(s),memory(GB)
685.1101896762848,684.890925,16.117653999999998,668.773271,10.909908294677734
1142.9032735824585,723.2621650000001,23.727005,699.5351600000001,10.909908294677734
675.6373491287231,675.3942810000001,13.064960999999997,662.32932,10.909908294677734
674.1171679496765,674.1209990000002,11.585952999999996,662.5350460000002,10.909908294677734
