walltime(s),cputime(s),systime(s),usertime(s),memory(GB)
254.03931164741516,254.04013500000002,4.599286,249.44084900000001,3.8369979858398438
252.17623949050903,252.177882,3.23217,248.94571200000001,3.8378677368164062
253.1692385673523,253.17017799999996,3.260021,249.91015699999997,3.8378753662109375
254.96557354927063,254.96568000000002,3.1920529999999996,251.77362700000003,3.8378753662109375
255.15139484405518,255.15243000000015,3.316034,251.83639600000015,3.8378753662109375
255.22647786140442,255.22758100000004,3.3200009999999978,251.90758000000005,3.8378753662109375
254.0743227005005,254.06879299999997,3.195990000000002,250.87280299999998,3.8378753662109375
252.97988271713257,252.919268,3.1519660000000016,249.76730199999997,3.8378753662109375
252.84850406646729,252.85009100000008,3.268031999999998,249.58205900000007,3.8378753662109375
252.96336364746094,252.96503900000002,3.232018,249.733021,3.8378753662109375
253.00676155090332,253.00839100000024,3.184009000000003,249.82438200000024,3.8378753662109375
252.48587560653687,252.48752100000002,3.1440449999999984,249.343476,3.8378753662109375
252.3981490135193,252.3997640000001,2.9720280000000017,249.4277360000001,3.8378753662109375
252.28173279762268,252.28343500000005,2.6920020000000022,249.59143300000005,3.8378753662109375
