walltime(s),cputime(s),systime(s),usertime(s),memory(GB)
352.0923192501068,343.770498,6.122872,337.647626,5.680946350097656
354.09444546699524,352.68265399999996,6.008166000000001,346.67448799999994,5.680946350097656
338.3692135810852,338.346703,3.888115000000001,334.45858799999996,5.680946350097656
334.3860077857971,334.38645099999985,3.3040829999999985,331.08236799999986,5.680946350097656
337.37979555130005,337.26307700000007,3.6798420000000007,333.58323500000006,5.680946350097656
334.4078996181488,334.40744499999994,3.3080750000000023,331.0993699999999,5.680946350097656
336.4806053638458,334.9494949999999,3.7078760000000024,331.2416189999999,5.680946350097656
335.94811964035034,335.9473799999999,3.304010999999999,332.6433689999999,5.680946350097656
345.19689679145813,345.19766599999997,3.531984999999999,341.66568099999995,5.681652069091797
345.42728757858276,345.4285150000002,3.556016999999997,341.8724980000002,5.681652069091797
