walltime(s),cputime(s),systime(s),usertime(s),memory(GB)
254.41957330703735,254.419561,4.011375,250.408186,3.7634429931640625
252.96010041236877,252.961735,4.064025,248.89771000000002,3.7634429931640625
248.7090940475464,248.710698,3.9040300000000006,244.806668,3.7634429931640625
253.35096836090088,253.30085799999992,3.972204999999999,249.32865299999992,3.7634429931640625
254.2282178401947,254.23011399999993,3.8640000000000008,250.36611399999992,3.7634429931640625
254.68420338630676,254.66579700000005,4.163879999999999,250.50191700000005,3.7634429931640625
254.4529960155487,254.45483500000012,4.072044999999999,250.3827900000001,3.7634429931640625
254.5632927417755,254.5481370000001,4.003781000000004,250.5443560000001,3.7634429931640625
254.75294137001038,254.74860100000004,4.0758810000000025,250.67272000000003,3.7634429931640625
253.91242504119873,253.9078710000002,3.9719340000000045,249.9359370000002,3.7634429931640625
254.383198261261,254.371197,4.079768999999999,250.291428,3.7634429931640625
254.64096570014954,254.6268690000001,3.987727999999997,250.6391410000001,3.7634429931640625
253.8117814064026,253.803886,4.031871000000002,249.772015,3.7634429931640625
255.7515251636505,255.74318400000004,4.231985000000002,251.51119900000003,3.7634429931640625
