walltime(s),cputime(s),systime(s),usertime(s),memory(GB)
190.77610659599304,190.66986400000002,3.337655,187.332209,2.6376991271972656
193.20017170906067,193.197397,3.0679790000000002,190.129418,2.6376991271972656
191.8554925918579,191.8547580000001,2.8959919999999997,188.95876600000008,2.6376991271972656
190.6475691795349,190.64673599999992,2.635990999999999,188.01074499999993,2.6376991271972656
193.528559923172,193.52893099999994,2.908004,190.62092699999994,2.6376991271972656
195.61414766311646,195.61437599999994,2.951971999999998,192.66240399999992,2.6376991271972656
198.98666977882385,198.98695700000005,3.0560469999999995,195.93091000000004,2.6376991271972656
198.10505890846252,198.10521700000012,2.9480210000000007,195.1571960000001,2.6376991271972656
193.60095953941345,193.57620000000003,2.912040000000001,190.66416000000004,2.6376991271972656
191.318115234375,191.31353299999998,2.9758989999999983,188.33763399999998,2.6376991271972656
195.2494010925293,195.24524700000012,2.9078959999999974,192.33735100000013,2.6376991271972656
179.33288407325745,179.32914700000012,2.579958000000005,176.74918900000011,2.6376991271972656
191.338525056839,191.33486700000034,2.607925999999999,188.72694100000035,2.6376991271972656
192.57203149795532,192.5678899999998,2.919937999999995,189.6479519999998,2.6376991271972656
191.06781029701233,191.06394300000025,2.6999409999999955,188.36400200000026,2.6376991271972656
189.22912526130676,189.2247890000002,2.5519060000000025,186.67288300000018,2.6376991271972656
192.61752772331238,192.61334099999996,2.771962000000002,189.84137899999996,2.6376991271972656
189.97393703460693,189.96993700000013,2.81991,187.15002700000014,2.6376991271972656
