walltime(s),cputime(s),systime(s),usertime(s),memory(GB)
1720.5223503112793,1720.542809,29.074853,1691.467956,24.790626525878906
1687.6593844890594,1687.6842670000003,28.472407999999998,1659.2118590000002,24.79143524169922
