walltime(s),cputime(s),systime(s),usertime(s),memory(GB)
0.10829520225524902,0.1082759999999996,0.0,0.1082759999999996,0.195068359375
0.10429596900939941,0.10428499999999996,0.0,0.10428499999999996,0.195068359375
0.10382342338562012,0.10381299999999971,0.0,0.10381299999999971,0.195068359375
0.09936141967773438,0.09935000000000027,0.0,0.09935000000000027,0.195068359375
0.10575437545776367,0.10574499999999976,0.0,0.10574499999999976,0.195068359375
0.10439896583557129,0.10438900000000029,0.0,0.10438900000000029,0.195068359375
0.09928345680236816,0.09927299999999928,0.0,0.09927299999999928,0.195068359375
0.09923434257507324,0.09920799999999996,0.0,0.09920799999999996,0.195068359375
0.10651254653930664,0.10649599999999992,0.0,0.10649599999999992,0.195068359375
0.09921669960021973,0.09920500000000043,0.0,0.09920500000000043,0.195068359375
0.10490036010742188,0.10488199999999992,0.0,0.10488199999999992,0.195068359375
0.10525107383728027,0.10524100000000036,0.0,0.10524100000000036,0.195068359375
0.1013936996459961,0.10138399999999947,0.0,0.10138399999999947,0.195068359375
0.10647082328796387,0.10646100000000036,0.0,0.10646100000000036,0.195068359375
0.09919428825378418,0.09917700000000007,0.0,0.09917700000000007,0.195068359375
0.1057126522064209,0.1057030000000001,0.0,0.1057030000000001,0.195068359375
0.09922146797180176,0.0992109999999995,0.0,0.0992109999999995,0.195068359375
0.10490179061889648,0.10489100000000029,0.0,0.10489100000000029,0.195068359375
0.09903573989868164,0.09902500000000014,0.0,0.09902500000000014,0.195068359375
0.10793638229370117,0.10792599999999997,0.0,0.10792599999999997,0.195068359375
0.10580253601074219,0.10579200000000011,0.0,0.10579200000000011,0.195068359375
0.0992889404296875,0.09927799999999998,0.0,0.09927799999999998,0.195068359375
0.10017871856689453,0.10016800000000003,0.0,0.10016800000000003,0.195068359375
0.0992743968963623,0.09926499999999994,0.0,0.09926499999999994,0.195068359375
0.10432982444763184,0.10431900000000027,0.0,0.10431900000000027,0.195068359375
0.09874916076660156,0.09873900000000013,0.0,0.09873900000000013,0.195068359375
0.10517406463623047,0.10516300000000012,0.0,0.10516300000000012,0.195068359375
0.10095524787902832,0.10094399999999926,0.0,0.10094399999999926,0.195068359375
0.10036492347717285,0.10035300000000014,0.0,0.10035300000000014,0.195068359375
0.09958696365356445,0.09957700000000003,0.0,0.09957700000000003,0.195068359375
