walltime(s),cputime(s),systime(s),usertime(s),memory(GB)
0.06476187705993652,0.0647420000000003,0.0,0.0647420000000003,0.194580078125
0.06333065032958984,0.06332100000000018,0.0,0.06332100000000018,0.194580078125
0.06348752975463867,0.06347700000000067,0.0,0.06347700000000067,0.194580078125
0.06448030471801758,0.06446899999999989,0.0,0.06446899999999989,0.194580078125
0.06341099739074707,0.06340099999999982,0.0,0.06340099999999982,0.194580078125
0.06323909759521484,0.06322899999999976,0.0,0.06322899999999976,0.194580078125
0.06596040725708008,0.0659370000000008,0.0,0.0659370000000008,0.194580078125
0.06538033485412598,0.06536900000000045,0.0,0.06536900000000045,0.194580078125
0.06521987915039062,0.0652090000000003,0.0,0.0652090000000003,0.194580078125
0.06335735321044922,0.06333500000000036,0.0,0.06333500000000036,0.194580078125
0.06376409530639648,0.06375300000000017,0.0,0.06375300000000017,0.194580078125
0.06343388557434082,0.06342300000000023,0.0,0.06342300000000023,0.194580078125
0.06315755844116211,0.06314699999999984,0.0,0.06314699999999984,0.194580078125
0.0652015209197998,0.06519100000000044,0.0,0.06519100000000044,0.194580078125
0.0643610954284668,0.06435099999999938,0.0,0.06435099999999938,0.194580078125
0.06543993949890137,0.0654300000000001,0.0,0.0654300000000001,0.194580078125
0.06583285331726074,0.06582099999999969,0.0,0.06582099999999969,0.194580078125
0.06560206413269043,0.0655910000000004,0.0,0.0655910000000004,0.194580078125
0.06565189361572266,0.06564200000000042,0.0,0.06564200000000042,0.194580078125
0.06540155410766602,0.06539099999999998,0.0,0.06539099999999998,0.194580078125
0.06453871726989746,0.06452900000000028,0.0,0.06452900000000028,0.194580078125
0.06516599655151367,0.06515300000000046,0.0,0.06515300000000046,0.194580078125
0.06359362602233887,0.06358400000000053,0.0,0.06358400000000053,0.194580078125
0.06540799140930176,0.06539600000000068,0.0,0.06539600000000068,0.194580078125
0.06337928771972656,0.06336899999999979,0.0,0.06336899999999979,0.194580078125
0.06343460083007812,0.06341799999999953,0.0,0.06341799999999953,0.194580078125
0.06339049339294434,0.0633790000000003,0.0,0.0633790000000003,0.194580078125
0.0637369155883789,0.06372700000000009,0.0,0.06372700000000009,0.194580078125
0.06349492073059082,0.06348500000000001,0.0,0.06348500000000001,0.194580078125
0.06337714195251465,0.06336699999999951,0.0,0.06336699999999951,0.194580078125
