walltime(s),cputime(s),systime(s),usertime(s),memory(GB)
517.5521016120911,517.5509380000001,10.267273999999999,507.28366400000004,8.197986602783203
522.455531835556,522.45339,5.924111999999999,516.529278,8.19864273071289
517.0985267162323,517.0889830000001,5.527940000000001,511.56104300000015,8.19864273071289
517.1002178192139,517.052789,5.395572000000001,511.65721699999995,8.19864273071289
513.1573235988617,513.1433719999998,5.615963000000001,507.5274089999998,8.198760986328125
518.6106703281403,518.58565,5.343933999999997,513.241716,8.198760986328125
