walltime(s),cputime(s),systime(s),usertime(s),memory(GB)
0.8840184211730957,0.8840110000000004,0.0031809999999999894,0.8808300000000004,0.20560836791992188
0.8985381126403809,0.8985280000000007,0.0,0.8985280000000007,0.20560836791992188
0.893667459487915,0.8936549999999999,0.0,0.8936549999999999,0.20560836791992188
0.8808424472808838,0.8808189999999998,0.0,0.8808189999999998,0.20560836791992188
0.8784298896789551,0.8784209999999995,0.0,0.8784209999999995,0.20560836791992188
0.8737900257110596,0.8737759999999994,0.0,0.8737759999999994,0.20560836791992188
0.8696956634521484,0.8696870000000008,0.0,0.8696870000000008,0.20560836791992188
0.8703019618988037,0.870292000000001,0.0,0.870292000000001,0.20560836791992188
0.8706879615783691,0.8706809999999994,0.0,0.8706809999999994,0.20560836791992188
0.869434118270874,0.8694349999999993,0.0,0.8694349999999993,0.20560836791992188
0.8769078254699707,0.8769000000000009,0.0,0.8769000000000009,0.20560836791992188
0.8788673877716064,0.8788599999999995,0.0,0.8788599999999995,0.20560836791992188
0.8699650764465332,0.8699589999999997,0.0,0.8699589999999997,0.20560836791992188
0.883190393447876,0.8831829999999989,0.0,0.8831829999999989,0.20560836791992188
0.8463137149810791,0.8462989999999984,0.0,0.8462989999999984,0.20560836791992188
0.8477210998535156,0.8476089999999985,0.0,0.8476089999999985,0.20560836791992188
0.8480217456817627,0.8480139999999992,0.0,0.8480139999999992,0.20560836791992188
0.8457772731781006,0.8457780000000028,0.0,0.8457780000000028,0.20560836791992188
0.8510358333587646,0.8510360000000006,0.0,0.8510360000000006,0.20560836791992188
0.8512282371520996,0.851229,0.0,0.851229,0.20560836791992188
0.8484563827514648,0.8484580000000008,0.0,0.8484580000000008,0.20560836791992188
0.8464770317077637,0.846468999999999,0.0,0.846468999999999,0.20560836791992188
0.8507864475250244,0.8507779999999983,0.0,0.8507779999999983,0.20560836791992188
0.8459246158599854,0.845917,0.0,0.845917,0.20560836791992188
0.8464217185974121,0.8464150000000004,0.0,0.8464150000000004,0.20560836791992188
0.8505346775054932,0.8505289999999981,0.0,0.8505289999999981,0.20560836791992188
0.8516891002655029,0.8516890000000004,0.0,0.8516890000000004,0.20560836791992188
0.8449981212615967,0.8449980000000004,0.0,0.8449980000000004,0.20560836791992188
0.8426587581634521,0.8426600000000022,0.0,0.8426600000000022,0.20560836791992188
0.8504416942596436,0.8504319999999979,0.0,0.8504319999999979,0.20560836791992188
