walltime(s),cputime(s),systime(s),usertime(s),memory(GB)
236.44281363487244,236.34484,3.097788,233.247052,3.90472412109375
231.96706628799438,231.96147100000005,2.26382,229.69765100000004,3.905261993408203
228.0648055076599,228.05963900000003,1.923864,226.13577500000002,3.905364990234375
227.95264625549316,227.94748799999996,2.243943,225.70354499999996,3.905364990234375
228.02890944480896,228.02372799999986,2.191903,225.83182499999987,3.905498504638672
228.05782890319824,228.05265900000003,3.779978999999999,224.27268000000004,3.905498504638672
216.51254272460938,216.50798000000003,2.2399330000000006,214.26804700000002,3.905498504638672
225.52089285850525,225.5152769999999,2.195900999999999,223.31937599999992,3.905498504638672
226.99383354187012,226.98878499999998,2.267959000000001,224.720826,3.905498504638672
226.4414255619049,226.4360459999998,2.167956,224.2680899999998,3.905498504638672
224.7430498600006,224.73776299999983,2.4399200000000008,222.29784299999983,3.905498504638672
225.07412958145142,225.0687769999996,2.379954999999999,222.68882199999962,3.905498504638672
225.03028678894043,225.02486400000024,2.259914000000002,222.76495000000023,3.905498504638672
224.82560467720032,224.82053100000007,2.243921000000004,222.57661000000007,3.905498504638672
225.21042561531067,225.20476699999995,2.1439570000000003,223.06080999999995,3.905498504638672
