walltime(s),cputime(s),systime(s),usertime(s),memory(GB)
163.0366747379303,163.02649399999999,2.486357,160.540137,3.5097503662109375
162.90100860595703,162.893645,1.7998969999999996,161.093748,3.5103797912597656
163.09164834022522,163.08415,1.7478980000000002,161.336252,3.510456085205078
163.07358980178833,163.06613099999996,1.7119349999999995,161.35419599999994,3.510456085205078
163.23161053657532,163.22413099999997,1.6399150000000002,161.58421599999997,3.510456085205078
163.19155740737915,163.18409,1.7799110000000002,161.404179,3.510456085205078
181.85361862182617,181.84479000000005,2.019919999999999,179.82487000000003,3.510456085205078
217.01358723640442,217.00124599999998,2.495875,214.50537099999997,3.510456085205078
214.57603859901428,214.5636640000001,2.3839070000000007,212.1797570000001,3.510456085205078
210.88622522354126,210.86851800000002,2.2398750000000014,208.628643,3.510456085205078
217.15163278579712,217.13969700000013,2.4638589999999994,214.6758380000001,3.510456085205078
211.6854920387268,211.67341799999974,2.295884000000001,209.37753399999974,3.510456085205078
198.02793526649475,197.97733799999975,2.1116059999999983,195.86573199999975,3.510456085205078
196.30235886573792,196.24380999999983,2.0276880000000013,194.2161219999998,3.510456085205078
200.4964690208435,200.45695099999995,2.140021000000001,198.31692999999996,3.510456085205078
205.07299995422363,205.06151199999954,2.0838949999999983,202.97761699999955,3.510456085205078
205.3018171787262,205.2912839999999,2.071914999999997,203.21936899999992,3.510456085205078
206.01394367218018,206.00247499999983,2.147857000000002,203.85461799999985,3.510456085205078
