walltime(s),cputime(s),systime(s),usertime(s),memory(GB)
0.8623878955841064,0.862371,0.009960000000000024,0.852411,0.20650100708007812
0.8491945266723633,0.849183,0.0,0.849183,0.20650100708007812
0.8452520370483398,0.8452419999999998,0.0,0.8452419999999998,0.20650100708007812
0.8451266288757324,0.8450169999999995,0.0,0.8450169999999995,0.20650100708007812
0.8457145690917969,0.8456960000000002,0.0,0.8456960000000002,0.20674514770507812
0.8233017921447754,0.8228599999999986,0.0,0.8228599999999986,0.20674514770507812
0.7965826988220215,0.7962009999999999,0.0,0.7962009999999999,0.20674514770507812
0.7979052066802979,0.7976550000000007,0.0,0.7976550000000007,0.20674514770507812
0.7961535453796387,0.7958569999999998,0.0,0.7958569999999998,0.20674514770507812
0.7986221313476562,0.7985830000000007,0.0,0.7985830000000007,0.20674514770507812
0.7981271743774414,0.7977629999999998,0.0,0.7977629999999998,0.20674514770507812
0.7936036586761475,0.7932689999999987,0.0,0.7932689999999987,0.20674514770507812
0.8007006645202637,0.8004370000000005,0.0,0.8004370000000005,0.20674514770507812
0.8018491268157959,0.8015699999999999,0.0,0.8015699999999999,0.20674514770507812
0.7983651161193848,0.7980859999999996,0.0,0.7980859999999996,0.20674514770507812
0.7997641563415527,0.799469000000002,0.0,0.799469000000002,0.20674514770507812
0.9793124198913574,0.9789670000000008,0.0,0.9789670000000008,0.20674514770507812
0.8506603240966797,0.850325999999999,0.0,0.850325999999999,0.20674514770507812
0.8015363216400146,0.8011939999999989,0.0,0.8011939999999989,0.20674514770507812
0.802577018737793,0.8022950000000009,0.0,0.8022950000000009,0.20674514770507812
0.8014428615570068,0.8011020000000002,0.0,0.8011020000000002,0.20674514770507812
0.7972362041473389,0.7970000000000006,0.0,0.7970000000000006,0.20674514770507812
0.7977194786071777,0.7974379999999996,0.0,0.7974379999999996,0.20674514770507812
0.8987386226654053,0.898378000000001,0.0,0.898378000000001,0.20674514770507812
0.845606803894043,0.8451790000000017,0.0,0.8451790000000017,0.20674514770507812
0.7998373508453369,0.799551000000001,0.0,0.799551000000001,0.20674514770507812
0.7998104095458984,0.7994330000000005,0.0,0.7994330000000005,0.20674514770507812
0.8000898361206055,0.7996780000000001,0.0,0.7996780000000001,0.20674514770507812
0.8004879951477051,0.8002350000000007,0.0,0.8002350000000007,0.20674514770507812
0.8044507503509521,0.8040599999999998,0.0,0.8040599999999998,0.20674514770507812
