walltime(s),cputime(s),systime(s),usertime(s),memory(GB)
768.2847859859467,768.280627,13.704243,754.576384,12.809123992919922
772.8080332279205,772.8063920000001,11.795912,761.01048,12.809123992919922
774.3260922431946,774.3244660000003,11.123977000000004,763.2004890000003,12.809123992919922
777.8082239627838,777.7705459999996,10.227953,767.5425929999997,12.809123992919922
