walltime(s),cputime(s),systime(s),usertime(s),memory(GB)
0.7134158611297607,0.7134,0.0,0.7134,0.20612335205078125
0.7081868648529053,0.7081590000000002,0.0,0.7081590000000002,0.2062835693359375
0.7113687992095947,0.7113490000000002,0.0,0.7113490000000002,0.2062835693359375
0.7050204277038574,0.7049840000000005,0.0,0.7049840000000005,0.2062835693359375
0.7036693096160889,0.703659,0.0,0.703659,0.2062835693359375
0.7130453586578369,0.7130089999999996,0.0,0.7130089999999996,0.2062835693359375
0.7151155471801758,0.7150949999999998,0.0,0.7150949999999998,0.2062835693359375
0.7086460590362549,0.7086259999999989,0.0,0.7086259999999989,0.2062835693359375
0.7122914791107178,0.7122810000000008,0.0,0.7122810000000008,0.2062835693359375
0.7111806869506836,0.7111599999999996,0.0,0.7111599999999996,0.2062835693359375
0.71183180809021,0.7117909999999998,0.0,0.7117909999999998,0.2062835693359375
0.712507963180542,0.7124819999999996,0.0,0.7124819999999996,0.2062835693359375
0.707439661026001,0.7074309999999997,0.0,0.7074309999999997,0.2062835693359375
0.7201225757598877,0.7201000000000004,0.0,0.7201000000000004,0.2062835693359375
0.7130088806152344,0.7129879999999993,0.0,0.7129879999999993,0.2062835693359375
0.7029628753662109,0.7029259999999997,0.0,0.7029259999999997,0.2062835693359375
0.7202954292297363,0.7202780000000004,0.0,0.7202780000000004,0.2062835693359375
0.710625410079956,0.7106020000000015,0.0,0.7106020000000015,0.2062835693359375
0.7079198360443115,0.7078990000000012,0.0,0.7078990000000012,0.206298828125
0.7091531753540039,0.7091310000000028,0.0,0.7091310000000028,0.206298828125
0.7191872596740723,0.7191769999999984,0.0,0.7191769999999984,0.20630645751953125
0.7140510082244873,0.7140209999999989,0.0,0.7140209999999989,0.20630645751953125
0.7130641937255859,0.713044,0.0,0.713044,0.20633316040039062
0.7186005115509033,0.7185740000000003,0.0,0.7185740000000003,0.20633316040039062
0.7183823585510254,0.7183709999999977,0.0,0.7183709999999977,0.20633316040039062
0.7124955654144287,0.7124750000000013,0.0,0.7124750000000013,0.20633316040039062
0.7178609371185303,0.7178219999999982,0.0,0.7178219999999982,0.20633316040039062
0.7004978656768799,0.7004699999999993,0.0,0.7004699999999993,0.20633316040039062
0.7156388759613037,0.7156300000000009,0.0,0.7156300000000009,0.20633316040039062
0.7181596755981445,0.7181329999999981,0.0,0.7181329999999981,0.20633316040039062
