walltime(s),cputime(s),systime(s),usertime(s),memory(GB)
207.96399569511414,207.96818699999997,2.4671450000000004,205.50104199999998,3.7615318298339844
207.06448006629944,207.06837900000002,1.9201070000000002,205.14827200000002,3.7616539001464844
207.29823565483093,207.302108,1.896039,205.406069,3.7616539001464844
207.26659107208252,207.27024799999995,1.8200310000000002,205.45021699999995,3.7616539001464844
207.2793116569519,207.28294899999995,1.9160319999999995,205.36691699999994,3.7616539001464844
207.28041243553162,207.28426699999986,2.008044,205.27622299999985,3.7616539001464844
207.31332659721375,207.31733100000002,1.9200540000000004,205.39727700000003,3.7616539001464844
207.49993777275085,207.50393100000005,2.072039,205.43189200000006,3.7616539001464844
207.24456119537354,207.24851999999998,1.8800039999999996,205.368516,3.7616539001464844
207.4960482120514,207.49999200000016,1.9920399999999994,205.50795200000016,3.7616539001464844
207.31968760490417,207.32368099999997,2.112037000000001,205.21164399999998,3.7616539001464844
207.4421682357788,207.446221,1.8720210000000002,205.57420000000002,3.7616539001464844
207.64096331596375,207.64500099999987,2.100011000000002,205.54498999999987,3.7616539001464844
207.3831775188446,207.38712000000015,1.8160280000000029,205.57109200000014,3.7616539001464844
207.5832006931305,207.58715699999962,1.91207,205.67508699999962,3.7616539001464844
209.3054666519165,209.30903499999982,1.9400480000000009,207.36898699999983,3.7616539001464844
207.32331228256226,207.32733299999978,1.908030999999994,205.4193019999998,3.7616539001464844
