walltime(s),cputime(s),systime(s),usertime(s),memory(GB)
716.5349378585815,716.5235739999999,10.442369,706.081205,11.671394348144531
723.0688591003418,723.0595860000001,8.243586000000002,714.816,11.67171859741211
722.6906082630157,722.6819439999999,8.143768999999999,714.5381749999999,11.671844482421875
706.098699092865,706.0889620000003,8.187879999999996,697.9010820000003,11.671844482421875
680.2539811134338,680.2382899999997,8.423831,671.8144589999997,11.671844482421875
