walltime(s),cputime(s),systime(s),usertime(s),memory(GB)
1130.3220603466034,1130.3099490000002,16.587886,1113.7220630000002,19.758975982666016
1149.8881423473358,1149.6263920000004,13.095481,1136.5309110000003,19.758975982666016
1150.8118116855621,1150.8009619999998,13.16374,1137.6372219999998,19.758975982666016
