walltime(s),cputime(s),systime(s),usertime(s),memory(GB)
244.54771971702576,244.547151,4.270521,240.27663,3.8735733032226562
248.52907133102417,248.51708,5.331975000000001,243.185105,3.8735733032226562
249.4461634159088,249.44576500000002,5.439967000000001,244.00579800000003,3.8735733032226562
250.3422713279724,250.34158199999996,5.611959000000001,244.72962299999995,3.8735733032226562
250.6657943725586,250.65727900000005,5.3639389999999985,245.29334000000006,3.8735733032226562
250.99687790870667,250.95035800000005,5.323796999999999,245.62656100000004,3.8735733032226562
251.59708881378174,251.56261099999992,5.355626999999998,246.20698399999992,3.8735733032226562
251.43091106414795,251.41028700000004,5.391794000000004,246.01849300000003,3.8735733032226562
250.6815254688263,250.62367999999975,5.335484000000001,245.28819599999974,3.8735733032226562
251.75115728378296,251.7179969999999,5.619441000000002,246.09855599999992,3.8735733032226562
251.56833863258362,251.56543399999998,5.467942999999998,246.097491,3.8735733032226562
251.64313912391663,251.64240100000004,5.531962,246.11043900000004,3.8735733032226562
251.45988631248474,251.418722,5.255890000000008,246.16283199999998,3.8735733032226562
251.61097836494446,251.57776199999984,5.3842070000000035,246.19355499999983,3.8735733032226562
