walltime(s),cputime(s),systime(s),usertime(s),memory(GB)
408.5436956882477,408.533741,7.414979,401.118762,6.238700866699219
400.61046743392944,400.60291699999993,6.463753,394.13916399999994,6.239315032958984
393.8394207954407,393.83144999999996,5.831751000000001,387.99969899999996,6.239540100097656
409.068767786026,409.0603559999999,4.735803000000001,404.3245529999999,6.239540100097656
402.03966903686523,402.0312170000001,4.683796999999998,397.34742000000006,6.239540100097656
389.9789254665375,389.971552,4.595859000000001,385.37569299999996,6.239540100097656
390.2182116508484,390.21105999999963,4.519863000000001,385.69119699999965,6.239540100097656
390.0635244846344,390.0568330000003,4.375893999999995,385.6809390000003,6.239540100097656
390.2488934993744,390.22443799999974,4.635663000000001,385.5887749999997,6.239540100097656
