walltime(s),cputime(s),systime(s),usertime(s),memory(GB)
0.9133682250976562,0.9133420000000001,0.0,0.9133420000000001,0.20666885375976562
0.9161503314971924,0.9161280000000005,0.0,0.9161280000000005,0.20666885375976562
0.9098036289215088,0.9097600000000003,0.0,0.9097600000000003,0.20666885375976562
0.9280693531036377,0.9280400000000002,0.0,0.9280400000000002,0.2069091796875
0.9250249862670898,0.9249900000000011,0.0,0.9249900000000011,0.2069091796875
0.8945462703704834,0.8945340000000002,0.0,0.8945340000000002,0.2069091796875
0.8959314823150635,0.8958779999999997,0.0,0.8958779999999997,0.2069091796875
0.893089771270752,0.8930779999999992,0.0,0.8930779999999992,0.2069091796875
0.8932733535766602,0.893262,0.0,0.893262,0.2069091796875
0.8912520408630371,0.8912410000000008,0.0,0.8912410000000008,0.2069091796875
0.8976459503173828,0.8976130000000015,0.0,0.8976130000000015,0.2069091796875
0.901740550994873,0.9017210000000002,0.0,0.9017210000000002,0.2069091796875
0.8946681022644043,0.8946550000000002,0.0,0.8946550000000002,0.2069091796875
0.9069712162017822,0.9069579999999995,0.0,0.9069579999999995,0.2069091796875
0.9121286869049072,0.9120939999999997,0.0,0.9120939999999997,0.2069091796875
0.9205360412597656,0.9205229999999993,0.0,0.9205229999999993,0.2069091796875
0.8855791091918945,0.8855370000000029,0.0,0.8855370000000029,0.2069091796875
0.8865594863891602,0.8865370000000006,0.0,0.8865370000000006,0.2069091796875
0.8716351985931396,0.8716030000000003,0.0,0.8716030000000003,0.2069091796875
0.8642013072967529,0.8641700000000014,0.0,0.8641700000000014,0.2069091796875
0.8630740642547607,0.8630640000000014,0.0,0.8630640000000014,0.2069091796875
0.8665564060211182,0.8665470000000006,0.0,0.8665470000000006,0.2069091796875
0.8626985549926758,0.8626879999999986,0.0,0.8626879999999986,0.2069091796875
0.8630867004394531,0.8630569999999977,0.0,0.8630569999999977,0.2069091796875
0.8646149635314941,0.8646039999999999,0.0,0.8646039999999999,0.2069091796875
0.8627603054046631,0.8627489999999973,0.0,0.8627489999999973,0.2069091796875
0.8639054298400879,0.863894000000001,0.0011690000000000311,0.8627250000000011,0.2069091796875
0.862213134765625,0.8621820000000007,0.0,0.8621820000000007,0.2069091796875
0.8634860515594482,0.8634689999999985,0.0,0.8634689999999985,0.2069091796875
0.8618276119232178,0.8618169999999985,0.0,0.8618169999999985,0.2069091796875
