walltime(s),cputime(s),systime(s),usertime(s),memory(GB)
714.1078310012817,714.110389,26.612517,687.497872,10.264289855957031
736.7020282745361,736.7044040000001,27.852168,708.8522360000001,10.265480041503906
707.6293542385101,707.632215,26.020158999999992,681.6120559999999,10.265487670898438
677.8148672580719,677.8170870000001,24.08803900000001,653.7290480000001,10.265487670898438
724.1056728363037,724.1041719999998,27.963858999999985,696.1403129999999,10.265487670898438
