walltime(s),cputime(s),systime(s),usertime(s),memory(GB)
244.16959500312805,244.16952599999996,4.20098,239.96854599999998,3.7356529235839844
245.761878490448,245.762048,3.9759829999999994,241.786065,3.73779296875
245.92598247528076,245.926418,3.8960480000000004,242.03037,3.7533416748046875
245.63861179351807,245.63895399999998,3.7599880000000017,241.878966,3.7533416748046875
246.74636554718018,246.74684599999998,3.879983000000003,242.86686299999997,3.7533950805664062
246.53689575195312,246.53726699999996,3.7160189999999993,242.82124799999997,3.7533950805664062
245.88975358009338,245.89016600000002,3.868016000000001,242.02215,3.7533950805664062
245.6929669380188,245.6933350000002,3.936021,241.75731400000018,3.7533950805664062
244.58830571174622,244.58827199999982,3.723960999999999,240.86431099999982,3.7533950805664062
245.83876085281372,245.83913800000028,3.7759870000000006,242.0631510000003,3.7533950805664062
245.86442375183105,245.86251299999992,3.8199769999999944,242.04253599999993,3.7533950805664062
246.0119240283966,246.01173600000027,3.7399970000000025,242.27173900000025,3.7533950805664062
246.02790713310242,246.02832299999994,3.6600059999999957,242.36831699999993,3.7533950805664062
245.76165294647217,245.76209399999988,3.863986000000004,241.89810799999987,3.7533950805664062
