walltime(s),cputime(s),systime(s),usertime(s),memory(GB)
0.49977755546569824,0.4997599999999996,0.003925000000000012,0.4958349999999996,0.19879150390625
0.4163951873779297,0.41639099999999996,0.0,0.41639099999999996,0.19903564453125
0.4073011875152588,0.4072849999999999,0.0,0.4072849999999999,0.19903564453125
0.4066429138183594,0.40664000000000033,0.0,0.40664000000000033,0.19903564453125
0.40442657470703125,0.40441400000000005,0.0,0.40441400000000005,0.19903564453125
0.41510581970214844,0.4150879999999999,0.0,0.4150879999999999,0.19903564453125
0.4080359935760498,0.4080219999999999,0.0,0.4080219999999999,0.19903564453125
0.4044950008392334,0.40449,0.0,0.40449,0.19903564453125
0.4072897434234619,0.4072639999999996,0.0,0.4072639999999996,0.19903564453125
0.4119117259979248,0.4119079999999986,0.0,0.4119079999999986,0.19903564453125
0.4190788269042969,0.41907600000000045,0.0,0.41907600000000045,0.19903564453125
0.4040501117706299,0.40404599999999924,0.0,0.40404599999999924,0.19903564453125
0.4062519073486328,0.4062469999999987,0.0,0.4062469999999987,0.19903564453125
0.4079620838165283,0.40795799999999893,0.0,0.40795799999999893,0.19903564453125
0.4058229923248291,0.40581900000000104,0.0,0.40581900000000104,0.19903564453125
0.41258668899536133,0.4125809999999994,0.0,0.4125809999999994,0.19903564453125
0.4127180576324463,0.4127119999999991,0.0,0.4127119999999991,0.19903564453125
0.4127082824707031,0.41270500000000077,0.0,0.41270500000000077,0.19903564453125
0.41150522232055664,0.4115010000000012,0.0,0.4115010000000012,0.19903564453125
0.4070310592651367,0.4070280000000004,0.0,0.4070280000000004,0.19903564453125
0.4032480716705322,0.4032450000000001,0.0,0.4032450000000001,0.19903564453125
0.40493083000183105,0.40492799999999995,0.0,0.40492799999999995,0.19903564453125
0.40578126907348633,0.40577799999999975,0.0,0.40577799999999975,0.19903564453125
0.4133450984954834,0.4133320000000005,0.0,0.4133320000000005,0.19903564453125
0.408797025680542,0.40879200000000004,0.0,0.40879200000000004,0.19903564453125
0.402878999710083,0.4028639999999992,0.0,0.4028639999999992,0.19903564453125
0.4040529727935791,0.40404900000000055,0.0,0.40404900000000055,0.19903564453125
0.40957212448120117,0.4095690000000012,0.0,0.4095690000000012,0.19903564453125
0.4070248603820801,0.40702099999999675,0.0,0.40702099999999675,0.19903564453125
0.41320061683654785,0.41319599999999923,0.0,0.41319599999999923,0.19903564453125
