walltime(s),cputime(s),systime(s),usertime(s),memory(GB)
0.12676453590393066,0.12675000000000036,0.0,0.12675000000000036,0.1947021484375
0.12558364868164062,0.12557699999999983,0.0,0.12557699999999983,0.1947021484375
0.1249856948852539,0.12497900000000062,0.0,0.12497900000000062,0.1947021484375
0.11863565444946289,0.11861100000000047,0.0,0.11861100000000047,0.1947021484375
0.11745834350585938,0.11745099999999908,0.0,0.11745099999999908,0.1947021484375
0.12019991874694824,0.12018500000000021,0.0,0.12018500000000021,0.1947021484375
0.11745667457580566,0.11744999999999983,0.0,0.11744999999999983,0.1947021484375
0.11741328239440918,0.11740800000000018,0.0,0.11740800000000018,0.1947021484375
0.11681413650512695,0.11680699999999966,0.0,0.11680699999999966,0.1947021484375
0.1173563003540039,0.1173390000000003,0.0,0.1173390000000003,0.1947021484375
0.11721658706665039,0.1172089999999999,0.0,0.1172089999999999,0.1947021484375
0.11889171600341797,0.11888400000000043,0.0,0.11888400000000043,0.1947021484375
0.11739730834960938,0.11738900000000019,0.0,0.11738900000000019,0.1947021484375
0.11760807037353516,0.11760100000000051,0.0,0.11760100000000051,0.1947021484375
0.11701703071594238,0.1170100000000005,0.0,0.1170100000000005,0.1947021484375
0.1184992790222168,0.11848300000000034,0.0,0.11848300000000034,0.1947021484375
0.11739206314086914,0.11738599999999977,0.0,0.11738599999999977,0.1947021484375
0.11900210380554199,0.11899499999999996,0.0,0.11899499999999996,0.1947021484375
0.11709165573120117,0.11708500000000033,0.0,0.11708500000000033,0.1947021484375
0.12017822265625,0.12017100000000003,0.0,0.12017100000000003,0.1947021484375
0.11792826652526855,0.11792099999999994,0.0,0.11792099999999994,0.1947021484375
0.11913180351257324,0.11912399999999934,0.0,0.11912399999999934,0.1947021484375
0.11857938766479492,0.11857200000000034,0.0,0.11857200000000034,0.1947021484375
0.11844158172607422,0.1184339999999997,0.0,0.1184339999999997,0.1947021484375
0.11875176429748535,0.11874399999999952,0.0,0.11874399999999952,0.1947021484375
0.11717462539672852,0.11715800000000076,0.0,0.11715800000000076,0.1947021484375
0.1177210807800293,0.1177140000000012,0.0,0.1177140000000012,0.1947021484375
0.1180562973022461,0.11804899999999918,0.0,0.11804899999999918,0.1947021484375
0.11842203140258789,0.11841499999999883,0.0,0.11841499999999883,0.1947021484375
0.11855101585388184,0.11854399999999998,0.0,0.11854399999999998,0.1947021484375
