walltime(s),cputime(s),systime(s),usertime(s),memory(GB)
0.14626812934875488,0.14625300000000063,0.0,0.14625300000000063,0.1947021484375
0.14346098899841309,0.14344100000000015,0.0,0.14344100000000015,0.1947021484375
0.13212203979492188,0.132104,0.0,0.132104,0.1947021484375
0.12920594215393066,0.12919000000000036,0.0,0.12919000000000036,0.1947021484375
0.1204369068145752,0.12042200000000047,0.0,0.12042200000000047,0.1947021484375
0.11824607849121094,0.11822999999999961,0.0,0.11822999999999961,0.1947021484375
0.12198090553283691,0.12196599999999957,0.0,0.12196599999999957,0.1947021484375
0.12275314331054688,0.12273800000000001,0.0,0.12273800000000001,0.1947021484375
0.12222027778625488,0.12220600000000026,0.0,0.12220600000000026,0.1947021484375
0.123809814453125,0.12379400000000018,0.0,0.12379400000000018,0.1947021484375
0.12057185173034668,0.12053899999999995,0.0,0.12053899999999995,0.1947021484375
0.11968135833740234,0.1196659999999996,0.0,0.1196659999999996,0.1947021484375
0.12389183044433594,0.12387700000000024,0.0,0.12387700000000024,0.1947021484375
0.12282156944274902,0.12280599999999975,0.0,0.12280599999999975,0.1947021484375
0.12325429916381836,0.12324000000000002,0.0,0.12324000000000002,0.1947021484375
0.12149333953857422,0.12147800000000064,0.0,0.12147800000000064,0.1947021484375
0.12066507339477539,0.12064999999999948,0.0,0.12064999999999948,0.1947021484375
0.11825203895568848,0.11823799999999984,0.0,0.11823799999999984,0.1947021484375
0.12326812744140625,0.12325399999999931,0.0,0.12325399999999931,0.1947021484375
0.12873148918151855,0.12870599999999932,0.0,0.12870599999999932,0.1947021484375
0.1208641529083252,0.12084999999999901,0.0,0.12084999999999901,0.1947021484375
0.12006664276123047,0.12004699999999957,0.0,0.12004699999999957,0.1947021484375
0.1227874755859375,0.12277199999999944,0.0,0.12277199999999944,0.1947021484375
0.12275266647338867,0.12273800000000001,0.0,0.12273800000000001,0.1947021484375
0.11956644058227539,0.11954900000000102,0.0,0.11954900000000102,0.1947021484375
0.1251366138458252,0.1251219999999993,0.0,0.1251219999999993,0.1947021484375
0.12430047988891602,0.12428500000000042,0.0,0.12428500000000042,0.1947021484375
0.12375807762145996,0.12374399999999852,0.0,0.12374399999999852,0.1947021484375
0.12062525749206543,0.12061100000000025,0.0,0.12061100000000025,0.1947021484375
0.12163352966308594,0.12161699999999875,0.0,0.12161699999999875,0.1947021484375
