walltime(s),cputime(s),systime(s),usertime(s),memory(GB)
1471.2922015190125,1471.272606,20.042919,1451.229687,24.950637817382812
1586.356496810913,1585.7899039999998,24.950926,1560.8389779999998,24.950637817382812
