walltime(s),cputime(s),systime(s),usertime(s),memory(GB)
2.54243803024292,2.542432,0.03481299999999998,2.507619,0.24300384521484375
2.5163843631744385,2.516374999999999,0.0033360000000000056,2.513038999999999,0.24361419677734375
2.5415921211242676,2.5415910000000004,0.0,2.5415910000000004,0.24361419677734375
2.535137891769409,2.535151000000001,0.0,2.535151000000001,0.24361419677734375
2.725618362426758,2.725645,0.0,2.725645,0.24361419677734375
2.7836992740631104,2.7837169999999993,0.0,2.7837169999999993,0.24361419677734375
2.775733470916748,2.775748,0.0,2.775748,0.24361419677734375
2.787278413772583,2.7872629999999994,0.0,2.7872629999999994,0.24361419677734375
2.808910608291626,2.8089380000000013,0.0,2.8089380000000013,0.24361419677734375
2.79256010055542,2.7925369999999994,0.0,2.7925369999999994,0.24361419677734375
2.7862155437469482,2.786233000000003,0.0,2.786233000000003,0.24361419677734375
2.8002662658691406,2.800260999999999,0.0,2.800260999999999,0.24361419677734375
2.756962299346924,2.756978999999994,0.0,2.756978999999994,0.24361419677734375
2.787417411804199,2.7874119999999962,0.0,2.7874119999999962,0.24361419677734375
2.771883010864258,2.7719099999999983,0.0,2.7719099999999983,0.24361419677734375
2.8114848136901855,2.8114789999999985,0.0,2.8114789999999985,0.24361419677734375
2.7827446460723877,2.782740000000004,0.0,2.782740000000004,0.24361419677734375
2.791990041732788,2.7920039999999986,0.0,2.7920039999999986,0.24361419677734375
2.752988815307617,2.7529949999999985,0.0,2.7529949999999985,0.24361419677734375
2.826850414276123,2.826867,0.0,2.826867,0.24361419677734375
2.774498224258423,2.7744929999999997,0.0,2.7744929999999997,0.24361419677734375
2.7729506492614746,2.7729770000000045,0.0,2.7729770000000045,0.24361419677734375
2.7986340522766113,2.7985900000000052,0.0023080000000000322,2.796282000000005,0.24361419677734375
2.7714474201202393,2.7714419999999933,0.0,2.7714419999999933,0.24361419677734375
2.7594187259674072,2.7593809999999905,0.0,2.7593809999999905,0.24361419677734375
2.758302927017212,2.758308999999997,0.0,2.758308999999997,0.24361419677734375
2.796236038208008,2.7962519999999955,0.0,2.7962519999999955,0.24361419677734375
2.796192169189453,2.7962069999999954,0.0,2.7962069999999954,0.24361419677734375
2.771313190460205,2.771342000000004,0.0,2.771342000000004,0.24361419677734375
2.7810556888580322,2.7810690000000022,0.0,2.7810690000000022,0.24361419677734375
