walltime(s),cputime(s),systime(s),usertime(s),memory(GB)
1.5594804286956787,1.559506,0.02697900000000003,1.532527,0.2200469970703125
1.5140752792358398,1.5140950000000002,0.003139000000000003,1.5109560000000002,0.2201385498046875
1.5151913166046143,1.5152200000000007,0.003471999999999975,1.5117480000000008,0.2201385498046875
1.5131075382232666,1.5131350000000008,0.007714999999999972,1.5054200000000009,0.2201385498046875
1.5172414779663086,1.5172489999999996,0.0,1.5172489999999996,0.2201385498046875
1.5124757289886475,1.5125030000000002,0.003466999999999998,1.509036,0.2201385498046875
1.5131585597991943,1.513178,0.0,1.513178,0.2201385498046875
1.5166187286376953,1.5166390000000014,0.0,1.5166390000000014,0.2201385498046875
1.5122661590576172,1.5122870000000006,0.0,1.5122870000000006,0.2201385498046875
1.509911298751831,1.5099300000000007,0.0,1.5099300000000007,0.2201385498046875
1.5106897354125977,1.510709000000002,0.0,1.510709000000002,0.2201385498046875
1.520914077758789,1.5209319999999984,0.0,1.5209319999999984,0.2201385498046875
1.512763500213623,1.5127829999999989,0.0,1.5127829999999989,0.2201385498046875
1.5233981609344482,1.5234179999999995,0.0,1.5234179999999995,0.2201385498046875
1.5088646411895752,1.5088839999999983,0.0,1.5088839999999983,0.2201385498046875
1.539506196975708,1.5395280000000007,0.0,1.5395280000000007,0.2201385498046875
1.5210022926330566,1.5210310000000007,0.0,1.5210310000000007,0.2201385498046875
1.513491153717041,1.513501999999999,0.0,1.513501999999999,0.2201385498046875
1.5158746242523193,1.5159030000000016,0.0,1.5159030000000016,0.2201385498046875
1.5144219398498535,1.514443,0.0,1.514443,0.2201385498046875
1.5114989280700684,1.5115180000000024,0.0,1.5115180000000024,0.2201385498046875
1.5101158618927002,1.5101450000000014,0.0,1.5101450000000014,0.2201385498046875
1.5119078159332275,1.5119129999999998,0.0,1.5119129999999998,0.2201385498046875
1.5089399814605713,1.5089679999999959,0.0,1.5089679999999959,0.2201385498046875
1.5122520923614502,1.5122730000000004,0.0,1.5122730000000004,0.2201385498046875
1.5220613479614258,1.522081,0.0,1.522081,0.2201385498046875
1.5151803493499756,1.5151929999999965,0.0,1.5151929999999965,0.2201385498046875
1.5107474327087402,1.5107660000000038,0.0,1.5107660000000038,0.2201385498046875
1.5135838985443115,1.5136129999999994,0.0,1.5136129999999994,0.2201385498046875
1.514054775238037,1.5140749999999983,0.0,1.5140749999999983,0.2201385498046875
