walltime(s),cputime(s),systime(s),usertime(s),memory(GB)
0.3056027889251709,0.30558500000000066,0.0,0.30558500000000066,0.19660186767578125
0.2901022434234619,0.2900830000000001,0.0,0.2900830000000001,0.196685791015625
0.28170084953308105,0.28169100000000036,0.0,0.28169100000000036,0.19671630859375
0.278928279876709,0.278543,0.0,0.278543,0.19671630859375
0.28618335723876953,0.2855909999999995,0.003430000000000044,0.28216099999999944,0.19671630859375
0.27961015701293945,0.27959900000000015,0.0,0.27959900000000015,0.19671630859375
0.28133678436279297,0.28132599999999996,0.0,0.28132599999999996,0.19671630859375
0.2765059471130371,0.27648600000000023,0.0,0.27648600000000023,0.19671630859375
0.2824862003326416,0.2824749999999998,0.0,0.2824749999999998,0.19671630859375
0.27672576904296875,0.2767140000000001,0.0,0.2767140000000001,0.19671630859375
0.2763073444366455,0.2762880000000001,0.0,0.2762880000000001,0.19671630859375
0.277923583984375,0.27791300000000074,0.0,0.27791300000000074,0.19671630859375
0.2792632579803467,0.279243000000001,0.0,0.279243000000001,0.19671630859375
0.27872490882873535,0.27870300000000015,0.0,0.27870300000000015,0.19671630859375
0.2782440185546875,0.2782340000000012,0.0,0.2782340000000012,0.19671630859375
0.27677249908447266,0.27676199999999973,0.0,0.27676199999999973,0.19671630859375
0.2808358669281006,0.280818,0.0,0.280818,0.19671630859375
0.2777080535888672,0.2776979999999991,0.0,0.2776979999999991,0.19671630859375
0.29210472106933594,0.2920929999999995,0.0,0.2920929999999995,0.19671630859375
0.27678418159484863,0.2767659999999985,0.0,0.2767659999999985,0.19671630859375
0.2777979373931885,0.27778800000000103,0.0,0.27778800000000103,0.19671630859375
0.2766880989074707,0.2766769999999994,0.0,0.2766769999999994,0.19671630859375
0.2821946144104004,0.28217099999999995,0.0,0.28217099999999995,0.19671630859375
0.2866048812866211,0.2865940000000009,0.0,0.2865940000000009,0.19671630859375
0.2761104106903076,0.27609999999999957,0.0,0.27609999999999957,0.19671630859375
0.2837855815887451,0.2837669999999992,0.0,0.2837669999999992,0.19671630859375
0.27906060218811035,0.2790480000000013,0.0,0.2790480000000013,0.19671630859375
0.28177499771118164,0.2817670000000003,0.0,0.2817670000000003,0.19671630859375
0.2764730453491211,0.2764640000000007,0.0,0.2764640000000007,0.19671630859375
0.27736735343933105,0.2773489999999992,0.0,0.2773489999999992,0.19671630859375
