walltime(s),cputime(s),systime(s),usertime(s),memory(GB)
524.2932515144348,524.295134,7.053382,517.2417519999999,8.254158020019531
521.5183801651001,521.51938,5.448015,516.0713649999999,8.255233764648438
522.1786551475525,522.179826,5.483999000000001,516.695827,8.255287170410156
523.2836182117462,523.2876459999999,5.560044000000001,517.7276019999999,8.255287170410156
523.2335855960846,523.233817,5.584011999999998,517.649805,8.255287170410156
521.9513540267944,521.9503780000002,5.6679720000000025,516.2824060000003,8.255287170410156
