walltime(s),cputime(s),systime(s),usertime(s),memory(GB)
1186.364860534668,1186.362846,18.175911,1168.186935,19.57241439819336
1239.0228788852692,1239.015133,14.851907999999998,1224.163225,19.57650375366211
