walltime(s),cputime(s),systime(s),usertime(s),memory(GB)
132.65460443496704,132.65031000000002,1.9204680000000003,130.72984200000002,2.0290908813476562
136.0911738872528,136.09123400000004,1.0962999999999998,134.99493400000003,2.0301246643066406
132.5924892425537,132.59253599999997,1.0720619999999998,131.52047399999998,2.0302467346191406
135.1541531085968,135.154788,0.9920960000000001,134.162692,2.0302467346191406
136.36106038093567,136.36159699999993,1.0120149999999999,135.34958199999994,2.0302467346191406
136.35966849327087,136.36023099999994,1.0520250000000004,135.30820599999993,2.0302467346191406
136.38838624954224,136.38874699999997,0.9920260000000001,135.39672099999996,2.0302467346191406
136.39776802062988,136.39825899999997,1.0720170000000007,135.32624199999998,2.0302467346191406
136.6949656009674,136.695087,1.0000230000000006,135.695064,2.0302467346191406
136.32174062728882,136.32229099999992,1.0519989999999986,135.27029199999993,2.0302467346191406
136.11227345466614,136.11258800000002,0.9480149999999998,135.16457300000002,2.0302467346191406
136.00461959838867,136.00518999999989,1.055987,134.9492029999999,2.0302467346191406
136.2162036895752,136.21674900000008,1.0000109999999989,135.21673800000008,2.0302467346191406
135.40630769729614,135.4068730000001,1.0959920000000007,134.3108810000001,2.0302467346191406
135.2148048877716,135.21532000000002,1.0320149999999995,134.18330500000002,2.0302467346191406
136.4306390285492,136.4313100000001,1.1080070000000006,135.32330300000012,2.0302467346191406
136.11858224868774,136.1191269999999,0.9400079999999988,135.1791189999999,2.0302467346191406
135.96030163764954,135.96086600000007,0.9999780000000023,134.96088800000007,2.0302467346191406
136.06233477592468,136.06302399999993,1.060025999999997,135.00299799999993,2.0302467346191406
136.47745728492737,136.47812900000005,1.0679860000000012,135.41014300000006,2.0302467346191406
136.59139609336853,136.59196500000022,1.0200010000000006,135.5719640000002,2.0302467346191406
136.32289385795593,136.32361100000034,1.0079990000000016,135.31561200000033,2.0302467346191406
136.56524991989136,136.5659389999999,1.0719840000000005,135.49395499999991,2.0302467346191406
140.08035612106323,140.02290899999966,1.031960999999999,138.99094799999966,2.0302467346191406
136.27506613731384,136.275462,1.0799950000000003,135.195467,2.0302467346191406
136.3834035396576,136.38383799999997,1.0719990000000017,135.31183899999996,2.0302467346191406
