walltime(s),cputime(s),systime(s),usertime(s),memory(GB)
559.5397107601166,559.5497849999999,7.708857,551.840928,9.764266967773438
566.6527802944183,566.6617850000001,6.472061,560.1897240000001,9.76504135131836
564.9201650619507,564.9300440000002,6.1480869999999985,558.7819570000001,9.765117645263672
564.6305685043335,564.6401559999998,6.288079000000003,558.3520769999998,9.765117645263672
568.6793217658997,568.6881139999998,6.316081999999998,562.3720319999998,9.765117645263672
568.7617037296295,568.7705339999999,6.432116999999998,562.3384169999999,9.765117645263672
