walltime(s),cputime(s),systime(s),usertime(s),memory(GB)
369.0470323562622,369.042258,5.0718440000000005,363.970414,5.8156890869140625
372.7144432067871,372.70899000000003,3.639830000000001,369.06916,5.816322326660156
371.3050649166107,371.2996540000001,3.543963999999999,367.7556900000001,5.816322326660156
373.73821473121643,373.716158,3.603854,370.112304,5.816322326660156
372.21955251693726,372.1839150000002,3.6438169999999985,368.54009800000017,5.816322326660156
378.5434753894806,378.50879700000024,3.695753,374.8130440000002,5.816322326660156
372.8401265144348,372.80495699999994,3.6478849999999987,369.15707199999997,5.816322326660156
376.18245100975037,376.1518989999997,3.635747000000002,372.5161519999997,5.816322326660156
367.25069427490234,367.24685900000003,3.5839919999999985,363.662867,5.816322326660156
