walltime(s),cputime(s),systime(s),usertime(s),memory(GB)
1626.6275277137756,1626.6577909999999,25.624339,1601.033452,27.53853988647461
1647.0962517261505,1647.123271,28.656507,1618.466764,27.5433349609375
