walltime(s),cputime(s),systime(s),usertime(s),memory(GB)
707.6700828075409,707.6637750000001,11.567843,696.0959320000001,12.9205322265625
721.2666637897491,721.2600150000001,8.459860999999998,712.800154,12.921344757080078
724.6032528877258,724.5966369999999,8.85988,715.7367569999999,12.921344757080078
723.0119304656982,723.0079860000001,8.927940000000003,714.080046,12.921344757080078
722.6210842132568,722.6168509999998,9.059956,713.5568949999997,12.921344757080078
