walltime(s),cputime(s),systime(s),usertime(s),memory(GB)
187.80583000183105,187.803464,3.178394,184.62507,3.0817604064941406
189.3238525390625,189.321798,2.975928,186.34587,3.0835037231445312
189.7196581363678,189.71752700000002,2.8639419999999998,186.853585,3.0835037231445312
189.51752519607544,189.51543600000002,2.9439860000000007,186.57145000000003,3.0835037231445312
189.8847575187683,189.88271500000002,2.883939999999999,186.99877500000002,3.0835037231445312
187.63984489440918,187.6375170000001,2.5999529999999993,185.0375640000001,3.0835037231445312
189.67700362205505,189.674955,2.3679549999999985,187.30700000000002,3.0835037231445312
189.93866515159607,189.936605,2.3039430000000003,187.63266199999998,3.0835037231445312
189.92601871490479,189.92390499999982,2.239934999999999,187.68396999999982,3.0835037231445312
184.55358862876892,184.55069699999999,2.131972000000001,182.418725,3.0835037231445312
184.15387320518494,184.15165399999978,2.299937,181.85171699999978,3.0835037231445312
187.0766191482544,187.0544210000001,2.259922000000003,184.7944990000001,3.0835037231445312
184.30986738204956,184.3077290000004,2.1719399999999993,182.1357890000004,3.0835037231445312
187.49178624153137,187.4898139999999,2.315961999999999,185.1738519999999,3.0835037231445312
188.65430283546448,188.65237299999998,2.167950999999995,186.484422,3.0835037231445312
189.2377347946167,189.2358630000002,2.2839449999999957,186.9519180000002,3.0835037231445312
189.251526594162,189.24951600000014,2.227960000000003,187.02155600000015,3.0835037231445312
189.2795808315277,189.27773700000031,2.2759709999999984,187.00176600000032,3.0835037231445312
189.38455319404602,189.38254599999973,2.331963000000002,187.05058299999973,3.0835037231445312
