walltime(s),cputime(s),systime(s),usertime(s),memory(GB)
183.96146535873413,183.96241500000002,3.451974,180.51044100000001,2.999530792236328
187.796715259552,187.797603,2.9999530000000005,184.79765,2.999530792236328
188.67079973220825,188.67197799999994,2.968068999999999,185.70390899999995,2.999530792236328
188.44963383674622,188.45046200000004,2.9599780000000013,185.49048400000004,2.999530792236328
188.43798923492432,188.439208,3.015986,185.423222,2.999530792236328
187.9233763217926,187.92460700000004,3.076008,184.84859900000004,2.999530792236328
188.18908596038818,188.19043800000009,2.9760399999999976,185.21439800000007,2.999530792236328
188.3343095779419,188.3353179999999,2.999988000000002,185.33532999999989,2.999530792236328
188.78984379768372,188.79103899999996,2.9760479999999987,185.81499099999996,2.999530792236328
188.7198166847229,188.72107999999994,3.1999879999999976,185.52109199999995,2.999530792236328
188.2545292377472,188.255606,2.6479919999999986,185.607614,2.999530792236328
188.21672129631042,188.21741200000025,2.5200199999999953,185.69739200000026,2.999530792236328
188.23674178123474,188.23800300000008,2.4279650000000004,185.81003800000008,2.999530792236328
189.25151419639587,189.20279900000025,2.5119789999999966,186.69082000000026,2.999530792236328
197.10919857025146,197.02125399999971,2.5958940000000013,194.42535999999973,2.999530792236328
197.86091685295105,197.86168000000023,2.5719640000000012,195.28971600000023,2.999530792236328
196.2030885219574,196.2040380000002,2.5199989999999985,193.6840390000002,2.999530792236328
197.55647540092468,197.5573770000001,2.580010999999999,194.97736600000007,2.999530792236328
