walltime(s),cputime(s),systime(s),usertime(s),memory(GB)
0.2980201244354248,0.29800699999999963,0.00403199999999998,0.29397499999999965,0.19686508178710938
0.2840280532836914,0.2840220000000001,0.003717999999999999,0.2803040000000001,0.1968994140625
0.28796982765197754,0.2879649999999998,0.0,0.2879649999999998,0.1968994140625
0.2827889919281006,0.28276799999999996,0.003825000000000023,0.27894299999999994,0.1968994140625
0.28276753425598145,0.28276199999999996,0.0,0.28276199999999996,0.1968994140625
0.2821671962738037,0.28216200000000047,0.0,0.28216200000000047,0.1968994140625
0.2891511917114258,0.28913600000000006,0.0,0.28913600000000006,0.1968994140625
0.28385090827941895,0.28384500000000035,0.0,0.28384500000000035,0.1968994140625
0.28661251068115234,0.2865839999999995,0.0,0.2865839999999995,0.1968994140625
0.2832961082458496,0.2832820000000007,0.0,0.2832820000000007,0.1968994140625
0.2856287956237793,0.28562399999999943,0.0,0.28562399999999943,0.1968994140625
0.2871592044830322,0.28715399999999924,0.0,0.28715399999999924,0.1968994140625
0.28206610679626465,0.28204599999999935,0.0,0.28204599999999935,0.1968994140625
0.282703161239624,0.28269800000000167,0.0,0.28269800000000167,0.1968994140625
0.28257131576538086,0.2825659999999992,0.0,0.2825659999999992,0.1968994140625
0.2817673683166504,0.28175099999999986,0.0,0.28175099999999986,0.1968994140625
0.28893494606018066,0.2889309999999998,0.0,0.2889309999999998,0.1968994140625
0.2879970073699951,0.2879909999999999,0.0,0.2879909999999999,0.1968994140625
0.28742241859436035,0.28740400000000044,0.0,0.28740400000000044,0.1968994140625
0.29855918884277344,0.2985539999999993,0.0,0.2985539999999993,0.1968994140625
0.2818021774291992,0.2817899999999991,0.0,0.2817899999999991,0.1968994140625
0.28249502182006836,0.28247299999999953,0.0,0.28247299999999953,0.1968994140625
0.28513646125793457,0.2851309999999998,0.0,0.2851309999999998,0.1968994140625
0.28144288063049316,0.2814370000000004,0.0,0.2814370000000004,0.1968994140625
0.28246212005615234,0.2824430000000013,0.0029819999999999847,0.2794610000000013,0.1968994140625
0.2833864688873291,0.2833810000000003,0.0,0.2833810000000003,0.1968994140625
0.2818872928619385,0.28188100000000027,0.0,0.28188100000000027,0.1968994140625
0.2838020324707031,0.2837829999999997,0.0,0.2837829999999997,0.1968994140625
0.30784106254577637,0.307836,0.0,0.307836,0.1968994140625
0.2873532772064209,0.2873479999999997,0.0,0.2873479999999997,0.197021484375
