walltime(s),cputime(s),systime(s),usertime(s),memory(GB)
13.620473861694336,13.620486999999999,0.11097699999999999,13.509509999999999,0.3523216247558594
13.749556541442871,13.749766999999999,0.0,13.749766999999999,0.35347747802734375
13.778511047363281,13.778749999999997,0.0036660000000000026,13.775083999999996,0.35347747802734375
13.707785844802856,13.708025,0.0,13.708025,0.35347747802734375
13.768947124481201,13.769187000000002,0.0,13.769187000000002,0.35373687744140625
13.72939157485962,13.729439,0.0,13.729439,0.35373687744140625
13.675153017044067,13.675392000000002,0.0,13.675392000000002,0.35373687744140625
13.228370189666748,13.228586999999996,0.0038630000000000053,13.224723999999995,0.35373687744140625
13.273120641708374,13.273342,0.0,13.273342,0.35373687744140625
13.791273355484009,13.791526000000005,0.0,13.791526000000005,0.35373687744140625
13.75815224647522,13.75837900000002,0.0,13.75837900000002,0.35373687744140625
13.537500619888306,13.53773799999999,0.0,13.53773799999999,0.35373687744140625
13.234278678894043,13.23451,0.0,13.23451,0.35373687744140625
13.652080774307251,13.652112000000017,0.0,13.652112000000017,0.35373687744140625
13.281600952148438,13.281805999999989,0.0,13.281805999999989,0.35373687744140625
13.69546365737915,13.695513000000005,0.0,13.695513000000005,0.35373687744140625
13.643176078796387,13.643074000000013,0.0,13.643074000000013,0.35373687744140625
13.240046977996826,13.239956000000006,0.003950999999999982,13.236005000000006,0.35373687744140625
13.183038473129272,13.18324100000001,0.0,13.18324100000001,0.35373687744140625
12.880817651748657,12.880966,0.0,12.880966,0.35373687744140625
12.486920833587646,12.486794999999972,0.0,12.486794999999972,0.35373687744140625
12.3350989818573,12.335312999999985,0.0,12.335312999999985,0.35373687744140625
12.472938060760498,12.473116000000012,0.003988000000000047,12.469128000000012,0.35373687744140625
12.274982929229736,12.275184000000024,0.0,12.275184000000024,0.35373687744140625
12.251227140426636,12.251438000000007,0.0,12.251438000000007,0.35373687744140625
12.307056665420532,12.307277,0.0,12.307277,0.35373687744140625
12.334122896194458,12.33433500000001,0.0,12.33433500000001,0.35373687744140625
12.290886878967285,12.291066999999998,0.0,12.291066999999998,0.35373687744140625
12.284545183181763,12.284768,0.003991000000000022,12.280777,0.35373687744140625
12.280024766921997,12.280239999999992,0.0,12.280239999999992,0.35373687744140625
