walltime(s),cputime(s),systime(s),usertime(s),memory(GB)
170.7920367717743,170.78880800000002,2.759185,168.02962300000002,2.796619415283203
171.0068109035492,171.004289,2.1759119999999994,168.828377,2.798847198486328
171.10968613624573,171.107325,2.0239580000000004,169.083367,2.798847198486328
171.01767706871033,171.01553000000004,1.6959720000000003,169.31955800000003,2.798847198486328
170.53950095176697,170.53726899999998,1.7279579999999992,168.80931099999998,2.798847198486328
170.6989734172821,170.69656899999995,1.8079530000000013,168.88861599999996,2.798847198486328
165.5228271484375,165.52024200000005,1.7879550000000002,163.73228700000004,2.798847198486328
161.95396494865417,161.95132400000003,1.5119929999999986,160.43933100000004,2.798847198486328
170.04418683052063,170.0414839999999,1.8039719999999981,168.23751199999992,2.798847198486328
170.70577120780945,170.70333299999993,1.7359560000000016,168.96737699999994,2.798847198486328
173.5877025127411,173.58506699999998,1.859966,171.725101,2.798847198486328
173.36600279808044,173.3634419999999,1.6759510000000013,171.6874909999999,2.798847198486328
171.38629603385925,171.38368399999993,1.8239519999999985,169.55973199999994,2.798847198486328
171.77756929397583,171.77499700000018,1.8079899999999967,169.9670070000002,2.798847198486328
173.5732717514038,173.57058899999998,1.8639849999999996,171.70660399999997,2.798847198486328
172.74710321426392,172.744423,1.879960999999998,170.864462,2.798847198486328
172.77303433418274,172.77074799999986,1.9799409999999966,170.79080699999986,2.798847198486328
172.81602358818054,172.8138449999998,1.7279780000000002,171.08586699999978,2.798847198486328
172.4880015850067,172.48555900000028,1.6919420000000045,170.79361700000027,2.798847198486328
167.03649473190308,167.033485,1.707974,165.325511,2.798847198486328
172.58747935295105,172.5851479999998,1.7759489999999971,170.8091989999998,2.798847198486328
