walltime(s),cputime(s),systime(s),usertime(s),memory(GB)
1229.3554100990295,1229.253131,27.172186,1202.080945,16.984542846679688
1076.5747909545898,1076.563484,14.612145000000002,1061.951339,16.987709045410156
1064.4666357040405,1064.460853,14.048111999999996,1050.412741,16.987709045410156
