walltime(s),cputime(s),systime(s),usertime(s),memory(GB)
0.71443772315979,0.7142480000000001,0.008141999999999983,0.7061060000000001,0.200836181640625
0.6439898014068604,0.6439579999999996,0.0,0.6439579999999996,0.200836181640625
0.6468937397003174,0.6468579999999999,0.0,0.6468579999999999,0.200836181640625
0.6709587574005127,0.6708270000000001,0.0,0.6708270000000001,0.200836181640625
0.6386439800262451,0.6386230000000008,0.0,0.6386230000000008,0.200836181640625
0.6467335224151611,0.6467119999999991,0.0,0.6467119999999991,0.200836181640625
0.6454367637634277,0.6452980000000004,0.0,0.6452980000000004,0.200836181640625
0.6467487812042236,0.6467080000000003,0.0,0.6467080000000003,0.200836181640625
0.6790716648101807,0.6790489999999991,0.0,0.6790489999999991,0.200836181640625
0.6481494903564453,0.648021,0.0,0.648021,0.200836181640625
0.645902156829834,0.6458639999999995,0.0,0.6458639999999995,0.200836181640625
0.6454617977142334,0.645442000000001,0.0,0.645442000000001,0.200836181640625
0.6432459354400635,0.6431050000000003,0.0,0.6431050000000003,0.200836181640625
0.6383805274963379,0.6383499999999991,0.0,0.6383499999999991,0.200836181640625
0.6366057395935059,0.6365859999999994,0.0,0.6365859999999994,0.200836181640625
0.6742193698883057,0.6741960000000002,0.0,0.6741960000000002,0.200836181640625
0.6430356502532959,0.6430049999999987,0.0,0.6430049999999987,0.200836181640625
0.6448562145233154,0.6447199999999995,0.0,0.6447199999999995,0.200836181640625
0.6397409439086914,0.6397100000000009,0.0,0.6397100000000009,0.200836181640625
0.6442887783050537,0.6442580000000007,0.0,0.6442580000000007,0.200836181640625
0.6429741382598877,0.6428459999999983,0.003612000000000004,0.6392339999999983,0.200836181640625
0.6409094333648682,0.6408889999999978,0.0,0.6408889999999978,0.200836181640625
0.6462273597717285,0.6461959999999998,0.0,0.6461959999999998,0.200836181640625
0.6963810920715332,0.6962489999999997,2.000000000002e-06,0.6962469999999996,0.200836181640625
0.6476931571960449,0.6476509999999998,0.0,0.6476509999999998,0.200836181640625
0.6472475528717041,0.6472270000000009,0.0,0.6472270000000009,0.200836181640625
0.6460473537445068,0.6459180000000018,0.0,0.6459180000000018,0.200836181640625
0.6809802055358887,0.6809480000000008,0.0,0.6809480000000008,0.200836181640625
0.7017686367034912,0.701746,0.0,0.701746,0.200836181640625
0.6990139484405518,0.6988710000000005,0.0,0.6988710000000005,0.200836181640625
