walltime(s),cputime(s),systime(s),usertime(s),memory(GB)
132.68028664588928,132.675292,2.285457,130.389835,2.0922927856445312
132.83303785324097,132.831127,1.891877,130.93925000000002,2.0936126708984375
132.81451177597046,132.81250400000005,1.7839470000000004,131.02855700000003,2.0936660766601562
132.75367951393127,132.751677,1.811926999999999,130.93975,2.0936660766601562
132.96641445159912,132.96437699999996,1.955941000000001,131.00843599999996,2.093669891357422
133.0814824104309,133.07951,1.8319839999999985,131.247526,2.093669891357422
132.98590779304504,132.983935,1.8079599999999996,131.175975,2.093669891357422
133.26992917060852,133.26790099999988,1.8679559999999995,131.3999449999999,2.093669891357422
133.37711763381958,133.37501,1.931970999999999,131.443039,2.0937652587890625
132.54078912734985,132.5387980000001,1.5359169999999978,131.00288100000012,2.0937652587890625
132.46445202827454,132.46244399999995,1.5479720000000015,130.91447199999993,2.0937652587890625
132.69916534423828,132.69722599999994,1.5599559999999997,131.13726999999994,2.0937652587890625
132.53600573539734,132.53398100000018,1.547968000000001,130.98601300000018,2.0937652587890625
132.37913632392883,132.37710099999987,1.4479679999999995,130.92913299999987,2.0937652587890625
129.56917357444763,129.56720800000022,1.4639510000000016,128.1032570000002,2.0937652587890625
131.82760548591614,131.82534100000015,1.5159610000000008,130.30938000000015,2.0937652587890625
131.5951268672943,131.59311500000007,1.5359610000000004,130.05715400000008,2.0937652587890625
128.30473375320435,128.3028109999999,1.515979999999999,126.78683099999989,2.0937652587890625
128.27373671531677,128.27184299999993,1.4799450000000007,126.79189799999995,2.0937652587890625
128.35391998291016,128.352423,1.4640050000000002,126.888418,2.0937652587890625
128.1724145412445,128.17090099999967,1.3879850000000005,126.78291599999966,2.0937652587890625
125.00092768669128,124.9157559999999,1.4838939999999994,123.43186199999991,2.0937652587890625
123.1725811958313,123.1704769999999,1.2959809999999976,121.87449599999991,2.0937652587890625
122.16771602630615,122.1659229999999,1.4879740000000012,120.6779489999999,2.0937652587890625
123.62850403785706,123.62650300000018,1.4879809999999978,122.1385220000002,2.0937652587890625
126.63598942756653,126.63436500000006,1.571978999999999,125.06238600000006,2.0937652587890625
126.05044531822205,126.04859500000026,1.4639570000000006,124.58463800000027,2.0937652587890625
