walltime(s),cputime(s),systime(s),usertime(s),memory(GB)
158.73165893554688,158.73179499999998,2.381489,156.350306,2.4651947021484375
157.8479425907135,157.84814500000002,1.6678800000000003,156.18026500000002,2.4655723571777344
156.56168580055237,156.56196000000003,1.6519659999999998,154.90999400000004,2.4655723571777344
158.30741500854492,158.30805800000005,1.4879889999999998,156.82006900000005,2.465648651123047
158.4943675994873,158.4943849999999,1.3799350000000006,157.11444999999992,2.465648651123047
158.58076691627502,158.58127299999995,1.4399990000000003,157.14127399999995,2.465648651123047
158.4679732322693,158.46862599999992,1.331980999999999,157.13664499999993,2.465648651123047
158.75203824043274,158.75212299999995,1.3719710000000003,157.38015199999995,2.465648651123047
158.47689390182495,158.47710000000004,1.4399650000000008,157.03713500000003,2.465648651123047
158.52964973449707,158.530055,1.327973,157.20208200000002,2.465648651123047
158.31397533416748,158.31467600000008,1.540026000000001,156.77465000000007,2.465648651123047
158.56162405014038,158.56215000000003,1.416004000000001,157.14614600000004,2.465648651123047
158.4866726398468,158.48731299999997,1.515979999999999,156.97133299999996,2.465648651123047
158.56685423851013,158.5673140000002,1.4079900000000016,157.1593240000002,2.465648651123047
158.59724640846252,158.59756500000026,1.4719960000000007,157.12556900000027,2.465648651123047
158.41489458084106,158.41558600000016,1.4559940000000005,156.95959200000016,2.465648651123047
158.39259314537048,158.39329200000032,1.4719949999999997,156.92129700000032,2.465648651123047
158.58563995361328,158.58623899999995,1.460006,157.12623299999996,2.465648651123047
158.6255578994751,158.626017,1.407979000000001,157.21803799999998,2.465648651123047
158.56520247459412,158.56588900000025,1.448017,157.11787200000026,2.465648651123047
162.13224744796753,162.09719099999978,1.4719190000000033,160.62527199999977,2.465648651123047
158.42854285240173,158.42889000000025,1.515985999999998,156.91290400000025,2.465648651123047
