walltime(s),cputime(s),systime(s),usertime(s),memory(GB)
0.3820810317993164,0.3820699999999999,0.007363000000000008,0.3747069999999999,0.19889068603515625
0.37497901916503906,0.37495800000000035,0.0,0.37495800000000035,0.198944091796875
0.3771963119506836,0.377186,0.0,0.377186,0.19906997680664062
0.3764779567718506,0.37645899999999966,0.0,0.37645899999999966,0.1990966796875
0.37604713439941406,0.37602899999999995,0.0,0.37602899999999995,0.1990966796875
0.3692941665649414,0.3692840000000004,0.0,0.3692840000000004,0.1990966796875
0.37006545066833496,0.37004700000000046,0.0,0.37004700000000046,0.1990966796875
0.37584877014160156,0.37583699999999975,0.0,0.37583699999999975,0.1990966796875
0.3742685317993164,0.3742479999999997,0.0,0.3742479999999997,0.1990966796875
0.37400269508361816,0.3739920000000003,0.0,0.3739920000000003,0.1990966796875
0.381176233291626,0.3811650000000002,0.0,0.3811650000000002,0.1990966796875
0.37962818145751953,0.37960800000000106,0.0,0.37960800000000106,0.1990966796875
0.3816077709197998,0.38158400000000015,0.0,0.38158400000000015,0.1990966796875
0.3773019313812256,0.377281,0.0,0.377281,0.1990966796875
0.3757472038269043,0.37573599999999985,0.0,0.37573599999999985,0.1990966796875
0.3720707893371582,0.3720599999999994,0.0,0.3720599999999994,0.1990966796875
0.37261033058166504,0.37259199999999915,0.0,0.37259199999999915,0.1990966796875
0.37439846992492676,0.3743879999999997,0.0,0.3743879999999997,0.1990966796875
0.37139892578125,0.3713809999999995,0.0,0.3713809999999995,0.1990966796875
0.3728516101837158,0.3728399999999997,0.003294000000000019,0.3695459999999997,0.1990966796875
0.37117671966552734,0.3711570000000002,0.0,0.3711570000000002,0.1990966796875
0.3747079372406006,0.37469600000000086,0.0038579999999999726,0.3708380000000009,0.1990966796875
0.37304115295410156,0.3730229999999999,0.0,0.3730229999999999,0.1990966796875
0.3762502670288086,0.3762319999999999,0.0,0.3762319999999999,0.1990966796875
0.37102818489074707,0.3710179999999994,0.0,0.3710179999999994,0.1990966796875
0.37137269973754883,0.3713540000000005,0.0037530000000000063,0.3676010000000005,0.1990966796875
0.3816041946411133,0.38159100000000024,0.0,0.38159100000000024,0.1990966796875
0.37063097953796387,0.37061999999999884,0.0,0.37061999999999884,0.1990966796875
0.38394784927368164,0.3839289999999984,0.0,0.3839289999999984,0.1990966796875
0.37226390838623047,0.3722530000000006,0.0,0.3722530000000006,0.1990966796875
