walltime(s),cputime(s),systime(s),usertime(s),memory(GB)
0.30020904541015625,0.3001700000000005,0.0,0.3001700000000005,0.19718551635742188
0.2804887294769287,0.2804769999999994,0.0,0.2804769999999994,0.19718551635742188
0.27513694763183594,0.27511699999999983,0.0,0.27511699999999983,0.19739151000976562
0.2858612537384033,0.28583800000000004,0.0,0.28583800000000004,0.19739151000976562
0.276552677154541,0.2765400000000007,0.0,0.2765400000000007,0.19739151000976562
0.2793443202972412,0.279331,0.0,0.279331,0.19739151000976562
0.2870306968688965,0.28700300000000034,0.0,0.28700300000000034,0.19739151000976562
0.2747986316680908,0.2747869999999999,0.0,0.2747869999999999,0.19739151000976562
0.2836897373199463,0.2836610000000004,0.0,0.2836610000000004,0.19740676879882812
0.2822549343109131,0.2822300000000002,0.0,0.2822300000000002,0.19740676879882812
0.2768843173980713,0.27687300000000015,0.0,0.27687300000000015,0.19740676879882812
0.2976222038269043,0.2976099999999997,0.0,0.2976099999999997,0.19740676879882812
0.2760488986968994,0.2760259999999999,0.0,0.2760259999999999,0.19740676879882812
0.2752106189727783,0.27519899999999886,0.0,0.27519899999999886,0.19740676879882812
0.28331470489501953,0.28328999999999915,0.0,0.28328999999999915,0.19740676879882812
0.2862699031829834,0.2862569999999991,0.0,0.2862569999999991,0.19740676879882812
0.2824714183807373,0.28245899999999935,0.0,0.28245899999999935,0.19740676879882812
0.28504109382629395,0.28502899999999975,0.0,0.28502899999999975,0.19740676879882812
0.28777599334716797,0.287763,0.0,0.287763,0.19740676879882812
0.2904846668243408,0.2904719999999994,0.0,0.2904719999999994,0.19740676879882812
0.2843303680419922,0.2843169999999997,0.0,0.2843169999999997,0.19740676879882812
0.27988481521606445,0.279872000000001,0.0,0.279872000000001,0.19740676879882812
0.27604246139526367,0.27603000000000044,0.0,0.27603000000000044,0.19740676879882812
0.2758362293243408,0.27581099999999914,0.0,0.27581099999999914,0.19740676879882812
0.2741820812225342,0.2741699999999998,0.0,0.2741699999999998,0.19740676879882812
0.2838592529296875,0.2838459999999987,0.0,0.2838459999999987,0.19740676879882812
0.28380584716796875,0.2837949999999996,0.0,0.2837949999999996,0.19740676879882812
0.2845754623413086,0.28454900000000016,0.0,0.28454900000000016,0.19740676879882812
0.2774631977081299,0.27745,0.0,0.27745,0.19740676879882812
0.27904701232910156,0.2790359999999996,0.0,0.2790359999999996,0.19740676879882812
