walltime(s),cputime(s),systime(s),usertime(s),memory(GB)
762.5357568264008,762.4620560000001,12.521464000000002,749.940592,11.707748413085938
790.5804071426392,790.588007,11.155938,779.432069,11.707748413085938
791.9382741451263,791.9476750000002,11.700068000000002,780.2476070000002,11.707748413085938
748.396999835968,748.4046729999999,11.620080000000002,736.7845929999999,11.707748413085938
