walltime(s),cputime(s),systime(s),usertime(s),memory(GB)
177.04459500312805,177.044275,2.577521,174.466754,2.947021484375
177.4910888671875,177.49084399999995,2.027922,175.46292199999996,2.9476547241210938
194.01462316513062,194.01410099999995,1.8958840000000006,192.11821699999996,2.9476547241210938
193.9292550086975,193.92881100000005,1.9799869999999995,191.94882400000006,2.9476547241210938
193.06521248817444,193.06445000000005,1.8559400000000004,191.20851000000005,2.9476547241210938
190.145498752594,190.14291299999994,1.8839769999999998,188.25893599999995,2.9476547241210938
189.47945880889893,189.478956,1.9519830000000002,187.526973,2.9476547241210938
187.55624508857727,187.55581999999987,1.8119780000000016,185.74384199999986,2.9476547241210938
190.46559166908264,190.46504600000017,1.904007,188.56103900000016,2.9476547241210938
177.94580125808716,177.94572499999995,1.7719850000000008,176.17373999999995,2.9476547241210938
176.95660257339478,176.95669399999994,1.8359919999999974,175.12070199999994,2.9476547241210938
177.202538728714,177.20234299999984,1.7400110000000026,175.46233199999983,2.9476547241210938
178.112478017807,178.112128,1.6399659999999976,176.47216200000003,2.9476547241210938
178.26063799858093,178.2292620000003,1.8120539999999998,176.4172080000003,2.9476547241210938
177.2055802345276,177.20556300000032,1.6960060000000006,175.5095570000003,2.9476547241210938
177.8227415084839,177.82240399999998,1.8359939999999995,175.98640999999998,2.9476547241210938
177.1869990825653,177.18688300000008,1.7279750000000007,175.45890800000006,2.9476547241210938
178.4517605304718,178.451581,1.691994000000001,176.759587,2.9476547241210938
178.62452912330627,178.6243970000001,1.7760030000000029,176.8483940000001,2.9476547241210938
