walltime(s),cputime(s),systime(s),usertime(s),memory(GB)
0.23583221435546875,0.2358280000000006,0.0,0.2358280000000006,0.195068359375
0.23643898963928223,0.23642200000000013,0.0,0.23642200000000013,0.195068359375
0.2221219539642334,0.22211499999999962,0.0,0.22211499999999962,0.195068359375
0.22723960876464844,0.22723099999999974,0.0,0.22723099999999974,0.195068359375
0.22243213653564453,0.22242600000000046,0.0,0.22242600000000046,0.195068359375
0.22464895248413086,0.22464200000000023,0.0,0.22464200000000023,0.195068359375
0.2240772247314453,0.22406199999999998,0.0,0.22406199999999998,0.195068359375
0.22076940536499023,0.22074399999999983,0.0,0.22074399999999983,0.195068359375
0.22141313552856445,0.221406,0.0,0.221406,0.195068359375
0.21980977058410645,0.21980299999999975,0.0,0.21980299999999975,0.195068359375
0.21942424774169922,0.2194029999999998,0.0,0.2194029999999998,0.195068359375
0.21683406829833984,0.2168190000000001,0.0,0.2168190000000001,0.195068359375
0.21913695335388184,0.21912799999999955,0.0,0.21912799999999955,0.195068359375
0.21768903732299805,0.21768100000000068,0.0,0.21768100000000068,0.195068359375
0.22052001953125,0.22050499999999928,0.0,0.22050499999999928,0.195068359375
0.21839356422424316,0.2183869999999999,0.0,0.2183869999999999,0.195068359375
0.21706843376159668,0.21706099999999928,0.0,0.21706099999999928,0.195068359375
0.2171926498413086,0.21718600000000166,0.0,0.21718600000000166,0.195068359375
0.21763157844543457,0.21762499999999996,0.0,0.21762499999999996,0.195068359375
0.2178337574005127,0.21782799999999902,0.0,0.21782799999999902,0.195068359375
0.21720266342163086,0.21719699999999875,0.0,0.21719699999999875,0.195068359375
0.2191331386566162,0.21911900000000095,0.0,0.21911900000000095,0.195068359375
0.21702146530151367,0.21701499999999996,0.0,0.21701499999999996,0.195068359375
0.21918272972106934,0.21917599999999915,0.0,0.21917599999999915,0.195068359375
0.2172391414642334,0.21723200000000098,0.0,0.21723200000000098,0.195068359375
0.21892809867858887,0.21892099999999992,0.0,0.21892099999999992,0.195068359375
0.2171943187713623,0.21718800000000016,0.0,0.21718800000000016,0.195068359375
0.21715164184570312,0.21714500000000037,0.0,0.21714500000000037,0.195068359375
0.21729540824890137,0.21728799999999993,0.0,0.21728799999999993,0.195068359375
0.21679234504699707,0.21678499999999978,0.0,0.21678499999999978,0.195068359375
