walltime(s),cputime(s),systime(s),usertime(s),memory(GB)
557.1699690818787,557.1522359999999,8.456109,548.6961269999999,8.255088806152344
554.9689981937408,554.9545569999999,6.475886999999998,548.47867,8.25582504272461
560.6167330741882,560.4951809999999,6.7355560000000025,553.7596249999999,8.25582504272461
550.4197525978088,550.383796,6.527569,543.856227,8.25582504272461
556.4029424190521,556.3885290000003,7.0238109999999985,549.3647180000003,8.25582504272461
553.8962297439575,553.8841230000003,6.575859000000001,547.3082640000002,8.25582504272461
