walltime(s),cputime(s),systime(s),usertime(s),memory(GB)
0.17255020141601562,0.17252699999999965,0.0,0.17252699999999965,0.1947021484375
0.17633461952209473,0.176323,0.0,0.176323,0.1947021484375
0.16176223754882812,0.1617519999999999,0.0,0.1617519999999999,0.1947021484375
0.16446495056152344,0.16445299999999996,0.0,0.16445299999999996,0.1947021484375
0.16581058502197266,0.1657989999999998,0.0,0.1657989999999998,0.1947021484375
0.1643674373626709,0.1643460000000001,0.0,0.1643460000000001,0.1947021484375
0.1608896255493164,0.16087899999999955,0.0,0.16087899999999955,0.1947021484375
0.17953062057495117,0.17951899999999998,0.0,0.17951899999999998,0.1947021484375
0.164398193359375,0.16438800000000064,0.0,0.16438800000000064,0.1947021484375
0.17281556129455566,0.1728019999999999,0.0,0.1728019999999999,0.1947021484375
0.16620731353759766,0.1661949999999992,0.0,0.1661949999999992,0.1947021484375
0.1642777919769287,0.16426599999999958,0.0,0.16426599999999958,0.1947021484375
0.1698145866394043,0.1698019999999998,0.0,0.1698019999999998,0.1947021484375
0.1657707691192627,0.16576000000000057,0.0,0.16576000000000057,0.1947021484375
0.1632547378540039,0.16324300000000047,0.0,0.16324300000000047,0.1947021484375
0.17033147811889648,0.17032000000000025,0.0,0.17032000000000025,0.1947021484375
0.16433286666870117,0.1643219999999994,0.0,0.1643219999999994,0.1947021484375
0.17168021202087402,0.17166999999999977,0.0,0.17166999999999977,0.1947021484375
0.1766667366027832,0.17665800000000065,0.0,0.17665800000000065,0.1947021484375
0.16866421699523926,0.1686519999999998,0.0,0.1686519999999998,0.1947021484375
0.1641559600830078,0.16414500000000132,0.0,0.16414500000000132,0.1947021484375
0.15588068962097168,0.155856,0.0,0.155856,0.1947021484375
0.15565109252929688,0.15564,0.0,0.15564,0.1947021484375
0.1532754898071289,0.15325699999999998,0.0,0.15325699999999998,0.1947021484375
0.15800189971923828,0.15799200000000013,0.0,0.15799200000000013,0.1947021484375
0.15432262420654297,0.15431199999999912,0.0,0.15431199999999912,0.1947021484375
0.15936994552612305,0.159358000000001,0.0,0.159358000000001,0.1947021484375
0.1534278392791748,0.153416,0.0,0.153416,0.1947021484375
0.15462994575500488,0.1546200000000013,0.0,0.1546200000000013,0.1947021484375
0.15235376358032227,0.15234300000000012,0.0,0.15234300000000012,0.1947021484375
