walltime(s),cputime(s),systime(s),usertime(s),memory(GB)
207.78347182273865,207.714454,3.5120069999999997,204.20244699999998,3.0953941345214844
227.38125848770142,227.32809600000002,3.2278700000000002,224.10022600000002,3.0953941345214844
214.73001337051392,214.634719,2.8236779999999992,211.811041,3.0957603454589844
247.6191210746765,247.58517899999998,3.6636109999999995,243.92156799999998,3.0957603454589844
229.49720072746277,229.44640700000014,3.1556680000000004,226.29073900000014,3.0973739624023438
241.86848092079163,241.83615899999995,2.483829,239.35232999999994,3.099842071533203
249.07147645950317,249.05124799999996,2.4758540000000018,246.57539399999996,3.099842071533203
249.04963159561157,249.03027899999998,2.255865,246.77441399999998,3.099842071533203
243.17732548713684,243.15822300000002,2.0518670000000014,241.106356,3.099842071533203
213.65123224258423,213.52900699999987,1.791829,211.73717799999986,3.099842071533203
212.2969377040863,212.224125,1.6197429999999997,210.604382,3.099842071533203
212.9395740032196,212.8676709999997,1.800187000000001,211.0674839999997,3.099842071533203
213.02326774597168,212.95246399999965,1.6842650000000035,211.26819899999964,3.099842071533203
209.21967244148254,209.15170100000017,1.6756779999999978,207.47602300000017,3.099842071533203
203.56538248062134,203.50022999999973,1.6837990000000005,201.81643099999974,3.099842071533203
202.99662590026855,202.93191399999995,1.5279409999999984,201.40397299999995,3.099842071533203
