walltime(s),cputime(s),systime(s),usertime(s),memory(GB)
207.16960382461548,207.03764099999998,2.8628910000000003,204.17475,3.2570762634277344
199.5321662425995,199.471236,1.3157309999999995,198.155505,3.2730026245117188
198.2055938243866,198.14579,1.4277449999999998,196.71804500000002,3.2831573486328125
195.58681201934814,195.52799199999995,1.4718650000000002,194.05612699999995,3.2831573486328125
190.40868878364563,190.35325900000007,1.2638549999999995,189.08940400000006,3.2831649780273438
203.07787919044495,203.01624700000008,1.4040680000000005,201.61217900000008,3.2831649780273438
210.0159842967987,209.951036,1.5518549999999998,208.399181,3.2831687927246094
208.55083060264587,208.48646600000018,1.3479869999999998,207.1384790000002,3.2909698486328125
210.1587278842926,210.09316099999998,1.464008999999999,208.62915199999998,3.2909698486328125
210.11990094184875,210.0512690000001,1.467962,208.5833070000001,3.2909698486328125
209.78120517730713,209.71495599999986,1.448053999999999,208.26690199999985,3.2909698486328125
209.33628845214844,209.27158000000009,1.5518719999999995,207.71970800000008,3.2909812927246094
210.50114512443542,210.43467299999975,1.464113000000001,208.97055999999975,3.2909812927246094
209.9757616519928,209.91097800000023,1.5717770000000009,208.33920100000023,3.2909812927246094
210.1524965763092,210.08717499999977,1.4280860000000004,208.65908899999977,3.2909812927246094
210.11909770965576,210.05443700000012,1.3959890000000001,208.65844800000013,3.2909812927246094
209.63526797294617,209.57026100000004,1.4439269999999986,208.12633400000004,3.2909812927246094
