walltime(s),cputime(s),systime(s),usertime(s),memory(GB)
0.20759010314941406,0.2075790000000004,0.0,0.2075790000000004,0.19502639770507812
0.19980764389038086,0.19979600000000008,0.0,0.19979600000000008,0.1952667236328125
0.19117069244384766,0.19116,0.0,0.19116,0.1952667236328125
0.1899409294128418,0.18993099999999963,0.0,0.18993099999999963,0.1952667236328125
0.19077634811401367,0.190766,0.0,0.190766,0.1952667236328125
0.1914045810699463,0.1913859999999996,0.0,0.1913859999999996,0.1952667236328125
0.19197654724121094,0.19196599999999986,0.0,0.19196599999999986,0.1952667236328125
0.19150137901306152,0.19149200000000022,0.0,0.19149200000000022,0.1952667236328125
0.18997478485107422,0.18995600000000046,0.0,0.18995600000000046,0.1952667236328125
0.19090986251831055,0.19089899999999993,0.0,0.19089899999999993,0.1952667236328125
0.19108963012695312,0.1910779999999992,0.0,0.1910779999999992,0.1952667236328125
0.19437479972839355,0.19434899999999988,0.0,0.19434899999999988,0.1952667236328125
0.2046201229095459,0.20460799999999946,0.0,0.20460799999999946,0.1952667236328125
0.19544363021850586,0.19543099999999924,0.0,0.19543099999999924,0.1952667236328125
0.19395041465759277,0.19393899999999942,0.0,0.19393899999999942,0.1952667236328125
0.20946121215820312,0.20945000000000036,0.0,0.20945000000000036,0.1952667236328125
0.19342732429504395,0.19341600000000003,0.0,0.19341600000000003,0.1952667236328125
0.19376754760742188,0.1937470000000001,0.0,0.1937470000000001,0.1952667236328125
0.1901712417602539,0.1901609999999998,0.0,0.1901609999999998,0.1952667236328125
0.19074559211730957,0.1907350000000001,0.0,0.1907350000000001,0.1952667236328125
0.19593596458435059,0.19590900000000033,0.0,0.19590900000000033,0.1952667236328125
0.19201254844665527,0.19199200000000083,0.0,0.19199200000000083,0.1952667236328125
0.19185090065002441,0.19183999999999912,0.0,0.19183999999999912,0.1952667236328125
0.19007301330566406,0.19006400000000134,0.0,0.19006400000000134,0.1952667236328125
0.19311809539794922,0.19310700000000125,0.0,0.19310700000000125,0.1952667236328125
0.19237112998962402,0.192361,0.0,0.192361,0.1952667236328125
0.19119572639465332,0.19118500000000083,0.0,0.19118500000000083,0.1952667236328125
0.19448041915893555,0.19446899999999978,0.0,0.19446899999999978,0.1952667236328125
0.19057393074035645,0.19056400000000018,0.0,0.19056400000000018,0.1952667236328125
0.18945837020874023,0.18943800000000088,0.0,0.18943800000000088,0.1952667236328125
