walltime(s),cputime(s),systime(s),usertime(s),memory(GB)
0.3224201202392578,0.3224070000000002,0.004085000000000005,0.3183220000000002,0.196319580078125
0.3007969856262207,0.3007750000000007,0.0,0.3007750000000007,0.19645309448242188
0.29595255851745605,0.295941,0.0,0.295941,0.19646835327148438
0.31377291679382324,0.3137609999999995,0.0,0.3137609999999995,0.19646835327148438
0.2989494800567627,0.29891999999999985,0.0,0.29891999999999985,0.19646835327148438
0.3278341293334961,0.32782100000000014,0.0,0.32782100000000014,0.19647598266601562
0.2991018295288086,0.2990890000000004,0.0,0.2990890000000004,0.19647598266601562
0.30084753036499023,0.3008110000000004,0.0,0.3008110000000004,0.19647598266601562
0.3003702163696289,0.30035900000000026,0.0,0.30035900000000026,0.19647598266601562
0.30820775032043457,0.3081940000000003,0.0,0.3081940000000003,0.19647598266601562
0.3086578845977783,0.3086460000000004,0.0,0.3086460000000004,0.19647598266601562
0.3095076084136963,0.3094950000000001,0.0,0.3094950000000001,0.19647598266601562
0.31026649475097656,0.310238,0.0,0.310238,0.19647598266601562
0.29633116722106934,0.2963199999999997,0.0,0.2963199999999997,0.19647598266601562
0.3008134365081787,0.30079999999999885,0.0,0.30079999999999885,0.19647598266601562
0.30078887939453125,0.3007609999999996,0.0,0.3007609999999996,0.19647598266601562
0.30150604248046875,0.30149399999999993,0.0,0.30149399999999993,0.19647598266601562
0.30240654945373535,0.30239499999999886,0.0,0.30239499999999886,0.19647598266601562
0.31873321533203125,0.31871199999999966,0.0,0.31871199999999966,0.19647598266601562
0.3018016815185547,0.3017889999999994,0.0,0.3017889999999994,0.19647598266601562
0.30042290687561035,0.3004110000000004,0.0,0.3004110000000004,0.19647598266601562
0.30299997329711914,0.30296900000000093,0.0,0.30296900000000093,0.19647598266601562
0.2961258888244629,0.296106,0.0,0.296106,0.19647598266601562
0.30353760719299316,0.3035249999999987,0.0,0.3035249999999987,0.19647598266601562
0.30247068405151367,0.30245000000000033,0.0,0.30245000000000033,0.19647598266601562
0.3005673885345459,0.300554,0.0,0.300554,0.19647598266601562
0.297957181930542,0.29794499999999857,0.0,0.29794499999999857,0.19647598266601562
0.29831385612487793,0.2982839999999989,0.0,0.2982839999999989,0.19647598266601562
0.30388450622558594,0.30387300000000117,0.0,0.30387300000000117,0.19647598266601562
0.3006861209869385,0.3006740000000008,0.0,0.3006740000000008,0.19647598266601562
