walltime(s),cputime(s),systime(s),usertime(s),memory(GB)
0.37021493911743164,0.37021000000000015,0.0,0.37021000000000015,0.1968536376953125
0.34693312644958496,0.346927,0.0,0.346927,0.1968536376953125
0.3492424488067627,0.3492259999999998,0.0,0.3492259999999998,0.1970977783203125
0.35044384002685547,0.35041799999999945,0.0,0.35041799999999945,0.1970977783203125
0.3482356071472168,0.34822800000000065,0.0,0.34822800000000065,0.1970977783203125
0.3436279296875,0.34360700000000044,0.0,0.34360700000000044,0.1970977783203125
0.3501765727996826,0.35017100000000045,0.0,0.35017100000000045,0.1970977783203125
0.3449583053588867,0.34495200000000015,0.0,0.34495200000000015,0.1970977783203125
0.3490481376647949,0.3490310000000001,0.0,0.3490310000000001,0.1970977783203125
0.35959696769714355,0.35959200000000013,0.0,0.35959200000000013,0.1970977783203125
0.34623146057128906,0.3462259999999997,0.0,0.3462259999999997,0.1970977783203125
0.35511326789855957,0.3550930000000001,0.0,0.3550930000000001,0.1970977783203125
0.35104870796203613,0.35103499999999954,0.0,0.35103499999999954,0.1970977783203125
0.3477356433868408,0.34772900000000107,0.0,0.34772900000000107,0.1970977783203125
0.35098934173583984,0.3509840000000004,0.0,0.3509840000000004,0.1970977783203125
0.356764554977417,0.35675799999999924,0.0,0.35675799999999924,0.1970977783203125
0.34523606300354004,0.3452300000000008,0.0,0.3452300000000008,0.1970977783203125
0.345869779586792,0.3458640000000006,0.0,0.3458640000000006,0.1970977783203125
0.34978604316711426,0.34976800000000097,0.0,0.34976800000000097,0.1970977783203125
0.3507716655731201,0.3507649999999991,0.0,0.3507649999999991,0.1970977783203125
0.34378767013549805,0.3437809999999999,0.0,0.3437809999999999,0.1970977783203125
0.34422945976257324,0.3442229999999995,0.0,0.3442229999999995,0.1970977783203125
0.34774017333984375,0.347726999999999,0.0,0.347726999999999,0.1970977783203125
0.3492088317871094,0.3492040000000003,0.0,0.3492040000000003,0.1970977783203125
0.352841854095459,0.3528369999999992,0.0,0.3528369999999992,0.1970977783203125
0.3482956886291504,0.34829100000000146,0.0,0.34829100000000146,0.1970977783203125
0.35097789764404297,0.35097299999999976,0.0,0.35097299999999976,0.1970977783203125
0.35480332374572754,0.3547969999999996,0.0,0.3547969999999996,0.1970977783203125
0.34951114654541016,0.3495050000000006,0.0,0.3495050000000006,0.1970977783203125
0.3526129722595215,0.352606999999999,0.0,0.352606999999999,0.1970977783203125
