walltime(s),cputime(s),systime(s),usertime(s),memory(GB)
236.19008946418762,236.18946999999997,4.014898,232.17457199999998,3.8760452270507812
236.25209522247314,236.25215799999998,2.4519020000000005,233.800256,3.8781471252441406
236.5506944656372,236.55048300000004,2.4199599999999997,234.13052300000004,3.8781700134277344
237.9423267841339,237.93692700000003,2.443961999999999,235.49296500000003,3.8781700134277344
237.85060572624207,237.85063500000004,2.3999550000000003,235.45068000000003,3.8781700134277344
238.11216759681702,238.1122229999998,2.5319970000000023,235.5802259999998,3.8781700134277344
237.62727737426758,237.56562100000002,2.3599430000000012,235.20567800000003,3.8781700134277344
246.4565396308899,246.45666799999998,2.3680030000000016,244.088665,3.8781700134277344
238.1394453048706,238.1393819999999,2.383984999999999,235.7553969999999,3.8781700134277344
237.69030833244324,237.69043,2.4159809999999986,235.274449,3.8781700134277344
237.95289659500122,237.93647299999986,2.284002000000001,235.65247099999988,3.8781700134277344
236.79836082458496,236.79241599999986,2.391917000000003,234.40049899999985,3.8781700134277344
237.56701040267944,237.5607899999998,2.263921,235.2968689999998,3.8781700134277344
238.2993335723877,238.29332300000038,2.399926999999998,235.8933960000004,3.8781700134277344
242.4643533229828,242.42577299999977,2.476019000000001,239.94975399999976,3.8781700134277344
