walltime(s),cputime(s),systime(s),usertime(s),memory(GB)
0.7054226398468018,0.705424,0.003683999999999965,0.70174,0.20251083374023438
0.631544828414917,0.6315490000000006,0.0,0.6315490000000006,0.20263671875
0.6290509700775146,0.6289259999999999,0.0,0.6289259999999999,0.20263671875
0.6312997341156006,0.6312829999999998,0.0,0.6312829999999998,0.20263671875
0.6306054592132568,0.6306120000000002,0.0,0.6306120000000002,0.20263671875
0.6477019786834717,0.6475910000000002,0.0,0.6475910000000002,0.20263671875
0.6299393177032471,0.629923999999999,0.0,0.629923999999999,0.20263671875
0.6304669380187988,0.6304739999999995,0.0,0.6304739999999995,0.20263671875
0.6304709911346436,0.6303660000000004,0.0,0.6303660000000004,0.20263671875
0.633538007736206,0.6334890000000009,0.0,0.6334890000000009,0.20263671875
0.6302564144134521,0.6302620000000001,0.0,0.6302620000000001,0.20263671875
0.6298484802246094,0.6297259999999998,0.0,0.6297259999999998,0.20263671875
0.6415789127349854,0.6415740000000003,0.0,0.6415740000000003,0.20263671875
0.6303763389587402,0.6303830000000001,0.0,0.6303830000000001,0.20263671875
0.6299111843109131,0.6297949999999997,0.0,0.6297949999999997,0.20263671875
0.630744218826294,0.6307340000000003,0.0,0.6307340000000003,0.20263671875
0.6305015087127686,0.6305069999999997,0.0,0.6305069999999997,0.20263671875
0.6290407180786133,0.6290429999999994,0.0,0.6290429999999994,0.20263671875
0.6341853141784668,0.6341720000000004,0.00170300000000001,0.6324690000000004,0.20263671875
0.6303391456604004,0.6303429999999999,0.0,0.6303429999999999,0.20263671875
0.6295568943023682,0.6295510000000029,0.0,0.6295510000000029,0.20263671875
0.6307621002197266,0.6307529999999986,0.0,0.6307529999999986,0.20263671875
0.6306889057159424,0.6305590000000016,0.0,0.6305590000000016,0.20263671875
0.6300833225250244,0.6300899999999992,0.0,0.6300899999999992,0.20263671875
0.6309149265289307,0.6309100000000001,0.0,0.6309100000000001,0.20263671875
0.6299798488616943,0.6298540000000017,0.0,0.6298540000000017,0.20263671875
0.6304304599761963,0.6304259999999996,0.0038399999999999546,0.6265859999999996,0.20263671875
0.6309986114501953,0.6309930000000001,0.0,0.6309930000000001,0.20263671875
0.6302728652954102,0.6301699999999997,0.0,0.6301699999999997,0.20263671875
0.6298074722290039,0.6298130000000022,0.0,0.6298130000000022,0.20263671875
