walltime(s),cputime(s),systime(s),usertime(s),memory(GB)
294.71976351737976,323.0671,96.120292,226.946808,0.4103851318359375
295.18568110466003,323.489618,94.727008,228.76261000000002,0.4103851318359375
295.2685053348541,323.616277,94.32289199999997,229.29338500000006,0.410400390625
295.3636929988861,323.70358,95.261799,228.441781,0.4104118347167969
295.47327494621277,323.813913,94.85049099999998,228.96342200000004,0.4104347229003906
295.1826596260071,323.55605299999996,95.10837699999996,228.447676,0.4104423522949219
295.36632347106934,323.72157200000004,95.421017,228.30055500000003,0.4104423522949219
295.31852674484253,323.640172,95.24127800000008,228.39889399999993,0.4104652404785156
295.3421609401703,323.6768599999998,94.28949899999998,229.38736099999983,0.41046905517578125
295.24823808670044,323.561685,95.17080199999998,228.39088300000003,0.41046905517578125
295.4564015865326,323.79467499999987,94.76085200000011,229.03382299999976,0.41048431396484375
292.57442355155945,320.5647939999999,93.32075799999984,227.24403600000005,0.4104881286621094
