walltime(s),cputime(s),systime(s),usertime(s),memory(GB)
1310.3735175132751,1391.047988,400.368542,990.679446,1.8895301818847656
1313.8609471321106,1394.644116,399.24892700000004,995.395189,1.9036865234375
