walltime(s),cputime(s),systime(s),usertime(s),memory(GB)
2085.23468542099,2204.8113200000003,641.921027,1562.8902930000002,3.8681602478027344
