walltime(s),cputime(s),systime(s),usertime(s),memory(GB)
363.4961597919464,384.83164899999997,112.75404900000001,272.07759999999996,0.7204551696777344
382.4784550666809,403.701718,116.828623,286.87309500000003,0.7253684997558594
382.9007136821747,404.440787,116.42930700000002,288.01148,0.7262763977050781
382.5475809574127,404.3270489999999,114.57961699999998,289.7474319999999,0.7262763977050781
372.9626884460449,395.71581099999986,112.73800899999998,282.9778019999999,0.7262763977050781
363.50998759269714,387.2713289999999,110.28307599999994,276.988253,0.7262763977050781
359.8945372104645,383.2628319999999,109.23178099999996,274.03105099999993,0.7262763977050781
352.5530524253845,376.5946299999997,105.613653,270.9809769999997,0.7262763977050781
344.04860830307007,369.5294869999998,103.26867300000004,266.26081399999975,0.7262763977050781
