walltime(s),cputime(s),systime(s),usertime(s),memory(GB)
136.3857045173645,144.42465600000003,42.253989000000004,102.17066700000001,0.38884735107421875
141.40199494361877,149.491712,42.524393,106.96731899999999,0.38884735107421875
142.22720861434937,150.14056199999996,42.358003,107.78255899999996,0.38884735107421875
144.06759691238403,152.07010000000002,43.65337199999999,108.41672800000003,0.38884735107421875
143.71676516532898,151.63912300000004,43.785342000000014,107.85378100000003,0.38884735107421875
143.4595971107483,151.23696100000004,43.22797399999999,108.00898700000005,0.38884735107421875
144.14206981658936,152.12068800000003,43.21657099999999,108.90411700000004,0.38884735107421875
143.31800746917725,151.08925199999993,42.83615100000003,108.2531009999999,0.38884735107421875
143.3288140296936,151.462759,42.86776099999997,108.59499800000003,0.38884735107421875
144.53303337097168,152.4550720000001,43.62724400000002,108.82782800000007,0.38884735107421875
142.86556816101074,150.92369600000006,43.22216400000002,107.70153200000004,0.38884735107421875
140.05668091773987,148.299534,41.731336000000056,106.56819799999994,0.38884735107421875
139.26616525650024,147.9182350000001,41.77442199999996,106.14381300000014,0.38884735107421875
137.76306557655334,146.4166479999999,41.490966999999955,104.92568099999994,0.38884735107421875
136.5552351474762,145.23191899999995,41.579444999999964,103.65247399999998,0.38884735107421875
135.4425630569458,144.0651059999999,40.65151000000003,103.41359599999987,0.38884735107421875
136.00962591171265,145.263954,41.08592199999998,104.17803200000003,0.38884735107421875
134.9540889263153,143.43554999999992,40.546153000000004,102.88939699999992,0.38884735107421875
135.2487633228302,144.03249100000016,41.07368500000007,102.9588060000001,0.38884735107421875
134.00848245620728,142.81701999999996,39.76409100000001,103.05292899999995,0.38884735107421875
130.24743390083313,139.40760699999953,39.821068999999966,99.58653799999956,0.38884735107421875
130.41763257980347,139.67229799999973,38.83969000000002,100.83260799999971,0.38884735107421875
129.65936470031738,138.87524900000017,38.413344999999936,100.46190400000023,0.38884735107421875
127.98664140701294,137.40889700000025,37.652243,99.75665400000025,0.38884735107421875
126.23873162269592,135.92047700000012,36.43674899999996,99.48372800000016,0.38884735107421875
125.96062278747559,135.24803199999974,36.20161299999995,99.04641899999979,0.38884735107421875
