walltime(s),cputime(s),systime(s),usertime(s),memory(GB)
177.78825759887695,193.06821399999998,50.127542999999996,142.94067099999998,0.34915924072265625
178.4984712600708,193.95158800000002,51.137254999999996,142.814333,0.3503837585449219
178.04066514968872,192.46586499999995,48.817232000000004,143.64863299999996,0.3503837585449219
176.5651035308838,191.38330999999994,47.62086099999999,143.76244899999995,0.3503837585449219
175.89644479751587,190.58621299999996,47.088719,143.49749399999996,0.3503837585449219
171.9500060081482,186.05353699999995,46.612099,139.44143799999995,0.3503837585449219
171.37840104103088,185.38756999999998,47.08312999999998,138.30444,0.3503837585449219
174.909264087677,189.48984000000007,47.93613600000003,141.55370400000004,0.3503837585449219
177.5591790676117,191.44162200000005,49.483559000000014,141.95806300000004,0.3503837585449219
177.88643503189087,191.67213800000007,49.907857999999976,141.7642800000001,0.3503837585449219
178.39127683639526,192.19720100000006,49.74543600000004,142.45176500000002,0.3503837585449219
178.55178213119507,192.24724099999992,49.851534000000015,142.3957069999999,0.3503837585449219
178.02568912506104,191.82840699999997,49.52118599999994,142.30722100000003,0.3503837585449219
177.01361322402954,191.13095099999998,48.84730000000002,142.28365099999996,0.3503837585449219
177.86958384513855,191.70998900000018,49.4448789999999,142.26511000000028,0.3503837585449219
177.75121188163757,191.6144559999998,49.70256599999993,141.91188999999986,0.3503837585449219
177.8441243171692,191.80753900000013,49.144344000000046,142.6631950000001,0.3503837585449219
177.51583623886108,191.27671500000008,49.21792900000003,142.05878600000005,0.3503837585449219
178.09028339385986,192.00307299999997,49.44368799999995,142.55938500000002,0.3503837585449219
177.65794897079468,191.39627800000017,49.511539000000084,141.88473900000008,0.3503837585449219
