walltime(s),cputime(s),systime(s),usertime(s),memory(GB)
202.0896337032318,222.547625,60.952834,161.59479100000001,0.3600502014160156
205.0092854499817,225.620929,62.248226,163.372703,0.36042022705078125
197.52806210517883,217.110356,58.954038,158.156318,0.3604469299316406
204.63196897506714,225.196529,60.69119999999998,164.50532900000002,0.3604850769042969
202.41678643226624,222.62161800000004,60.69314,161.92847800000004,0.36051177978515625
203.19625115394592,223.59281599999997,62.06669299999999,161.52612299999998,0.3605155944824219
204.1777846813202,224.69049300000012,62.15477800000002,162.5357150000001,0.3605232238769531
204.9271366596222,225.512251,61.476174000000015,164.03607699999998,0.36052703857421875
205.02825140953064,225.65877500000005,62.046794000000034,163.61198100000001,0.36054229736328125
202.72054290771484,222.9875229999999,60.85587199999998,162.13165099999992,0.3605499267578125
204.0170328617096,224.4497869999999,61.567318,162.8824689999999,0.36055755615234375
203.87325739860535,224.37918500000023,61.53130800000008,162.84787700000015,0.36055755615234375
204.82854223251343,225.448894,62.199434,163.24946,0.36055755615234375
204.72307300567627,225.30133899999976,62.154462999999964,163.1468759999998,0.3605613708496094
204.41117763519287,225.00332200000003,62.86382000000003,162.139502,0.3605613708496094
202.16805744171143,222.36619499999995,60.94943000000001,161.41676499999994,0.3605690002441406
202.91189217567444,223.2305180000002,60.98312199999998,162.2473960000002,0.3605690002441406
