walltime(s),cputime(s),systime(s),usertime(s),memory(GB)
261.86304473876953,280.416628,73.536332,206.880296,0.5121955871582031
264.1902070045471,283.674387,73.1248,210.54958700000003,0.5121955871582031
266.7757215499878,285.96678899999995,74.94601799999998,211.02077099999997,0.5121955871582031
271.92078137397766,290.561744,75.771884,214.78985999999998,0.5121955871582031
271.74348497390747,290.18338199999994,76.77544599999999,213.40793599999995,0.5121955871582031
272.0636842250824,290.51253499999984,75.95336399999997,214.55917099999988,0.5121955871582031
271.94033217430115,290.5400660000002,76.43373700000001,214.1063290000002,0.5121955871582031
272.06166315078735,290.6933660000002,77.17123300000003,213.52213300000017,0.5121955871582031
270.68920946121216,289.35457299999996,75.89806699999997,213.456506,0.5121955871582031
266.7721540927887,285.43382999999994,75.78609000000006,209.64773999999989,0.5121955871582031
266.32987928390503,284.8150669999998,75.01153399999998,209.8035329999998,0.5121955871582031
266.45813059806824,284.8834109999999,75.08727499999998,209.79613599999993,0.5121955871582031
275.5668737888336,292.53325700000005,76.54965799999991,215.98359900000014,0.5121955871582031
