walltime(s),cputime(s),systime(s),usertime(s),memory(GB)
302.28679180145264,332.922063,106.231435,226.690628,0.4165458679199219
302.9784665107727,333.614784,106.43036899999998,227.18441500000003,0.4165611267089844
303.0920796394348,333.765067,106.41296399999999,227.352103,0.4166069030761719
302.92563366889954,333.56936600000006,105.75877000000003,227.81059600000003,0.4166374206542969
302.9146933555603,333.598072,105.98022400000002,227.61784799999998,0.41664886474609375
302.73902893066406,333.446324,107.521342,225.924982,0.4166717529296875
302.83862042427063,333.5143989999999,106.30540399999995,227.20899499999996,0.41667938232421875
302.7707772254944,333.4271400000001,105.43071599999996,227.99642400000016,0.4166831970214844
302.83774638175964,333.51200000000006,106.40062799999998,227.11137200000007,0.4166831970214844
302.6468708515167,333.274035,106.26931500000012,227.0047199999999,0.41668701171875
302.09610080718994,332.6151930000001,105.74170400000003,226.87348900000006,0.4166908264160156
