walltime(s),cputime(s),systime(s),usertime(s),memory(GB)
261.48964405059814,284.879709,80.956502,203.923207,0.35730743408203125
262.45990538597107,285.950747,79.09643299999999,206.85431400000002,0.3575401306152344
261.94687151908875,286.28275999999994,80.19716399999999,206.08559599999995,0.3577766418457031
262.07034969329834,286.30220700000007,79.257016,207.04519100000005,0.3577766418457031
261.7940299510956,286.15534300000013,80.20635800000002,205.9489850000001,0.35784149169921875
261.9114112854004,286.25774499999994,79.42748499999999,206.83025999999995,0.35813140869140625
261.8020689487457,286.1621620000002,80.67505900000003,205.48710300000016,0.3581352233886719
261.9045057296753,286.3145250000001,80.82331800000009,205.49120700000003,0.3581390380859375
261.84407114982605,286.19395199999997,79.45633899999996,206.737613,0.3581390380859375
261.87075424194336,286.2534330000001,79.571058,206.6823750000001,0.3581733703613281
261.73939204216003,286.08203100000026,80.72846900000002,205.35356200000024,0.3581733703613281
262.02541971206665,286.4343419999998,81.52884999999992,204.90549199999987,0.35817718505859375
261.9604251384735,286.2496450000001,80.26921800000014,205.98042699999996,0.358184814453125
