walltime(s),cputime(s),systime(s),usertime(s),memory(GB)
1461.6978785991669,1538.5402719999997,458.389102,1080.1511699999999,2.5838851928710938
1477.5688836574554,1555.6458699999998,455.242462,1100.403408,2.5838851928710938
