walltime(s),cputime(s),systime(s),usertime(s),memory(GB)
148.92281556129456,158.674542,46.16192100000001,112.512621,0.36730194091796875
150.7545518875122,160.53915700000002,47.01893400000001,113.520223,0.36730194091796875
150.04944467544556,159.83815899999996,45.908507,113.92965199999998,0.36730194091796875
149.86905169487,159.70934,45.942071,113.767269,0.36730194091796875
147.5555078983307,157.661674,44.99503199999998,112.66664200000002,0.36730194091796875
148.557452917099,158.21687500000002,45.976742,112.24013300000001,0.36730194091796875
151.09366106987,160.55195500000002,46.29759100000001,114.25436400000001,0.36730194091796875
150.81495833396912,160.24877100000003,47.621313999999984,112.62745700000005,0.36730194091796875
150.69836807250977,160.21037300000006,47.071680999999955,113.1386920000001,0.36730194091796875
151.0389804840088,160.15893899999986,46.58576599999998,113.57317299999988,0.36730194091796875
149.92045712471008,159.1994830000001,46.11413700000003,113.08534600000007,0.36730194091796875
147.18314504623413,156.67131900000004,46.54087000000004,110.130449,0.36730194091796875
147.54404258728027,156.86943399999984,46.677111999999966,110.19232199999988,0.36730194091796875
147.4152500629425,156.78360099999986,45.692994,111.09060699999986,0.36730194091796875
147.18212151527405,156.553444,46.07325000000003,110.48019399999998,0.36730194091796875
147.64161562919617,156.94988699999988,46.10088899999994,110.84899799999994,0.36730194091796875
147.39364051818848,156.765495,45.829335000000015,110.93615999999997,0.36730194091796875
147.25773811340332,156.61177999999995,45.997033999999985,110.61474599999997,0.36730194091796875
147.43164730072021,156.89690200000018,46.19238799999994,110.70451400000024,0.36730194091796875
147.3291733264923,157.00247499999978,45.82106199999998,111.1814129999998,0.36730194091796875
148.77736902236938,158.41927299999998,45.524636999999984,112.89463599999999,0.36730194091796875
148.0431489944458,157.70381499999985,46.341061999999965,111.36275299999988,0.36730194091796875
148.26827263832092,157.964017,45.049968000000035,112.91404899999998,0.36730194091796875
147.5341329574585,157.2181939999998,46.19977499999982,111.018419,0.36730194091796875
