walltime(s),cputime(s),systime(s),usertime(s),memory(GB)
317.22421073913574,337.042767,97.997085,239.045682,0.7315597534179688
321.46741795539856,340.80144,98.86983300000001,241.931607,0.7342033386230469
321.98411321640015,341.34814100000006,98.021008,243.32713300000006,0.7342033386230469
321.82785987854004,341.15126300000003,98.88179099999996,242.26947200000006,0.7342033386230469
323.36432814598083,342.3550660000001,99.54695000000004,242.80811600000004,0.7342033386230469
323.1607882976532,342.20257100000015,99.565156,242.63741500000015,0.7342033386230469
321.6720070838928,341.08660399999997,98.49652200000003,242.59008199999994,0.7342033386230469
320.5022714138031,340.00992999999994,98.42185700000005,241.5880729999999,0.7342033386230469
316.016943693161,335.9169979999998,97.08065500000009,238.83634299999972,0.7342033386230469
312.1245017051697,332.40555400000017,96.94163400000002,235.46392000000014,0.7342033386230469
302.97755122184753,324.1070880000001,93.06712800000003,231.03996000000006,0.7342033386230469
