walltime(s),cputime(s),systime(s),usertime(s),memory(GB)
216.0163402557373,235.82177399999998,67.618507,168.20326699999998,0.3410453796386719
217.56573057174683,237.37889,66.81825,170.56064,0.3424415588378906
217.91301774978638,237.87362,68.66749999999999,169.20612,0.34247589111328125
224.36144971847534,244.980831,70.48627300000001,174.49455799999998,0.34247589111328125
217.23716735839844,237.62899299999998,69.67563999999999,167.953353,0.34247589111328125
210.09810400009155,229.39127600000006,63.673586,165.71769000000006,0.34247589111328125
220.88569569587708,241.38544500000012,71.35869300000002,170.0267520000001,0.34247589111328125
218.5951030254364,238.61459599999984,68.09378099999998,170.52081499999986,0.34247589111328125
222.9821059703827,243.67643600000008,70.82314400000007,172.853292,0.34247589111328125
224.41626501083374,245.22173099999998,72.244237,172.97749399999998,0.34247589111328125
225.12890458106995,246.11211300000002,72.84540800000002,173.266705,0.34247589111328125
223.7972583770752,244.45111400000008,71.70728100000008,172.743833,0.34247589111328125
225.90145254135132,246.6871210000004,72.82683399999996,173.86028700000043,0.34247589111328125
225.71799063682556,246.69959900000015,73.76636900000005,172.9332300000001,0.34247589111328125
225.99663877487183,247.10897300000022,74.9404800000001,172.16849300000013,0.34247589111328125
225.64862990379333,246.71127,73.85872899999981,172.8525410000002,0.34247589111328125
