walltime(s),cputime(s),systime(s),usertime(s),memory(GB)
260.7669734954834,278.24899600000003,78.718913,199.53008300000002,0.4841270446777344
265.80223274230957,282.16216399999996,80.874016,201.28814799999998,0.4841270446777344
267.7220060825348,283.78986299999997,81.70876899999999,202.08109399999995,0.4841270446777344
266.958055973053,282.8358370000001,82.00811100000001,200.8277260000001,0.4841270446777344
267.7487952709198,283.141478,82.19307900000001,200.948399,0.4841270446777344
263.1658339500427,280.1797500000001,79.814843,200.36490700000013,0.4841270446777344
253.43262195587158,270.98272100000014,76.88302600000003,194.0996950000001,0.4841270446777344
251.30862879753113,268.9619069999999,75.69936099999995,193.26254599999993,0.4841270446777344
248.55496311187744,265.883196,75.47326599999997,190.40993000000003,0.4841270446777344
210.37518286705017,225.49977799999988,64.15034500000002,161.34943299999986,0.4841270446777344
199.12895035743713,213.68503899999996,60.36604299999999,153.31899599999997,0.4841270446777344
194.94002413749695,209.5182880000002,58.23500899999999,151.28327900000022,0.4841270446777344
194.79354071617126,209.33943099999976,57.8292909999999,151.51013999999986,0.4841270446777344
194.8599500656128,209.43692799999997,58.06380200000001,151.37312599999996,0.4841270446777344
194.83939790725708,209.48039900000026,58.24075999999991,151.23963900000035,0.4841270446777344
