walltime(s),cputime(s),systime(s),usertime(s),memory(GB)
1956.3062500953674,2078.1890670000003,622.530262,1455.658805,3.071369171142578
