walltime(s),cputime(s),systime(s),usertime(s),memory(GB)
215.40381169319153,235.27194899999998,61.138679,174.13326999999998,0.3760185241699219
216.98820304870605,236.90571899999998,61.221334999999996,175.684384,0.3760223388671875
216.42502403259277,236.32104599999994,60.249697999999995,176.07134799999994,0.3760223388671875
216.20624113082886,236.09024899999991,61.21179699999999,174.87845199999992,0.3760719299316406
211.14948987960815,230.85511800000006,61.051782,169.80333600000006,0.3760719299316406
213.98792171478271,233.98603299999996,64.50304499999999,169.48298799999998,0.37609100341796875
212.61510586738586,232.32907799999998,61.084292000000005,171.24478599999998,0.37609100341796875
213.84746861457825,233.70705899999984,63.39864299999999,170.30841599999985,0.37609100341796875
223.55645060539246,243.93371800000006,65.71548899999999,178.21822900000006,0.37609100341796875
219.34271907806396,239.09963600000015,64.91960100000006,174.1800350000001,0.3760986328125
217.24848985671997,237.38483099999996,64.55664100000001,172.82818999999995,0.3761024475097656
222.72420597076416,243.1245929999999,66.67392699999994,176.45066599999996,0.376129150390625
222.96105098724365,243.3139359999999,66.68896600000005,176.62496999999985,0.3761329650878906
218.87330150604248,239.09579100000008,65.191866,173.90392500000007,0.3761329650878906
217.95424270629883,238.1259490000001,64.36358400000006,173.76236500000005,0.37613677978515625
222.55965042114258,242.8866999999999,65.13253599999996,177.75416399999995,0.37613677978515625
