walltime(s),cputime(s),systime(s),usertime(s),memory(GB)
451.3124816417694,498.133141,149.040013,349.09312800000004,0.5518341064453125
449.6091363430023,495.376571,145.640269,349.736302,0.5536231994628906
457.75770807266235,504.59854200000007,148.061192,356.53735000000006,0.5536231994628906
458.8999590873718,505.8830940000001,149.26984199999998,356.6132520000001,0.5536651611328125
453.37339663505554,499.6587330000001,147.59331400000008,352.065419,0.5536651611328125
457.8103144168854,504.7238699999998,149.37309099999993,355.3507789999999,0.5536651611328125
452.70436429977417,498.89255800000046,146.25094200000012,352.64161600000034,0.5536651611328125
