walltime(s),cputime(s),systime(s),usertime(s),memory(GB)
1459.1131870746613,1599.25492,478.192847,1121.062073,1.1786575317382812
1488.2196531295776,1629.4737790000001,470.38693800000004,1159.086841,1.1894569396972656
