walltime(s),cputime(s),systime(s),usertime(s),memory(GB)
1841.774896621704,2025.065517,551.151036,1473.914481,1.9504737854003906
