walltime(s),cputime(s),systime(s),usertime(s),memory(GB)
330.5799641609192,351.319707,98.848986,252.47072100000003,0.6335563659667969
340.14949440956116,360.88148900000004,99.93017199999998,260.9513170000001,0.63751220703125
342.5449070930481,363.33793000000003,100.23891400000002,263.099016,0.63751220703125
341.0431797504425,362.33433399999996,100.19085999999999,262.14347399999997,0.63751220703125
339.3676640987396,360.561625,99.42777900000004,261.13384599999995,0.63751220703125
341.48020696640015,363.2046930000001,99.34108299999997,263.8636100000001,0.63751220703125
342.80603432655334,362.9977379999999,100.57092599999999,262.4268119999999,0.63751220703125
345.75921988487244,366.2481200000003,102.35030100000006,263.89781900000025,0.63751220703125
346.88172006607056,366.68258200000014,102.92389600000001,263.7586860000001,0.63751220703125
355.3318407535553,375.1480760000002,105.06216500000005,270.0859110000001,0.63751220703125
