walltime(s),cputime(s),systime(s),usertime(s),memory(GB)
224.927095413208,245.6415,63.137153000000005,182.504347,0.40184783935546875
235.0679428577423,256.304449,67.978478,188.325971,0.4018745422363281
234.80986094474792,255.86964800000004,65.84426500000001,190.02538300000003,0.40189361572265625
239.6706428527832,261.04484299999996,68.074818,192.97002499999996,0.4019050598144531
240.49762177467346,261.97402,68.68295699999999,193.291063,0.4019203186035156
240.6009030342102,262.15193899999997,70.29102599999999,191.86091299999998,0.4019355773925781
240.76410746574402,262.26941400000004,69.32336000000004,192.946054,0.4019508361816406
240.61880898475647,262.08619199999987,69.89344700000004,192.19274499999983,0.4019622802734375
241.13353276252747,262.6333820000001,69.15142400000002,193.48195800000008,0.4019660949707031
241.65072894096375,263.18166999999994,70.121398,193.06027199999994,0.40196990966796875
242.14558243751526,263.6890669999999,70.622162,193.0669049999999,0.4019737243652344
242.3148341178894,263.8944479999999,69.86551399999996,194.02893399999994,0.4019775390625
241.98032641410828,263.54268500000023,69.86881299999993,193.6738720000003,0.4019927978515625
239.9755334854126,261.3877120000001,69.06175900000005,192.32595300000003,0.4019927978515625
239.53575658798218,260.83887500000003,68.53092600000002,192.307949,0.4019927978515625
