walltime(s),cputime(s),systime(s),usertime(s),memory(GB)
1518.5255753993988,1674.638903,590.884286,1083.754617,1.1662750244140625
1512.7151944637299,1668.263249,587.369858,1080.893391,1.1665115356445312
