walltime(s),cputime(s),systime(s),usertime(s),memory(GB)
1859.0476412773132,2003.696791,570.68795,1433.008841,3.080322265625
