walltime(s),cputime(s),systime(s),usertime(s),memory(GB)
758.3344576358795,804.613049,221.790071,582.822978,1.0250320434570312
821.2038767337799,868.697774,232.857952,635.839822,1.0250320434570312
724.1991250514984,770.7599839999999,208.54474500000003,562.2152389999999,1.0265121459960938
695.0587289333344,741.61906,200.553093,541.065967,1.0304336547851562
606.6138913631439,648.9094129999997,174.66024400000003,474.2491689999997,1.0304336547851562
