walltime(s),cputime(s),systime(s),usertime(s),memory(GB)
583.1870355606079,642.172838,204.175003,437.99783499999995,0.5048294067382812
594.9626829624176,654.383517,209.04365800000002,445.339859,0.50689697265625
595.2677531242371,654.7984980000001,210.351065,444.44743300000005,0.5080833435058594
594.3244750499725,653.7433060000001,209.243921,444.4993850000001,0.5080986022949219
595.2773389816284,654.5986719999997,209.26563299999987,445.33303899999987,0.5080986022949219
588.9520823955536,647.4024489999999,206.8656800000001,440.5367689999998,0.5081138610839844
