walltime(s),cputime(s),systime(s),usertime(s),memory(GB)
244.76614713668823,268.266069,78.950751,189.315318,0.3652687072753906
247.23204493522644,270.72955,79.34851900000001,191.381031,0.3657722473144531
247.0157630443573,270.516064,78.904874,191.61118999999997,0.365875244140625
247.19869947433472,270.70377999999994,79.53088400000001,191.17289599999992,0.3658790588378906
247.32473397254944,270.808875,78.86715699999996,191.94171800000004,0.36588287353515625
247.21965217590332,270.69465100000014,79.485724,191.20892700000013,0.3658866882324219
247.25083088874817,270.7254800000001,79.29723700000005,191.42824300000007,0.3658866882324219
246.99988865852356,270.4771159999999,78.93654400000003,191.54057199999988,0.3658866882324219
247.21013569831848,270.6846590000001,79.43929300000002,191.2453660000001,0.3658905029296875
238.78707647323608,261.2035199999999,75.58229199999994,185.62122799999997,0.36589813232421875
247.20214557647705,270.7012379999999,78.29060400000003,192.41063399999985,0.3659019470214844
247.38660264015198,270.8882229999998,79.52706999999998,191.36115299999983,0.3659019470214844
247.34963655471802,270.869003,79.67031999999995,191.19868300000007,0.36590576171875
247.24734234809875,270.72978999999987,79.87729300000001,190.85249699999986,0.3659095764160156
