walltime(s),cputime(s),systime(s),usertime(s),memory(GB)
141.6838927268982,151.84787599999999,42.033355,109.814521,0.3676300048828125
144.2618179321289,154.94266199999998,42.4797,112.46296199999999,0.3676300048828125
145.6690559387207,156.09573199999997,42.404922,113.69080999999997,0.3676300048828125
143.87390613555908,154.08072499999997,42.519302999999994,111.561422,0.3676300048828125
144.21757221221924,154.56929499999993,42.130325,112.43896999999993,0.3676300048828125
144.7574815750122,154.58973000000003,43.1463,111.44343000000003,0.3676300048828125
144.47692251205444,154.833074,42.933400000000006,111.899674,0.3676300048828125
144.66357851028442,154.96913700000005,43.06115799999998,111.90797900000007,0.3676300048828125
140.8068253993988,151.24135100000012,41.628089000000045,109.61326200000008,0.3676300048828125
140.759206533432,151.13248300000004,40.98805299999998,110.14443000000006,0.3676300048828125
140.68725728988647,151.19569200000007,41.18130200000002,110.01439000000005,0.3676300048828125
140.26174235343933,150.62643400000013,40.163231999999994,110.46320200000014,0.3676300048828125
140.61604142189026,151.05424700000003,40.930341,110.12390600000003,0.3676300048828125
140.04046058654785,150.29162300000007,40.532737,109.75888600000008,0.3676300048828125
138.40349125862122,148.913324,40.117894999999976,108.79542900000001,0.3676300048828125
137.24537658691406,147.82612899999992,39.895617000000016,107.93051199999991,0.3676300048828125
135.85899806022644,146.40459899999996,39.040555999999924,107.36404300000004,0.3676300048828125
134.54970002174377,145.18288099999995,38.33448700000008,106.84839399999987,0.3676300048828125
129.50470542907715,139.61262099999988,36.75379299999997,102.8588279999999,0.3676300048828125
130.02599143981934,140.1911769999998,36.75992099999996,103.43125599999985,0.3676300048828125
129.9484703540802,140.11179100000015,37.811364000000026,102.30042700000013,0.3676300048828125
129.90045809745789,140.0452130000001,37.461778000000095,102.58343500000001,0.3676300048828125
129.14314937591553,139.21381999999994,37.355411000000004,101.85840899999994,0.3676300048828125
118.97420978546143,128.13175999999987,33.485855000000015,94.64590499999986,0.3676300048828125
122.03886580467224,131.58927899999992,34.50848000000008,97.08079899999984,0.3676300048828125
105.26725602149963,113.42861300000015,29.437814999999887,83.99079800000027,0.3676300048828125
