walltime(s),cputime(s),systime(s),usertime(s),memory(GB)
326.7393136024475,348.264053,101.93094099999999,246.333112,0.6176605224609375
334.6082344055176,355.751312,101.82191900000001,253.929393,0.6221351623535156
330.28691601753235,352.065197,100.04177399999998,252.02342300000004,0.6221351623535156
339.8825058937073,359.996413,104.49390699999998,255.50250600000004,0.6221351623535156
345.276957988739,364.5487799999999,106.31086499999998,258.23791499999993,0.6221351623535156
347.37953662872314,366.3874189999999,106.13693899999998,260.2504799999999,0.6221351623535156
340.2382016181946,359.9048519999998,104.5144489999999,255.39040299999988,0.6221351623535156
337.27295899391174,357.65564499999994,103.21653000000003,254.4391149999999,0.6221351623535156
333.97242307662964,355.1989970000001,101.44064700000001,253.75835000000006,0.6221351623535156
324.98577404022217,346.6509799999998,99.47331599999995,247.17766399999982,0.6221351623535156
