walltime(s),cputime(s),systime(s),usertime(s),memory(GB)
559.7044422626495,602.088809,169.618596,432.470213,0.9977569580078125
566.2563095092773,608.920301,169.633543,439.286758,0.9981498718261719
565.4391977787018,607.932675,169.532718,438.3999570000001,0.9982452392578125
564.5267009735107,606.8037380000001,169.88518800000003,436.9185500000001,0.9984016418457031
495.0775809288025,531.9470630000002,151.34453900000005,380.60252400000013,0.9984016418457031
432.1279830932617,465.144683,129.4067,335.737983,0.9984016418457031
423.26510643959045,455.93206699999996,126.41049700000008,329.5215699999999,0.9984016418457031
