walltime(s),cputime(s),systime(s),usertime(s),memory(GB)
1086.3595366477966,1193.5648,318.81512100000003,874.749679,1.0145072937011719
1108.869439125061,1217.181134,322.34170100000006,894.839433,1.0223503112792969
1109.2736036777496,1217.573675,321.216679,896.356996,1.0297889709472656
