walltime(s),cputime(s),systime(s),usertime(s),memory(GB)
292.90846943855286,312.56320800000003,91.743661,220.819547,0.5946235656738281
294.35816836357117,313.00302600000003,91.050398,221.95262800000003,0.5970802307128906
297.08841490745544,315.818045,91.51422599999998,224.30381899999998,0.5970954895019531
298.97628927230835,318.11865800000004,92.76951300000002,225.34914500000002,0.5970954895019531
304.16337060928345,323.475411,93.496265,229.97914600000001,0.5970954895019531
300.85047721862793,320.0869609999999,93.74422999999996,226.34273099999996,0.5970954895019531
306.2770390510559,325.71376899999984,94.902602,230.81116699999984,0.5970954895019531
307.8217704296112,327.11956899999996,95.12760099999991,231.99196800000004,0.5970954895019531
308.55508637428284,327.730818,95.74391100000003,231.98690699999997,0.5970954895019531
305.8229627609253,325.42231900000024,95.08612300000004,230.3361960000002,0.5970954895019531
303.9684603214264,323.56317500000034,93.94436000000007,229.61881500000027,0.5970954895019531
