walltime(s),cputime(s),systime(s),usertime(s),memory(GB)
1026.5880086421967,1135.940296,352.88135,783.058946,1.0286140441894531
1045.2366909980774,1157.637514,360.668339,796.969175,1.028717041015625
1048.0797612667084,1160.9042530000002,361.619284,799.284969,1.028717041015625
