walltime(s),cputime(s),systime(s),usertime(s),memory(GB)
151.54209351539612,160.23660900000002,45.909293000000005,114.32731600000001,0.3915824890136719
154.58702754974365,163.283962,47.21772500000001,116.066237,0.3919029235839844
153.3989155292511,162.15067699999997,46.17542400000001,115.97525299999998,0.3919029235839844
154.4192614555359,163.27236700000003,46.00851399999999,117.26385300000004,0.3919029235839844
153.10123491287231,162.23220699999996,45.74836699999997,116.48383999999999,0.3919029235839844
154.56305122375488,163.17644899999996,45.751052999999985,117.42539599999998,0.3919029235839844
154.8718545436859,163.54210799999998,46.449370000000044,117.09273799999994,0.3919029235839844
155.0861930847168,163.76425799999998,46.20675,117.55750799999998,0.3919029235839844
154.3584406375885,163.00729399999994,46.36327699999998,116.64401699999996,0.3919029235839844
154.5821213722229,163.13312299999996,46.946867,116.18625599999996,0.3919029235839844
155.3034348487854,163.90611,46.133872,117.77223800000002,0.3919029235839844
157.68323969841003,166.32035200000013,47.53603900000002,118.78431300000011,0.3919029235839844
164.02058291435242,172.89400999999998,49.794533,123.09947699999998,0.3919029235839844
165.04349637031555,173.77547000000015,49.88989800000002,123.88557200000014,0.3919029235839844
163.66261315345764,172.4655079999999,49.639933999999926,122.82557399999996,0.3919029235839844
164.28869819641113,173.08960899999988,49.675629999999956,123.41397899999993,0.3919029235839844
164.35615587234497,173.0744940000002,49.677588000000014,123.39690600000017,0.3919029235839844
163.99508714675903,172.8762109999999,49.288276999999994,123.5879339999999,0.3919029235839844
164.18314266204834,173.01764699999978,49.50801100000001,123.50963599999977,0.3919029235839844
164.0709993839264,173.140539,48.956298999999944,124.18424000000005,0.3919029235839844
163.78907299041748,172.86565500000006,49.35270300000002,123.51295200000004,0.3919029235839844
159.19455862045288,168.39016699999968,48.30476800000008,120.0853989999996,0.3919029235839844
