walltime(s),cputime(s),systime(s),usertime(s),memory(GB)
178.6700885295868,196.68404,12.220761000000001,184.463279,0.6519699096679688
180.76281356811523,200.51130000000003,12.348568,188.16273200000003,0.7668113708496094
180.89050483703613,200.805882,12.301809999999996,188.504072,0.7668113708496094
182.51222848892212,201.89332100000007,12.869886000000001,189.02343500000006,0.7668113708496094
185.65012335777283,205.542131,13.359451,192.18268,0.7668113708496094
186.40056920051575,205.51754000000003,12.755705999999996,192.76183400000002,0.7668113708496094
178.81074357032776,197.41169099999996,12.378000999999998,185.03368999999998,0.7668113708496094
166.54779958724976,184.90497599999998,11.315354,173.58962199999996,0.7668113708496094
164.65815830230713,182.6374620000001,11.244719000000003,171.3927430000001,0.7668113708496094
166.74127388000488,185.27261499999992,11.272351999999998,174.0002629999999,0.7668113708496094
164.52858471870422,182.57655999999986,11.206633999999994,171.36992599999985,0.7668113708496094
166.4045376777649,185.99509700000016,11.858852000000013,174.13624500000014,0.7668113708496094
164.5057168006897,182.15326800000005,10.847718000000015,171.30555000000004,0.7668113708496094
165.0249161720276,183.26434500000013,11.990397999999999,171.27394700000013,0.7668113708496094
165.55266332626343,183.93582199999992,11.453755000000001,172.48206699999992,0.7668113708496094
164.31943368911743,182.29072499999967,11.515243999999996,170.77548099999967,0.7668113708496094
164.93338465690613,183.1476240000001,11.74389099999999,171.4037330000001,0.7668113708496094
164.2982795238495,181.891259,10.864732000000004,171.026527,0.7668113708496094
164.63278317451477,182.58343500000007,11.140825000000007,171.44261000000006,0.7668113708496094
165.38285541534424,183.84817399999977,11.161125999999996,172.68704799999978,0.7668113708496094
163.76328945159912,182.22431300000017,11.572854000000007,170.65145900000016,0.7668113708496094
