walltime(s),cputime(s),systime(s),usertime(s),memory(GB)
521.7274174690247,577.4526490000001,210.080462,367.37218700000005,0.5180587768554688
524.304527759552,579.8339980000001,209.94748299999998,369.88651500000003,0.5184288024902344
524.2552695274353,579.7413940000001,211.25601,368.48538400000007,0.5184783935546875
524.5959043502808,580.2679730000001,210.480185,369.7877880000001,0.51849365234375
524.7252862453461,580.5745939999999,211.48118,369.09341399999994,0.51849365234375
520.143232345581,574.9868670000001,209.23917600000004,365.74769100000003,0.5184974670410156
