walltime(s),cputime(s),systime(s),usertime(s),memory(GB)
570.8884501457214,615.859988,174.47254900000001,441.38743900000003,1.084991455078125
571.678836107254,617.087004,173.652764,443.43424,1.094207763671875
581.2215676307678,626.67355,175.71025200000003,450.963298,1.0948448181152344
583.1047093868256,628.4730669999999,176.67513099999996,451.79793599999994,1.0948448181152344
583.1699986457825,628.855522,177.02220799999998,451.833314,1.0948448181152344
591.2851543426514,636.7859440000002,179.663137,457.1228070000002,1.0948448181152344
