walltime(s),cputime(s),systime(s),usertime(s),memory(GB)
277.9265937805176,298.913886,84.753608,214.160278,0.6484222412109375
281.12564849853516,302.070957,85.411297,216.65966,0.6484222412109375
281.7290573120117,302.7027740000001,86.87921100000003,215.82356300000004,0.6484222412109375
279.1567897796631,300.206215,85.73834800000003,214.46786699999996,0.6484222412109375
278.8905301094055,299.830741,84.80100500000003,215.02973599999996,0.6484222412109375
281.62701630592346,302.5851710000002,85.58319000000006,217.00198100000011,0.6484222412109375
282.8049578666687,303.543721,85.57035599999995,217.97336500000006,0.6484222412109375
284.266722202301,304.54166299999986,87.81982699999992,216.72183599999994,0.6484222412109375
284.4143307209015,304.694397,86.8439780000001,217.85041899999987,0.6484222412109375
284.7296702861786,304.9649499999998,87.04123099999993,217.9237189999999,0.6484222412109375
285.0078709125519,305.39406599999995,88.10747800000001,217.28658799999994,0.6484222412109375
279.32715010643005,299.8732040000001,86.75931700000012,213.11388699999998,0.6484222412109375
