walltime(s),cputime(s),systime(s),usertime(s),memory(GB)
130.46733689308167,138.383037,39.688211,98.694826,0.38231658935546875
133.70477318763733,141.93246200000002,39.088587,102.84387500000001,0.3829002380371094
133.76099967956543,141.71351299999998,39.285973,102.42754,0.3833770751953125
133.99413990974426,142.091589,38.82227300000001,103.269316,0.3833770751953125
134.34166145324707,142.40277900000004,39.022681000000006,103.38009800000003,0.3833770751953125
132.98230910301208,141.47134299999996,39.289315000000016,102.18202799999995,0.3833770751953125
133.44677877426147,142.06012800000005,39.25197799999998,102.80815000000007,0.3833770751953125
135.373300075531,143.23372100000006,39.30141200000003,103.93230900000003,0.3833770751953125
140.2453954219818,148.46497399999998,41.29920400000003,107.16576999999995,0.3833770751953125
143.07224297523499,150.82419499999997,42.87507199999999,107.94912299999999,0.3833770751953125
142.65743732452393,150.39916700000015,42.276342,108.12282500000015,0.3833770751953125
142.36602878570557,150.24597799999992,41.83669499999996,108.40928299999996,0.3833770751953125
143.60252475738525,151.12893600000012,41.824155000000076,109.30478100000005,0.3833770751953125
142.85922384262085,150.52729599999998,42.38510199999996,108.14219400000002,0.3833770751953125
143.16071152687073,150.78492900000003,42.38699400000007,108.39793499999996,0.3833770751953125
138.97254467010498,147.07504399999993,41.464647000000014,105.61039699999992,0.3833770751953125
137.26571536064148,144.98007200000006,40.13244200000008,104.84762999999998,0.3833770751953125
137.93066811561584,146.16465899999992,40.555484999999976,105.60917399999994,0.3833770751953125
136.95466303825378,144.91482699999995,40.09938,104.81544699999995,0.3833770751953125
137.03970766067505,145.025671,39.533788999999956,105.49188200000003,0.3833770751953125
135.48236346244812,143.73795899999982,39.99820999999997,103.73974899999985,0.3833770751953125
133.59089136123657,142.04611400000033,38.81037200000003,103.2357420000003,0.3833770751953125
133.37699818611145,141.97805100000016,38.57298800000001,103.40506300000015,0.3833770751953125
134.20424151420593,142.52105700000016,39.53163900000004,102.98941800000011,0.3833770751953125
132.630291223526,140.9679400000001,38.817627000000016,102.1503130000001,0.3833770751953125
130.031183719635,138.52395499999966,37.81626899999992,100.70768599999974,0.3833770751953125
