walltime(s),cputime(s),systime(s),usertime(s),memory(GB)
1109.009197473526,1195.198508,344.00073,851.197778,1.8749618530273438
1141.3089444637299,1222.568918,351.44106999999997,871.127848,1.8749618530273438
1176.077178478241,1257.910377,358.057145,899.8532319999999,1.8749618530273438
