walltime(s),cputime(s),systime(s),usertime(s),memory(GB)
248.8397777080536,274.518943,87.06943199999999,187.449511,0.3539085388183594
252.92915868759155,278.744993,90.268126,188.476867,0.35442352294921875
253.012104511261,278.71323499999994,88.73549600000001,189.97773899999993,0.3544349670410156
252.83770990371704,278.64130800000004,90.37451600000003,188.266792,0.3544578552246094
252.8598029613495,278.7298620000001,89.85454299999998,188.8753190000001,0.35446929931640625
252.8970947265625,278.74698400000017,89.46253200000007,189.2844520000001,0.3544769287109375
252.77876710891724,278.49785699999984,89.187183,189.31067399999984,0.35448455810546875
252.5374414920807,278.37710000000015,89.30893900000001,189.06816100000015,0.3544883728027344
252.70478558540344,278.52037800000005,89.61325,188.90712800000006,0.3544921875
252.4273703098297,278.3088230000002,90.86459400000001,187.44422900000018,0.3544960021972656
250.1142647266388,275.47462499999983,89.56265299999995,185.91197199999988,0.3544960021972656
252.906188249588,278.7417989999998,89.6116209999999,189.1301779999999,0.3545036315917969
252.68676733970642,278.50213399999984,89.11722400000008,189.38490999999976,0.3545036315917969
249.16012954711914,274.03169400000024,88.56979300000012,185.46190100000013,0.3545036315917969
