walltime(s),cputime(s),systime(s),usertime(s),memory(GB)
737.7696206569672,785.6532419999999,193.366651,592.2865909999999,1.1681861877441406
752.2213509082794,800.180501,195.07203299999998,605.108468,1.1681861877441406
749.6082665920258,798.3946479999998,194.34486400000003,604.0497839999998,1.1681861877441406
741.7289366722107,791.5308899999998,190.78270999999995,600.7481799999998,1.1681861877441406
