walltime(s),cputime(s),systime(s),usertime(s),memory(GB)
657.2604897022247,719.072898,184.717116,534.355782,0.8065986633300781
660.3937549591064,721.605637,182.27829599999998,539.327341,0.8124313354492188
665.7530052661896,727.409244,181.13980299999997,546.2694409999999,0.8124313354492188
665.3871073722839,727.0084949999998,182.861306,544.1471889999998,0.8129081726074219
665.7318189144135,727.4893009999998,181.03270399999997,546.4565969999999,0.8129081726074219
