walltime(s),cputime(s),systime(s),usertime(s),memory(GB)
156.2287654876709,169.996354,45.859555,124.13679899999998,0.3456611633300781
94220.95449948311,175.836219,62.064886,113.771333,0.34626007080078125
161.9429841041565,176.453063,65.42887499999999,111.02418800000001,0.3463249206542969
161.28315329551697,175.61091,64.170659,111.44025099999999,0.34635162353515625
183.43415307998657,200.75690399999996,76.31286399999999,124.44403999999997,0.34635162353515625
179.20165061950684,194.13909699999994,73.49469600000003,120.6444009999999,0.3463630676269531
179.1750807762146,195.66765900000001,73.10215299999999,122.56550600000003,0.34637451171875
178.4227795600891,194.19428399999998,73.076844,121.11743999999999,0.3463859558105469
177.22091102600098,193.45917099999997,72.65324400000009,120.80592699999988,0.3463935852050781
176.12027668952942,192.59329300000002,72.22825799999998,120.36503500000003,0.34639739990234375
185.25466179847717,203.484866,77.61537799999996,125.86948800000005,0.34639739990234375
182.5475356578827,200.17582399999992,76.1331459999999,124.04267800000002,0.3464622497558594
167.84993720054626,183.1254600000001,65.98357900000008,117.14188100000001,0.3464622497558594
148.22254300117493,160.18247099999996,51.31205899999998,108.87041199999999,0.3464622497558594
152.56956315040588,164.24159900000006,53.11042299999997,111.1311760000001,0.3464622497558594
153.65700507164001,165.544356,53.91055700000004,111.63379899999995,0.346466064453125
151.98313283920288,163.74271899999985,53.0651019999998,110.67761700000005,0.346466064453125
151.29502964019775,162.84817500000008,52.03534600000012,110.81282899999997,0.346466064453125
157.80265951156616,170.44326599999977,56.962485000000015,113.48078099999975,0.346466064453125
150.1661720275879,161.4680539999997,52.288859999999886,109.17919399999982,0.346466064453125
151.34195947647095,162.6720640000001,51.99080200000003,110.68126200000006,0.346466064453125
