walltime(s),cputime(s),systime(s),usertime(s),memory(GB)
143.09663200378418,150.405936,42.017041,108.38889499999999,0.3892364501953125
144.6103959083557,152.12304,41.255570000000006,110.86747,0.3950347900390625
143.51396679878235,151.36304299999998,41.447745,109.91529799999998,0.3950347900390625
143.6856336593628,151.594386,41.38447999999998,110.20990599999999,0.3950347900390625
143.4714596271515,150.76229999999998,41.37226800000002,109.39003199999996,0.3950347900390625
145.4093680381775,152.9501359999999,42.28052299999999,110.66961299999991,0.3950347900390625
144.007643699646,151.55523199999993,41.67966899999999,109.87556299999994,0.3950347900390625
141.2686207294464,149.06090800000004,40.11049300000002,108.95041500000002,0.3950347900390625
144.19829893112183,151.95501599999994,41.40655099999998,110.54846499999996,0.3950347900390625
143.95605039596558,151.5286289999999,41.36255700000004,110.16607199999987,0.3950347900390625
144.86788177490234,152.45988799999998,41.785649000000035,110.67423899999994,0.3950347900390625
144.08359789848328,151.824185,41.909032999999965,109.91515200000003,0.3950347900390625
144.68488073349,152.09596499999986,41.69399899999996,110.4019659999999,0.3950347900390625
144.98961639404297,152.83089499999994,41.748024999999984,111.08286999999996,0.3950347900390625
144.53902292251587,151.94394599999998,41.128925000000095,110.81502099999989,0.3950347900390625
144.72545075416565,152.3859500000001,41.594397999999956,110.79155200000014,0.3950347900390625
144.0772922039032,151.61423899999988,41.16188199999999,110.45235699999989,0.3950347900390625
139.78487300872803,147.72540000000015,39.73668000000009,107.98872000000006,0.3950347900390625
136.97613954544067,145.2518849999998,39.40222099999994,105.84966399999985,0.3950347900390625
135.09311985969543,143.37872600000026,38.99139099999991,104.38733500000035,0.3950347900390625
135.22682762145996,143.82528300000013,38.66648200000009,105.15880100000004,0.3950347900390625
134.79194474220276,143.42781999999988,37.95978100000002,105.46803899999986,0.3950347900390625
133.73061990737915,142.49709100000007,38.76602300000002,103.73106800000005,0.3950347900390625
131.0120074748993,140.58798299999967,36.94431899999995,103.64366399999972,0.3950347900390625
125.70898962020874,134.5812659999997,35.493985000000066,99.08728099999962,0.3950347900390625
