walltime(s),cputime(s),systime(s),usertime(s),memory(GB)
468.29632902145386,511.83016699999996,146.214938,365.615229,0.5228462219238281
463.5093762874603,505.264928,142.78625699999998,362.478671,0.5228462219238281
474.84014678001404,518.387608,144.31956099999996,374.068047,0.5228462219238281
470.1914277076721,513.1405820000002,143.62918499999995,369.5113970000002,0.5228462219238281
475.1972098350525,518.717151,144.06320199999993,374.653949,0.5228462219238281
475.2824990749359,518.8463690000001,144.70981800000004,374.13655100000005,0.5228462219238281
474.9685389995575,518.5068700000002,144.95956999999999,373.5473000000002,0.5228462219238281
