walltime(s),cputime(s),systime(s),usertime(s),memory(GB)
227.9842119216919,241.79681600000004,67.796991,173.99982500000002,0.5073585510253906
231.05337595939636,245.129819,67.706917,177.422902,0.5073585510253906
234.3771505355835,248.51106400000003,67.912484,180.59858000000003,0.5073585510253906
234.97022891044617,248.509161,68.46313800000001,180.046023,0.5073585510253906
235.23527812957764,248.79709200000002,68.37067000000002,180.426422,0.5073585510253906
234.10797381401062,247.9565330000001,67.54056099999997,180.41597200000012,0.5073585510253906
234.44201183319092,248.282914,67.935296,180.347618,0.5073585510253906
231.4680666923523,245.6026230000001,67.18999599999995,178.41262700000016,0.5073585510253906
229.4075746536255,244.3107070000001,66.18256700000006,178.12814000000003,0.5073585510253906
230.15591716766357,245.16667700000005,66.55737699999997,178.60930000000008,0.5073585510253906
226.7754352092743,241.838528,65.851179,175.987349,0.5073585510253906
225.49554586410522,240.790576,65.47116399999993,175.31941200000006,0.5073585510253906
224.17007327079773,239.78964799999994,64.96506799999997,174.82457999999997,0.5073585510253906
217.43517541885376,233.5485120000002,62.147894000000065,171.40061800000012,0.5073585510253906
217.71140384674072,233.77506300000027,61.01661300000001,172.75845000000027,0.5073585510253906
