walltime(s),cputime(s),systime(s),usertime(s),memory(GB)
1029.4738612174988,1128.7494980000001,337.29341800000003,791.45608,0.8607101440429688
1089.4456889629364,1205.259809,409.53170099999994,795.728108,0.8624763488769531
1080.606609582901,1195.810813,406.02362199999993,789.7871910000001,0.8624763488769531
