walltime(s),cputime(s),systime(s),usertime(s),memory(GB)
1405.796128988266,1504.8071850000001,348.121407,1156.685778,1.8579788208007812
1398.4221470355988,1497.7116889999998,347.065005,1150.6466839999998,1.8579788208007812
