walltime(s),cputime(s),systime(s),usertime(s),memory(GB)
339.9763171672821,362.153291,105.499486,256.65380500000003,0.7253456115722656
341.1880750656128,362.87911600000007,104.76471899999999,258.11439700000005,0.7253456115722656
348.0578622817993,368.84258000000005,107.00713400000001,261.83544600000005,0.7253456115722656
348.07379508018494,368.8545580000001,107.345236,261.5093220000001,0.7253456115722656
358.51374197006226,378.907438,110.47251699999998,268.43492100000003,0.7253456115722656
344.40036368370056,366.173687,105.54140400000006,260.6322829999999,0.7253456115722656
343.1312301158905,365.41398100000004,104.87477999999999,260.53920100000005,0.7253456115722656
334.47970366477966,358.4069969999998,101.641032,256.7659649999998,0.7253456115722656
327.9437155723572,351.81025499999976,100.308625,251.50162999999975,0.7253456115722656
323.80670714378357,347.8026869999999,98.88287700000001,248.91980999999987,0.7253456115722656
