walltime(s),cputime(s),systime(s),usertime(s),memory(GB)
177.38654923439026,195.648657,10.883591,184.765066,0.6733055114746094
177.33378982543945,194.98953999999998,10.603065,184.386475,0.7788238525390625
178.129163980484,196.70369200000005,10.393729,186.30996300000004,0.7788238525390625
178.0285427570343,196.23730099999997,10.406692999999997,185.83060799999998,0.7788238525390625
177.70183801651,195.63373299999998,10.451134000000003,185.18259899999998,0.7788238525390625
178.8012888431549,197.83648600000006,10.746228000000002,187.09025800000006,0.7788238525390625
178.20828795433044,196.29018399999984,10.498024999999998,185.79215899999986,0.7788238525390625
178.36601853370667,196.71162900000007,10.661720000000003,186.04990900000007,0.7788238525390625
178.91275215148926,197.89924400000018,10.989639999999994,186.90960400000017,0.7788238525390625
179.66867184638977,198.46028400000017,10.769706,187.6905780000002,0.7788238525390625
176.87335443496704,194.97975699999986,10.120556999999991,184.85919999999987,0.7788238525390625
176.2717158794403,193.577207,10.079675999999992,183.49753099999998,0.7788238525390625
178.09843277931213,196.7862010000001,10.43654699999999,186.3496540000001,0.7788238525390625
176.42650890350342,193.70972800000033,10.330993999999976,183.37873400000035,0.7788238525390625
176.71837997436523,194.15433100000013,10.936622999999997,183.21770800000013,0.7788238525390625
178.2486572265625,197.5982869999998,10.569030999999995,187.0292559999998,0.7788238525390625
176.86190104484558,195.21603700000034,10.101714999999984,185.11432200000036,0.7788238525390625
179.6681010723114,200.71259699999985,11.429659000000015,189.28293799999983,0.7788238525390625
179.98126220703125,201.51842599999964,10.774766,190.74365999999964,0.7788238525390625
180.09033107757568,201.47858200000007,11.641437999999994,189.83714400000008,0.7788238525390625
