walltime(s),cputime(s),systime(s),usertime(s),memory(GB)
519.8318727016449,569.1122310000001,169.480685,399.631546,0.5340805053710938
522.236478805542,571.581354,169.02715400000002,402.5542,0.5340805053710938
522.2123262882233,571.519839,167.778836,403.741003,0.5340805053710938
520.0913453102112,569.5314960000002,169.27138000000002,400.26011600000015,0.5340805053710938
519.0235209465027,567.9395219999999,167.69799899999998,400.2415229999999,0.5340805053710938
522.2617421150208,571.6638520000001,169.55759899999998,402.10625300000015,0.5340805053710938
