walltime(s),cputime(s),systime(s),usertime(s),memory(GB)
220.62819266319275,236.347062,63.494142999999994,172.85291899999999,0.4912223815917969
233.08202457427979,248.46836000000002,65.846285,182.62207500000002,0.4934730529785156
228.12734627723694,243.696102,65.02576099999999,178.670341,0.4959068298339844
229.93684315681458,245.03060600000003,64.37210900000002,180.658497,0.4959068298339844
232.9389374256134,248.16010699999993,66.24702300000001,181.9130839999999,0.4959068298339844
228.81319570541382,243.58802299999996,65.43843399999997,178.149589,0.4959068298339844
234.15676832199097,249.18446699999998,65.91362799999996,183.27083900000002,0.4959068298339844
231.25964212417603,246.07661300000007,65.39091500000006,180.685698,0.4959068298339844
233.72741079330444,248.72688499999992,66.73705899999993,181.989826,0.4959068298339844
229.36595273017883,244.39594499999998,66.1796260000001,178.21631899999988,0.4959068298339844
231.33437490463257,246.01159999999993,65.96195399999999,180.04964599999994,0.4959068298339844
231.55605292320251,246.18599599999993,66.20201199999997,179.98398399999996,0.4959068298339844
235.83052325248718,250.65121299999998,66.91443500000003,183.73677799999996,0.4959068298339844
235.2867555618286,250.72232199999996,66.21223399999997,184.510088,0.4959068298339844
232.8151614665985,248.1029199999998,65.23606100000006,182.86685899999975,0.4959068298339844
