walltime(s),cputime(s),systime(s),usertime(s),memory(GB)
1371.3758573532104,1449.9418850000002,421.285393,1028.656492,2.371612548828125
1340.221233844757,1422.641788,407.985863,1014.655925,2.37255859375
