walltime(s),cputime(s),systime(s),usertime(s),memory(GB)
156.14818811416626,170.699318,48.113645999999996,122.585672,0.3042259216308594
156.5675036907196,171.121975,49.72864499999999,121.39333,0.30450439453125
156.8278408050537,171.42880499999998,49.60085599999999,121.82794899999999,0.30455780029296875
156.57271695137024,171.152555,49.503153999999995,121.64940100000001,0.3045768737792969
156.47391486167908,171.020679,50.46792100000002,120.55275799999998,0.3046073913574219
156.55476307868958,171.13361200000003,49.499217999999985,121.63439400000004,0.3046073913574219
156.58043789863586,171.160051,49.758083,121.40196800000001,0.3046226501464844
156.47355675697327,171.006081,49.30103399999996,121.70504700000004,0.30462646484375
156.6846046447754,171.2509859999999,48.647109,122.6038769999999,0.30463409423828125
150.77201104164124,164.70323700000017,47.66724799999997,117.0359890000002,0.3046722412109375
156.57256317138672,171.14484599999997,49.605454000000066,121.5393919999999,0.30469512939453125
156.67985606193542,171.25727599999993,49.767431999999985,121.48984399999995,0.3047142028808594
156.59154725074768,171.1611929999998,49.05956800000001,122.10162499999979,0.304718017578125
156.58799409866333,171.15727300000003,49.416146000000026,121.741127,0.3047294616699219
156.67160773277283,171.28958699999998,49.73558800000001,121.55399899999998,0.3047332763671875
156.71445870399475,171.2870499999999,50.241039,121.04601099999991,0.3047370910644531
156.60684657096863,171.21527200000025,48.989588000000026,122.22568400000023,0.30474090576171875
156.69233536720276,171.2753320000004,49.79050600000005,121.48482600000034,0.30474090576171875
156.83627915382385,171.43471399999987,49.22708399999999,122.20762999999988,0.3048973083496094
156.81772375106812,171.39045600000009,50.026206,121.36425000000008,0.3048973083496094
156.00613284111023,170.26529400000015,48.53533499999992,121.72995900000024,0.3048973083496094
153.7959053516388,167.8317910000003,49.411080000000084,118.42071100000021,0.3048973083496094
154.34587621688843,168.91995100000054,49.980862000000116,118.93908900000042,0.3048973083496094
