walltime(s),cputime(s),systime(s),usertime(s),memory(GB)
222.00279903411865,245.72767900000002,70.91891600000001,174.808763,0.37087249755859375
222.40612030029297,246.15142200000003,71.896461,174.254961,0.3709831237792969
216.97911930084229,239.89280499999995,68.934842,170.95796299999995,0.3709907531738281
222.53544068336487,246.24936400000004,71.13928899999999,175.11007500000005,0.3710174560546875
222.3705072402954,246.101377,71.556895,174.54448200000002,0.37102508544921875
222.73887848854065,246.42484899999994,70.98733299999998,175.43751599999996,0.37102508544921875
222.61774516105652,246.3271660000001,71.175137,175.15202900000008,0.37102508544921875
222.47603607177734,246.18931799999984,71.13161600000001,175.05770199999984,0.37102508544921875
223.1539478302002,246.95207900000003,70.91121299999998,176.04086600000005,0.37102508544921875
222.6190323829651,246.36213599999996,71.40363200000002,174.95850399999995,0.37102508544921875
222.5201919078827,246.23456299999975,71.03150499999992,175.20305799999983,0.37102508544921875
222.5854046344757,246.26950099999976,71.01715899999999,175.25234199999977,0.37102508544921875
222.4007306098938,246.130222,70.61593900000003,175.51428299999998,0.37102508544921875
222.67872405052185,246.40211599999964,70.66218199999992,175.73993399999972,0.37103271484375
78073.93484783173,228.71599099999992,64.931735,163.7842559999999,0.37104034423828125
193.3766849040985,212.95517300000006,58.95758000000001,153.99759300000005,0.37104034423828125
