walltime(s),cputime(s),systime(s),usertime(s),memory(GB)
775.5080034732819,819.509335,240.749156,578.760179,1.4806442260742188
794.833114862442,839.14723,245.049599,594.097631,1.4806442260742188
767.7413449287415,812.826177,235.13838999999996,577.6877870000001,1.4806442260742188
713.0691843032837,762.9505760000002,217.762966,545.1876100000002,1.4806442260742188
