walltime(s),cputime(s),systime(s),usertime(s),memory(GB)
2052.043385028839,2175.737377,641.497602,1534.239775,2.886280059814453
