walltime(s),cputime(s),systime(s),usertime(s),memory(GB)
692.9001615047455,737.345936,216.129635,521.216301,1.1497421264648438
705.3316359519958,748.3476660000001,218.83509300000003,529.5125730000001,1.1590042114257812
701.9617693424225,745.414045,218.64581999999996,526.768225,1.1590042114257812
698.2324454784393,743.2926380000004,218.22453700000005,525.0681010000003,1.1590042114257812
660.790046453476,707.0082990000001,204.80728399999998,502.2010150000001,1.1590042114257812
