walltime(s),cputime(s),systime(s),usertime(s),memory(GB)
411.0522847175598,450.17878900000005,133.815964,316.36282500000004,0.4940338134765625
416.8892343044281,456.214718,138.02812899999998,318.186589,0.4940338134765625
411.3587455749512,450.305184,134.82897299999996,315.47621100000003,0.4940338134765625
415.5733196735382,455.23520699999995,137.46234900000002,317.7728579999999,0.4940338134765625
416.5503616333008,456.076954,138.17757599999993,317.89937800000007,0.4940338134765625
409.0237195491791,447.6464500000001,131.88077699999997,315.7656730000001,0.4940338134765625
399.92053294181824,437.30469800000003,127.18512799999996,310.11957000000007,0.4940338134765625
408.04031467437744,446.14141900000016,131.39861600000006,314.7428030000001,0.4940338134765625
