walltime(s),cputime(s),systime(s),usertime(s),memory(GB)
225.96362590789795,240.73415699999998,60.556038,180.17811899999998,0.48522186279296875
228.36086130142212,243.79847400000003,61.913427000000006,181.88504700000001,0.48844146728515625
228.61048865318298,243.882921,62.344272000000004,181.53864900000002,0.48844146728515625
228.45044231414795,243.75430200000005,61.798857,181.95544500000005,0.48844146728515625
233.57527709007263,247.89418200000003,64.28913700000001,183.60504500000002,0.48844146728515625
233.4796290397644,248.0358900000001,63.99644599999999,184.03944400000012,0.48844146728515625
233.58924627304077,248.61995999999982,64.26568800000001,184.3542719999998,0.48844146728515625
233.30458235740662,247.7823390000001,63.91458499999999,183.8677540000001,0.48844146728515625
232.83911800384521,248.2209390000001,63.13015999999999,185.0907790000001,0.48844146728515625
232.56576371192932,247.91175999999996,62.78878099999997,185.122979,0.48844146728515625
232.62171840667725,247.70896900000014,63.122179000000074,184.58679000000006,0.48844146728515625
232.09393215179443,247.09889399999997,63.252790000000005,183.84610399999997,0.48844146728515625
232.64160633087158,247.4993489999996,62.89916699999992,184.60018199999968,0.48844146728515625
229.69185066223145,244.7438689999998,62.086959999999976,182.6569089999998,0.48844146728515625
229.63101768493652,244.54112499999985,61.77410100000009,182.76702399999976,0.48844146728515625
