walltime(s),cputime(s),systime(s),usertime(s),memory(GB)
161.12082529067993,175.816719,6.955232,168.861487,1.7626228332519531
160.90509176254272,175.304038,6.64513,168.658908,1.8018302917480469
161.8975534439087,176.702672,6.887762999999998,169.814909,1.8018302917480469
162.31968593597412,177.29299800000007,6.923746000000001,170.36925200000007,1.8018302917480469
163.00771045684814,178.44187900000006,7.144218000000002,171.29766100000006,1.8018302917480469
162.59462785720825,178.22837299999995,7.296979,170.93139399999995,1.8018302917480469
156.36062836647034,170.95798000000008,6.795231000000001,164.16274900000008,1.8018302917480469
156.85768938064575,171.8893510000001,6.9276589999999985,164.96169200000008,1.8200263977050781
156.96879744529724,171.925771,6.747496000000005,165.17827499999999,1.8200263977050781
156.8845353126526,171.77939900000013,6.782648000000002,164.99675100000013,1.8200263977050781
157.4068455696106,172.63440500000002,6.908006999999998,165.72639800000002,1.8200263977050781
153.31040620803833,167.93997400000012,6.2933980000000105,161.6465760000001,1.8201942443847656
149.43994569778442,163.54663900000014,6.565521000000004,156.98111800000015,1.8201942443847656
144.95946145057678,158.94129200000026,5.878574999999998,153.06271700000025,1.8201942443847656
142.4346694946289,156.4139519999998,6.121590999999995,150.2923609999998,1.8201942443847656
142.7025306224823,157.02379200000001,6.241101999999998,150.78269,1.8201942443847656
142.32521319389343,156.3287759999999,6.181173000000001,150.1476029999999,1.8201942443847656
142.5402693748474,156.55141900000018,6.191071000000008,150.36034800000016,1.8201942443847656
143.09051990509033,157.700854,6.635336999999993,151.065517,1.8201942443847656
142.66955876350403,156.9004530000004,6.294564000000008,150.6058890000004,1.8201942443847656
136.53555417060852,151.29168799999974,6.368985000000009,144.92270299999973,1.8214797973632812
136.08144974708557,150.50391800000003,6.199040999999994,144.30487700000003,1.8214797973632812
141.4945797920227,155.43867100000014,6.113168999999999,149.32550200000014,1.8223533630371094
