walltime(s),cputime(s),systime(s),usertime(s),memory(GB)
1961.3189203739166,2143.110322,491.02101200000004,1652.08931,1.9110107421875
