walltime(s),cputime(s),systime(s),usertime(s),memory(GB)
380.09666299819946,409.157126,106.11456,303.042566,0.731903076171875
422.2510094642639,454.501109,118.29457300000001,336.20653599999997,0.7427864074707031
424.4460310935974,456.864289,118.400521,338.46376799999996,0.7433319091796875
423.82605624198914,456.332733,118.16441900000001,338.168314,0.7433319091796875
420.40243101119995,452.63836900000007,117.94242300000002,334.69594600000005,0.7433319091796875
419.37224221229553,451.398675,117.06583899999998,334.33283600000004,0.7433319091796875
419.65816378593445,451.7770079999999,117.47855500000003,334.2984529999999,0.7433319091796875
409.6884717941284,441.0021430000003,115.00476300000003,325.99738000000025,0.7433319091796875
