walltime(s),cputime(s),systime(s),usertime(s),memory(GB)
323.5229456424713,354.070869,90.57845999999999,263.492409,0.5053672790527344
327.452849149704,357.955945,91.592979,266.362966,0.5059165954589844
327.13221549987793,357.61466199999995,90.42126099999999,267.193401,0.5067901611328125
327.3259320259094,357.79245,89.801807,267.990643,0.5069389343261719
327.0676076412201,357.57005,90.346205,267.223845,0.5069465637207031
327.18034052848816,357.69819800000005,90.04081399999995,267.6573840000001,0.5070915222167969
325.0605309009552,355.2301530000001,89.01171699999998,266.2184360000001,0.5071029663085938
327.4612500667572,358.05089599999997,90.30062300000009,267.7502729999999,0.5071029663085938
327.0035321712494,357.53979800000013,90.27749600000004,267.2623020000001,0.5071029663085938
327.03884291648865,357.5722099999998,89.89280800000006,267.67940199999975,0.50714111328125
327.3378310203552,357.8613309999997,89.23394199999996,268.62738899999977,0.50714111328125
