walltime(s),cputime(s),systime(s),usertime(s),memory(GB)
2987.2896361351013,3280.2774249999998,1012.376096,2267.901329,2.3521766662597656
