walltime(s),cputime(s),systime(s),usertime(s),memory(GB)
145.69737815856934,158.318577,38.066964,120.251613,0.3247795104980469
149.1526815891266,161.98579099999998,37.94631499999999,124.039476,0.32567596435546875
149.1336121559143,161.90460899999997,37.338415999999995,124.56619299999997,0.3258857727050781
149.83072209358215,162.630162,38.26344900000001,124.366713,0.32599639892578125
149.80048632621765,162.60159199999993,37.669894,124.93169799999993,0.32599639892578125
149.02588200569153,161.80822799999993,37.79077699999999,124.01745099999994,0.3260040283203125
149.2292835712433,162.03476599999996,37.061993,124.97277299999996,0.3260040283203125
147.0337996482849,159.57212099999998,37.920867999999984,121.651253,0.32610321044921875
149.14693093299866,161.97022099999992,37.89058299999999,124.07963799999993,0.32610321044921875
149.9870421886444,162.81246900000002,38.16108700000001,124.65138200000001,0.32610321044921875
149.59417366981506,162.40038000000015,37.206800000000044,125.19358000000011,0.32611083984375
149.40456581115723,162.23953500000005,38.13418100000001,124.10535400000003,0.32611083984375
149.64066553115845,162.48143600000003,38.102536999999984,124.37889900000005,0.32611083984375
149.57633352279663,162.4154020000002,38.25583500000005,124.15956700000015,0.3261146545410156
150.11655688285828,162.9614210000001,37.68171399999994,125.27970700000014,0.3261146545410156
149.48841762542725,162.3481700000002,37.7441510000001,124.60401900000011,0.32611846923828125
149.5232331752777,162.34503399999983,37.25193999999999,125.09309399999984,0.32611846923828125
149.51664280891418,162.31524200000024,38.30334099999993,124.01190100000031,0.3261222839355469
150.25094437599182,163.11211699999967,38.584789,124.52732799999967,0.3261222839355469
149.84964108467102,162.6637239999999,37.690246,124.97347799999989,0.3261222839355469
149.18973231315613,162.00936500000012,37.95440299999996,124.05496200000016,0.32625579833984375
149.0890166759491,161.89493700000003,38.58828700000004,123.30664999999999,0.32625579833984375
149.2901120185852,162.07613400000002,38.27270499999997,123.80342900000005,0.32627105712890625
148.50307512283325,161.2800599999997,37.78436900000008,123.49569099999962,0.32627105712890625
