walltime(s),cputime(s),systime(s),usertime(s),memory(GB)
241.97614860534668,256.36205,72.324183,184.037867,0.5758094787597656
248.42239952087402,262.927599,71.730739,191.19686,0.5758094787597656
248.8829596042633,263.920325,71.69361900000001,192.22670599999998,0.5758094787597656
250.86900568008423,265.71257399999996,72.50776400000001,193.20480999999995,0.5758094787597656
251.1508708000183,265.72384299999993,72.66991100000001,193.05393199999992,0.5758094787597656
250.17049479484558,264.7344580000001,72.67978099999999,192.05467700000008,0.5758094787597656
250.43955492973328,265.14426000000014,72.99215900000002,192.15210100000013,0.5758094787597656
248.81292986869812,263.54300200000006,72.96065300000004,190.58234900000002,0.5758094787597656
247.49855089187622,262.1537239999999,72.06923799999993,190.08448599999997,0.5758094787597656
246.5329306125641,261.99831299999994,71.09001999999998,190.90829299999996,0.5758094787597656
247.0798535346985,263.049133,71.24071800000002,191.80841499999997,0.5758094787597656
241.89453792572021,258.19289500000025,69.2680630000001,188.92483200000015,0.5758094787597656
236.97074556350708,253.18643599999996,69.29112699999996,183.895309,0.5758094787597656
235.058598279953,251.8009259999999,67.46805399999994,184.33287199999995,0.5758094787597656
