walltime(s),cputime(s),systime(s),usertime(s),memory(GB)
452.6917004585266,494.912078,150.759953,344.152125,0.5132408142089844
453.8303210735321,496.160235,150.10751500000003,346.05271999999997,0.5135574340820312
452.19120025634766,494.3973139999999,150.47230299999995,343.9250109999999,0.5138053894042969
453.90559124946594,496.224209,149.157786,347.066423,0.5138092041015625
453.88499665260315,496.23219400000016,150.01423999999997,346.2179540000002,0.5139808654785156
452.86235666275024,496.76122999999995,151.91169000000002,344.84953999999993,0.5139808654785156
453.02559328079224,496.26103399999977,151.95398699999998,344.3070469999998,0.5139808654785156
