walltime(s),cputime(s),systime(s),usertime(s),memory(GB)
1150.9411544799805,1256.114214,339.803269,916.310945,1.1786003112792969
1126.7557928562164,1230.2872739999998,325.931511,904.3557629999999,1.1871986389160156
31644.985446453094,1243.4773369999998,335.2464719999999,908.2308649999998,1.1877212524414062
