walltime(s),cputime(s),systime(s),usertime(s),memory(GB)
1137.400957107544,1211.66522,359.305608,852.3596120000001,1.8550834655761719
1136.9700083732605,1211.0163029999999,357.80228399999993,853.2140189999999,1.8573760986328125
1102.6579101085663,1181.3921639999999,345.877439,835.514725,1.8612518310546875
