walltime(s),cputime(s),systime(s),usertime(s),memory(GB)
225.5663239955902,241.057962,64.298169,176.759793,0.48246002197265625
233.1117808818817,248.758105,65.331474,183.42663100000001,0.48246002197265625
233.4422459602356,248.35195999999996,65.789893,182.56206699999996,0.48246002197265625
234.13408088684082,249.45510100000007,66.19863700000002,183.25646400000005,0.48246002197265625
235.08839559555054,250.1610349999999,67.187161,182.9738739999999,0.48246002197265625
232.9674916267395,248.098841,67.22661600000004,180.87222499999996,0.48246002197265625
234.23358798027039,249.34998299999978,67.06662999999998,182.2833529999998,0.48246002197265625
233.47957158088684,248.6987200000001,66.06891500000006,182.62980500000003,0.48246002197265625
234.02225303649902,249.21075999999994,66.51836200000002,182.6923979999999,0.48246002197265625
234.15767359733582,249.22314999999992,67.14658799999995,182.07656199999997,0.48246002197265625
227.65526366233826,242.45180500000004,65.70401200000003,176.747793,0.48246002197265625
225.86419916152954,240.93284399999993,65.07627400000001,175.85656999999992,0.48246002197265625
224.91108393669128,239.99066399999992,64.87392,175.11674399999993,0.48246002197265625
223.69580698013306,239.20360200000005,63.51114000000007,175.69246199999998,0.48246002197265625
213.15845441818237,228.81962,59.86170100000004,168.95791899999995,0.48246002197265625
