walltime(s),cputime(s),systime(s),usertime(s),memory(GB)
282.2610938549042,306.829318,85.786351,221.042967,0.7213973999023438
283.7179961204529,308.319889,84.047298,224.272591,0.7213973999023438
283.69274640083313,308.4163769999999,86.31348399999999,222.10289299999994,0.7213973999023438
284.00279450416565,309.04480100000006,85.55521500000003,223.48958600000003,0.7213973999023438
284.05607652664185,308.8197630000001,84.54925300000002,224.27051000000006,0.7214927673339844
284.2276334762573,308.89988700000015,84.70041200000003,224.19947500000012,0.7215652465820312
287.62437915802,311.2023249999999,85.65375499999999,225.54856999999993,0.7215652465820312
284.01063108444214,308.724251,85.04381000000001,223.68044099999997,0.7215652465820312
284.0739049911499,308.845059,85.01636699999995,223.82869200000005,0.7215652465820312
283.9006404876709,308.37277900000004,84.40524899999991,223.96753000000012,0.7215652465820312
283.9018175601959,308.6477249999999,85.51195999999993,223.135765,0.7215652465820312
284.3452036380768,309.2494389999997,84.41127400000005,224.83816499999966,0.7216300964355469
