walltime(s),cputime(s),systime(s),usertime(s),memory(GB)
149.6640374660492,162.416444,37.172079999999994,125.244364,0.3261871337890625
150.74370646476746,163.50778899999997,37.65427199999999,125.85351699999998,0.3267936706542969
150.43114757537842,163.19419399999998,36.77926600000001,126.41492799999997,0.32686614990234375
150.30673599243164,163.061688,36.955174000000014,126.106514,0.3271522521972656
149.99430799484253,162.75246,37.87397300000001,124.878487,0.3273353576660156
150.48272943496704,163.27378999999996,37.91115400000001,125.36263599999995,0.3273353576660156
150.36301040649414,163.15108100000006,37.544786000000016,125.60629500000005,0.3273353576660156
145.8164258003235,158.15444300000001,37.023045000000025,121.13139799999999,0.3273735046386719
150.4216730594635,163.18911900000012,37.327586999999994,125.86153200000012,0.3273735046386719
150.3167040348053,163.05325299999993,37.18489499999998,125.86835799999994,0.3273735046386719
150.25489139556885,163.01594499999982,37.607421999999985,125.40852299999983,0.3275489807128906
150.37122869491577,163.1407610000001,37.32101699999998,125.81974400000013,0.3275718688964844
150.36632251739502,163.1317699999999,37.76437000000004,125.36739999999986,0.3275718688964844
150.33747458457947,163.11152500000003,37.328066000000035,125.783459,0.3275718688964844
150.09356379508972,162.86539900000002,37.72407799999996,125.14132100000006,0.3275718688964844
150.0509352684021,162.8129110000001,37.24136099999998,125.57155000000012,0.3275718688964844
150.31772804260254,163.10592800000006,37.9325970000001,125.17333099999996,0.3275718688964844
150.27476596832275,163.0812950000003,38.051440999999954,125.02985400000034,0.3275718688964844
150.2247064113617,163.0228830000002,37.27876600000002,125.74411700000019,0.3275718688964844
150.3708415031433,163.15243399999997,36.87932699999999,126.27310699999998,0.3275794982910156
150.39021944999695,163.21350700000005,37.40551500000004,125.80799200000001,0.3275794982910156
149.917653799057,162.68784100000005,38.329522999999995,124.35831800000005,0.3275794982910156
150.29871559143066,163.074567,37.85948700000006,125.21507999999994,0.3275794982910156
150.52944135665894,163.207941,37.473929999999996,125.73401100000001,0.3275794982910156
