walltime(s),cputime(s),systime(s),usertime(s),memory(GB)
133.06615900993347,144.970459,35.779494,109.190965,0.32028961181640625
134.05257725715637,145.848648,35.312891,110.53575699999999,0.32028961181640625
134.02511739730835,145.92173100000002,35.868095,110.05363600000001,0.32028961181640625
134.00895524024963,145.93462899999997,35.69779399999999,110.23683499999999,0.32028961181640625
133.59003496170044,145.48497200000006,35.454109999999986,110.03086200000007,0.32028961181640625
134.20838832855225,146.15340200000006,34.56382399999998,111.58957800000007,0.32028961181640625
133.927175283432,145.82049600000002,35.26871700000001,110.55177900000001,0.32028961181640625
133.5942554473877,145.4680559999999,35.33515299999996,110.13290299999994,0.32028961181640625
129.60176849365234,141.093926,34.374611999999956,106.71931400000005,0.32028961181640625
134.0174536705017,145.935029,35.069345,110.86568399999999,0.32028961181640625
133.8844757080078,145.81875799999978,35.697722,110.12103599999978,0.32028961181640625
133.91474890708923,145.79698600000012,35.00537300000002,110.7916130000001,0.32028961181640625
133.91397047042847,145.83502100000015,36.314648999999974,109.52037200000018,0.32028961181640625
133.8662109375,145.82188099999996,34.999190999999996,110.82268999999997,0.32028961181640625
133.9747588634491,145.87989299999992,35.51245299999994,110.36743999999999,0.32028961181640625
133.6586673259735,145.57972099999995,36.07998699999996,109.49973399999999,0.32028961181640625
133.8707995414734,145.77502700000014,35.68302100000005,110.09200600000008,0.32028961181640625
133.9455704689026,145.87610299999994,35.89677399999994,109.979329,0.32028961181640625
133.82207036018372,145.7373190000003,35.10204500000009,110.63527400000021,0.32028961181640625
133.89305901527405,145.79754800000012,35.22590099999991,110.57164700000021,0.32028961181640625
133.89402556419373,145.81437500000015,35.76109999999994,110.05327500000021,0.32028961181640625
133.823002576828,145.74992800000007,35.81778900000006,109.932139,0.32028961181640625
133.8132746219635,145.7598720000001,35.567184,110.19268800000009,0.32028961181640625
133.93716311454773,145.85013100000015,35.818624,110.03150700000015,0.32028961181640625
133.77512979507446,145.6911459999999,34.79628600000001,110.89485999999988,0.32028961181640625
133.85874724388123,145.763514,35.65774299999998,110.105771,0.32028961181640625
