walltime(s),cputime(s),systime(s),usertime(s),memory(GB)
2298.1128962039948,2450.577377,688.767599,1761.809778,3.3127975463867188
