walltime(s),cputime(s),systime(s),usertime(s),memory(GB)
639.2367792129517,683.329796,153.678213,529.651583,1.7282485961914062
663.8103885650635,707.89583,156.965183,550.930647,2.1204833984375
643.6571967601776,689.1628140000003,149.87740200000002,539.2854120000002,2.1204833984375
630.8124413490295,679.1364629999999,144.68258400000002,534.4538789999999,2.1204833984375
604.7109160423279,652.0208729999998,137.89965500000005,514.1212179999998,2.1204833984375
