walltime(s),cputime(s),systime(s),usertime(s),memory(GB)
166.7106146812439,182.237803,7.005916,175.231887,1.7533035278320312
167.8854525089264,183.63812800000002,7.487006000000001,176.15112200000002,1.7961273193359375
166.4304599761963,182.404861,7.563590999999999,174.84127,1.7961273193359375
166.1811008453369,181.266592,7.200038000000003,174.066554,1.7961273193359375
155.69181108474731,170.16544699999997,6.837135,163.32831199999998,1.7963142395019531
156.07441639900208,170.50370600000008,6.766070999999997,163.73763500000007,1.7963142395019531
150.70162081718445,165.5582880000001,6.934085000000003,158.62420300000008,1.7963142395019531
144.8116796016693,159.3422330000001,6.316875000000003,153.0253580000001,1.7963142395019531
144.3276596069336,158.3412290000001,6.210375999999997,152.13085300000012,1.7963142395019531
144.8746213912964,159.20457699999997,6.637785999999998,152.56679099999997,1.7963142395019531
140.21497297286987,153.75206400000008,6.099986000000001,147.65207800000007,1.7963142395019531
137.33353424072266,150.6715599999999,6.180295000000001,144.49126499999988,1.7963142395019531
137.28443503379822,150.36849800000027,5.816376000000005,144.55212200000028,1.7963142395019531
138.15099263191223,152.47772299999968,6.545772999999997,145.9319499999997,1.7963142395019531
137.80860805511475,151.62920999999977,6.758352000000002,144.87085799999977,1.7963142395019531
138.29363298416138,152.41460299999977,6.510507000000004,145.90409599999975,1.7963142395019531
137.69022822380066,151.25170800000012,6.223202000000001,145.0285060000001,1.7963142395019531
137.8143186569214,151.2109440000001,6.044782999999995,145.1661610000001,1.7963142395019531
138.23880124092102,152.13812400000023,6.406412000000003,145.73171200000024,1.7963142395019531
143.06085777282715,157.00073400000014,6.361957000000004,150.63877700000012,1.7963142395019531
148.9231252670288,162.73835300000013,6.087778000000014,156.65057500000012,1.7963142395019531
154.39680433273315,169.4919379999999,6.709740000000011,162.78219799999988,1.7963142395019531
157.56901931762695,175.13828200000006,7.917039999999986,167.22124200000007,1.7963142395019531
158.49241042137146,178.12758999999963,8.653385999999983,169.47420399999965,1.7963142395019531
